{"uuid": "e319916d-e49a-44af-be2a-f3be35a61705", "depth": 1, "splittingAttirbute": "ancurl.com", "children": [{"uuid": "6aa6e5a4-a9b4-4d32-926e-04d6145d23e5", "depth": 2, "parent_uuid": "e319916d-e49a-44af-be2a-f3be35a61705", "splittingValue": "0.0", "splittingAttirbute": "url.ads", "children": [{"uuid": "ae086238-04b1-4a2c-b433-a3a80e28f0a5", "depth": 3, "parent_uuid": "6aa6e5a4-a9b4-4d32-926e-04d6145d23e5", "splittingValue": "0.0", "splittingAttirbute": "ancurl.click", "children": [{"uuid": "c4de8da9-25fe-4354-8d8a-35ae048236a7", "depth": 4, "parent_uuid": "ae086238-04b1-4a2c-b433-a3a80e28f0a5", "splittingValue": "0.0", "splittingAttirbute": "ancurl.uk", "children": [{"uuid": "1a586e7b-e47d-41a0-8a48-97d455f3f2d3", "depth": 5, "parent_uuid": "c4de8da9-25fe-4354-8d8a-35ae048236a7", "splittingValue": "0.0", "splittingAttirbute": "ancurl.adclick", "children": [{"uuid": "cc1ef134-c1f7-4eab-a575-9d5e950241e5", "depth": 6, "parent_uuid": "1a586e7b-e47d-41a0-8a48-97d455f3f2d3", "splittingValue": "0.0", "children": [], "isLeaf": true, "prediction": 0.0}, {"uuid": "05c258a4-a7f5-401a-a793-912c215a358b", "depth": 6, "parent_uuid": "1a586e7b-e47d-41a0-8a48-97d455f3f2d3", "splittingValue": "1.0", "children": [], "isLeaf": true, "prediction": 1.0}], "isLeaf": false}, {"uuid": "0c76f6a4-3434-4ec9-a8b6-80ba1e41f9df", "depth": 5, "parent_uuid": "c4de8da9-25fe-4354-8d8a-35ae048236a7", "splittingValue": "1.0", "children": [], "isLeaf": true, "prediction": 1.0}], "isLeaf": false}, {"uuid": "be1636ce-053b-4507-ac36-92450c7c6756", "depth": 4, "parent_uuid": "ae086238-04b1-4a2c-b433-a3a80e28f0a5", "splittingValue": "1.0", "children": [], "isLeaf": true, "prediction": 1.0}], "isLeaf": false}, {"uuid": "20fddb3d-fa0e-4a7f-b4a0-18891fb3a9c5", "depth": 3, "parent_uuid": "6aa6e5a4-a9b4-4d32-926e-04d6145d23e5", "splittingValue": "1.0", "splittingAttirbute": "url.banners", "children": [{"uuid": "925c2520-6c47-4b81-8e95-db70a0791fc2", "depth": 4, "parent_uuid": "20fddb3d-fa0e-4a7f-b4a0-18891fb3a9c5", "splittingValue": "0.0", "splittingAttirbute": "origurl.football", "children": [{"uuid": "b20a3dd2-4412-42d4-9449-452caa26a417", "depth": 5, "parent_uuid": "925c2520-6c47-4b81-8e95-db70a0791fc2", "splittingValue": "0.0", "children": [], "isLeaf": true, "prediction": 1.0}, {"uuid": "44af09ec-eeae-4a44-b98c-e278f206f4e0", "depth": 5, "parent_uuid": "925c2520-6c47-4b81-8e95-db70a0791fc2", "splittingValue": "1.0", "children": [], "isLeaf": true, "prediction": 0.0}], "isLeaf": false}, {"uuid": "8683f7ae-7e55-445c-92a3-30f0babe9eae", "depth": 4, "parent_uuid": "20fddb3d-fa0e-4a7f-b4a0-18891fb3a9c5", "splittingValue": "1.0", "children": [], "isLeaf": true, "prediction": 0.0}], "isLeaf": false}], "isLeaf": false}, {"uuid": "3a039496-b83f-42b1-9c66-693013a71efd", "depth": 2, "parent_uuid": "e319916d-e49a-44af-be2a-f3be35a61705", "splittingValue": "1.0", "splittingAttirbute": "url.members.tripod.com", "children": [{"uuid": "5153a17f-0809-4480-9513-d398798f723e", "depth": 3, "parent_uuid": "3a039496-b83f-42b1-9c66-693013a71efd", "splittingValue": "0.0", "splittingAttirbute": "origurl.www.news.observer.com", "children": [{"uuid": "ce1f8a55-8bf0-43e0-b702-418685f9dd1c", "depth": 4, "parent_uuid": "5153a17f-0809-4480-9513-d398798f723e", "splittingValue": "0.0", "children": [], "isLeaf": true, "prediction": 1.0}, {"uuid": "5a56ee1b-47dd-42c8-a745-6752e2a24b69", "depth": 4, "parent_uuid": "5153a17f-0809-4480-9513-d398798f723e", "splittingValue": "1.0", "children": [], "isLeaf": true, "prediction": 0.0}], "isLeaf": false}, {"uuid": "f6df5553-a276-43c9-83dc-28accdefb169", "depth": 3, "parent_uuid": "3a039496-b83f-42b1-9c66-693013a71efd", "splittingValue": "1.0", "children": [], "isLeaf": true, "prediction": 0.0}], "isLeaf": false}], "isLeaf": false}