{"uuid": "4aaec808-97dd-4739-9d8b-0c02a7d7fffa", "depth": 1, "splittingAttirbute": "ancurl.com", "children": [{"uuid": "31cac3a8-0306-43f6-8c66-94b93f1dec26", "depth": 2, "parent_uuid": "4aaec808-97dd-4739-9d8b-0c02a7d7fffa", "splittingValue": "0.0", "splittingAttirbute": "url.ads", "children": [{"uuid": "898d2d97-920e-43de-87b6-e8060af4eee4", "depth": 3, "parent_uuid": "31cac3a8-0306-43f6-8c66-94b93f1dec26", "splittingValue": "0.0", "splittingAttirbute": "ancurl.click", "children": [{"uuid": "2e40b716-4500-429c-bbdb-84dee75351f3", "depth": 4, "parent_uuid": "898d2d97-920e-43de-87b6-e8060af4eee4", "splittingValue": "0.0", "splittingAttirbute": "ancurl.uk", "children": [{"uuid": "048661cb-2464-4846-9c81-b68a5f41434d", "depth": 5, "parent_uuid": "2e40b716-4500-429c-bbdb-84dee75351f3", "splittingValue": "0.0", "splittingAttirbute": "ancurl.adclick", "children": [{"uuid": "bc84f6b9-e8b2-442f-aaaf-edcba664f724", "depth": 6, "parent_uuid": "048661cb-2464-4846-9c81-b68a5f41434d", "splittingValue": "0.0", "splittingAttirbute": "ancurl.http.www", "children": [{"uuid": "a0a26c07-8e95-4b29-8c62-c26bba537f7b", "depth": 7, "parent_uuid": "bc84f6b9-e8b2-442f-aaaf-edcba664f724", "splittingValue": "0.0", "splittingAttirbute": "origurl.jun", "children": [{"uuid": "880ffbee-c23e-477f-bff2-ad01ce7f43ad", "depth": 8, "parent_uuid": "a0a26c07-8e95-4b29-8c62-c26bba537f7b", "splittingValue": "0.0", "splittingAttirbute": "url.memberbanners", "children": [{"uuid": "12c3a829-de00-4255-8753-7bc7f5ac69a6", "depth": 9, "parent_uuid": "880ffbee-c23e-477f-bff2-ad01ce7f43ad", "splittingValue": "0.0", "splittingAttirbute": "alt.visit.our", "children": [{"uuid": "0b45d10a-6b46-40e4-8553-a9bb907e287e", "depth": 10, "parent_uuid": "12c3a829-de00-4255-8753-7bc7f5ac69a6", "splittingValue": "0.0", "splittingAttirbute": "ancurl.go", "children": [{"uuid": "f048d35c-4ccc-4e79-9ab7-42e2c55589f3", "depth": 11, "parent_uuid": "0b45d10a-6b46-40e4-8553-a9bb907e287e", "splittingValue": "0.0", "splittingAttirbute": "url.doubleclick.net", "children": [{"uuid": "09003523-da12-483e-8dcc-5d20098b52e9", "depth": 12, "parent_uuid": "f048d35c-4ccc-4e79-9ab7-42e2c55589f3", "splittingValue": "0.0", "splittingAttirbute": "url.banners", "children": [{"uuid": "a1ea88a0-3379-440e-8e0c-5107a08e5127", "depth": 13, "parent_uuid": "09003523-da12-483e-8dcc-5d20098b52e9", "splittingValue": "0.0", "splittingAttirbute": "url.msn.com", "children": [{"uuid": "d17fd5b0-b7ce-4806-aa1d-73be3d6e8d26", "depth": 14, "parent_uuid": "a1ea88a0-3379-440e-8e0c-5107a08e5127", "splittingValue": "0.0", "splittingAttirbute": "origurl.www.thriveonline.com", "children": [{"uuid": "d47b281e-b7d2-49d9-965e-01d1acb46d68", "depth": 15, "parent_uuid": "d17fd5b0-b7ce-4806-aa1d-73be3d6e8d26", "splittingValue": "0.0", "splittingAttirbute": "origurl.home.netscape.com", "children": [{"uuid": "46da85a3-9144-465c-9026-b4f749cde7a7", "depth": 16, "parent_uuid": "d47b281e-b7d2-49d9-965e-01d1acb46d68", "splittingValue": "0.0", "children": [], "isLeaf": true, "prediction": 0.0}, {"uuid": "fff41258-9a9e-4bb9-b65b-ac08aab1259b", "depth": 16, "parent_uuid": "d47b281e-b7d2-49d9-965e-01d1acb46d68", "splittingValue": "1.0", "children": [], "isLeaf": true, "prediction": 1.0}], "isLeaf": false}, {"uuid": "5dacbc54-130d-402f-a1d1-36e25377c9dd", "depth": 15, "parent_uuid": "d17fd5b0-b7ce-4806-aa1d-73be3d6e8d26", "splittingValue": "1.0", "children": [], "isLeaf": true, "prediction": 1.0}], "isLeaf": false}, {"uuid": "fa93503b-85c9-4708-acb9-8a9d4cacfeb3", "depth": 14, "parent_uuid": "a1ea88a0-3379-440e-8e0c-5107a08e5127", "splittingValue": "1.0", "children": [], "isLeaf": true, "prediction": 1.0}], "isLeaf": false}, {"uuid": "6af0f99f-78e6-42a4-9382-204874750d46", "depth": 13, "parent_uuid": "09003523-da12-483e-8dcc-5d20098b52e9", "splittingValue": "1.0", "children": [], "isLeaf": true, "prediction": 1.0}], "isLeaf": false}, {"uuid": "494c9cf4-4568-4e1b-962f-df8786aa09ab", "depth": 12, "parent_uuid": "f048d35c-4ccc-4e79-9ab7-42e2c55589f3", "splittingValue": "1.0", "children": [], "isLeaf": true, "prediction": 1.0}], "isLeaf": false}, {"uuid": "9f2cec3d-818e-4c18-94c5-e9fb925d3445", "depth": 11, "parent_uuid": "0b45d10a-6b46-40e4-8553-a9bb907e287e", "splittingValue": "1.0", "children": [], "isLeaf": true, "prediction": 1.0}], "isLeaf": false}, {"uuid": "786f95a2-8828-4001-b3c2-da0f4733b319", "depth": 10, "parent_uuid": "12c3a829-de00-4255-8753-7bc7f5ac69a6", "splittingValue": "1.0", "children": [], "isLeaf": true, "prediction": 1.0}], "isLeaf": false}, {"uuid": "df142365-273b-46d9-8a3b-33fe2e0e81a9", "depth": 9, "parent_uuid": "880ffbee-c23e-477f-bff2-ad01ce7f43ad", "splittingValue": "1.0", "children": [], "isLeaf": true, "prediction": 1.0}], "isLeaf": false}, {"uuid": "692a9468-3c2f-49ce-9516-7fb06ad4dc24", "depth": 8, "parent_uuid": "a0a26c07-8e95-4b29-8c62-c26bba537f7b", "splittingValue": "1.0", "children": [], "isLeaf": true, "prediction": 1.0}], "isLeaf": false}, {"uuid": "90c8e25d-2d4d-472b-8743-4d474525c415", "depth": 7, "parent_uuid": "bc84f6b9-e8b2-442f-aaaf-edcba664f724", "splittingValue": "1.0", "children": [], "isLeaf": true, "prediction": 1.0}], "isLeaf": false}, {"uuid": "9610923b-a22e-4582-91ae-7f66c1e08e61", "depth": 6, "parent_uuid": "048661cb-2464-4846-9c81-b68a5f41434d", "splittingValue": "1.0", "children": [], "isLeaf": true, "prediction": 1.0}], "isLeaf": false}, {"uuid": "35dc252c-3fca-44ce-a28b-85e7f891389d", "depth": 5, "parent_uuid": "2e40b716-4500-429c-bbdb-84dee75351f3", "splittingValue": "1.0", "children": [], "isLeaf": true, "prediction": 1.0}], "isLeaf": false}, {"uuid": "5ddfee66-679b-447d-bdd2-ba8b95864ceb", "depth": 4, "parent_uuid": "898d2d97-920e-43de-87b6-e8060af4eee4", "splittingValue": "1.0", "children": [], "isLeaf": true, "prediction": 1.0}], "isLeaf": false}, {"uuid": "01a12842-b096-48a2-8efa-9df495bd759c", "depth": 3, "parent_uuid": "31cac3a8-0306-43f6-8c66-94b93f1dec26", "splittingValue": "1.0", "splittingAttirbute": "url.banners", "children": [{"uuid": "d9309af4-9bb8-4beb-ab2b-75cdde1cd028", "depth": 4, "parent_uuid": "01a12842-b096-48a2-8efa-9df495bd759c", "splittingValue": "0.0", "splittingAttirbute": "origurl.football", "children": [{"uuid": "f39b6720-3224-4712-be5b-91a249d6697d", "depth": 5, "parent_uuid": "d9309af4-9bb8-4beb-ab2b-75cdde1cd028", "splittingValue": "0.0", "children": [], "isLeaf": true, "prediction": 1.0}, {"uuid": "757075f2-91ff-4926-99ca-c0118873a780", "depth": 5, "parent_uuid": "d9309af4-9bb8-4beb-ab2b-75cdde1cd028", "splittingValue": "1.0", "children": [], "isLeaf": true, "prediction": 0.0}], "isLeaf": false}, {"uuid": "93071e4f-03d3-4f63-9b67-87b6b190d1d4", "depth": 4, "parent_uuid": "01a12842-b096-48a2-8efa-9df495bd759c", "splittingValue": "1.0", "children": [], "isLeaf": true, "prediction": 0.0}], "isLeaf": false}], "isLeaf": false}, {"uuid": "517b9fe4-febb-4328-9299-1b4ef5e7de98", "depth": 2, "parent_uuid": "4aaec808-97dd-4739-9d8b-0c02a7d7fffa", "splittingValue": "1.0", "splittingAttirbute": "url.members.tripod.com", "children": [{"uuid": "95297a39-6e9d-43fd-93e6-b64fd39ddcdd", "depth": 3, "parent_uuid": "517b9fe4-febb-4328-9299-1b4ef5e7de98", "splittingValue": "0.0", "splittingAttirbute": "origurl.www.news.observer.com", "children": [{"uuid": "7307d8ed-f8fa-436e-b898-fc329a063399", "depth": 4, "parent_uuid": "95297a39-6e9d-43fd-93e6-b64fd39ddcdd", "splittingValue": "0.0", "children": [], "isLeaf": true, "prediction": 1.0}, {"uuid": "c5467535-22cf-45b8-86ab-14a3e9727166", "depth": 4, "parent_uuid": "95297a39-6e9d-43fd-93e6-b64fd39ddcdd", "splittingValue": "1.0", "children": [], "isLeaf": true, "prediction": 0.0}], "isLeaf": false}, {"uuid": "02ae39cc-1e1c-455e-a45e-0e26491d7735", "depth": 3, "parent_uuid": "517b9fe4-febb-4328-9299-1b4ef5e7de98", "splittingValue": "1.0", "children": [], "isLeaf": true, "prediction": 0.0}], "isLeaf": false}], "isLeaf": false}