{"uuid": "786f5a2b-6892-4228-a2c0-ce63d4a64e2b", "depth": 1, "splittingAttirbute": "ancurl.com", "children": [{"uuid": "a163f6c1-da00-4884-b322-08eb81378345", "depth": 2, "parent_uuid": "786f5a2b-6892-4228-a2c0-ce63d4a64e2b", "splittingValue": "0.0", "splittingAttirbute": "url.ads", "children": [{"uuid": "cc755d6f-e8eb-4efd-a5d9-753af573f971", "depth": 3, "parent_uuid": "a163f6c1-da00-4884-b322-08eb81378345", "splittingValue": "0.0", "splittingAttirbute": "ancurl.click", "children": [{"uuid": "e1cb04c0-45e8-4094-a5ff-6059cf91afc6", "depth": 4, "parent_uuid": "cc755d6f-e8eb-4efd-a5d9-753af573f971", "splittingValue": "0.0", "splittingAttirbute": "ancurl.uk", "children": [{"uuid": "4f89ec7e-ee53-43f4-bc69-79db7504c9ef", "depth": 5, "parent_uuid": "e1cb04c0-45e8-4094-a5ff-6059cf91afc6", "splittingValue": "0.0", "splittingAttirbute": "ancurl.adclick", "children": [{"uuid": "c91d9dad-e958-4c1e-8fde-6b063bc889c0", "depth": 6, "parent_uuid": "4f89ec7e-ee53-43f4-bc69-79db7504c9ef", "splittingValue": "0.0", "splittingAttirbute": "ancurl.http.www", "children": [{"uuid": "9782de36-fb16-4052-9efe-5f862bbb01eb", "depth": 7, "parent_uuid": "c91d9dad-e958-4c1e-8fde-6b063bc889c0", "splittingValue": "0.0", "splittingAttirbute": "origurl.jun", "children": [{"uuid": "33c3331e-709d-4fb3-8504-45d6caec8ed4", "depth": 8, "parent_uuid": "9782de36-fb16-4052-9efe-5f862bbb01eb", "splittingValue": "0.0", "splittingAttirbute": "url.memberbanners", "children": [{"uuid": "58918064-ac47-4f6e-92aa-78d258ec1ce0", "depth": 9, "parent_uuid": "33c3331e-709d-4fb3-8504-45d6caec8ed4", "splittingValue": "0.0", "splittingAttirbute": "alt.visit.our", "children": [{"uuid": "d075faa2-f3e9-4ee7-a144-e312cf51c14c", "depth": 10, "parent_uuid": "58918064-ac47-4f6e-92aa-78d258ec1ce0", "splittingValue": "0.0", "splittingAttirbute": "ancurl.go", "children": [{"uuid": "44c81ebf-c290-4fa9-8744-3aa94633d889", "depth": 11, "parent_uuid": "d075faa2-f3e9-4ee7-a144-e312cf51c14c", "splittingValue": "0.0", "splittingAttirbute": "url.doubleclick.net", "children": [{"uuid": "677cea76-c5b6-4677-88b7-93bccb7c76ff", "depth": 12, "parent_uuid": "44c81ebf-c290-4fa9-8744-3aa94633d889", "splittingValue": "0.0", "splittingAttirbute": "url.banners", "children": [{"uuid": "73a26f70-c734-4fcf-9ad7-1deb8e557278", "depth": 13, "parent_uuid": "677cea76-c5b6-4677-88b7-93bccb7c76ff", "splittingValue": "0.0", "splittingAttirbute": "url.msn.com", "children": [{"uuid": "ff3bba1b-595d-41d8-b983-d010c2bf9075", "depth": 14, "parent_uuid": "73a26f70-c734-4fcf-9ad7-1deb8e557278", "splittingValue": "0.0", "children": [], "isLeaf": true, "prediction": 0.0}, {"uuid": "8e7766a4-dd00-4d01-848a-4bc17040273b", "depth": 14, "parent_uuid": "73a26f70-c734-4fcf-9ad7-1deb8e557278", "splittingValue": "1.0", "children": [], "isLeaf": true, "prediction": 1.0}], "isLeaf": false}, {"uuid": "12acd851-5b70-4d92-b1c5-aa35a82fecfe", "depth": 13, "parent_uuid": "677cea76-c5b6-4677-88b7-93bccb7c76ff", "splittingValue": "1.0", "children": [], "isLeaf": true, "prediction": 1.0}], "isLeaf": false}, {"uuid": "3f50b2b5-8e4f-456d-a1c3-545cbf3fb272", "depth": 12, "parent_uuid": "44c81ebf-c290-4fa9-8744-3aa94633d889", "splittingValue": "1.0", "children": [], "isLeaf": true, "prediction": 1.0}], "isLeaf": false}, {"uuid": "b1c7bf8b-5555-4e71-9fb3-c4074f64f3b8", "depth": 11, "parent_uuid": "d075faa2-f3e9-4ee7-a144-e312cf51c14c", "splittingValue": "1.0", "children": [], "isLeaf": true, "prediction": 1.0}], "isLeaf": false}, {"uuid": "71501ac0-245f-471f-84aa-f0359da46076", "depth": 10, "parent_uuid": "58918064-ac47-4f6e-92aa-78d258ec1ce0", "splittingValue": "1.0", "children": [], "isLeaf": true, "prediction": 1.0}], "isLeaf": false}, {"uuid": "4d6578d9-539a-43ca-a535-a9c893a55c98", "depth": 9, "parent_uuid": "33c3331e-709d-4fb3-8504-45d6caec8ed4", "splittingValue": "1.0", "children": [], "isLeaf": true, "prediction": 1.0}], "isLeaf": false}, {"uuid": "7394dd8c-087a-4cf8-b9d4-2039e67e62b0", "depth": 8, "parent_uuid": "9782de36-fb16-4052-9efe-5f862bbb01eb", "splittingValue": "1.0", "children": [], "isLeaf": true, "prediction": 1.0}], "isLeaf": false}, {"uuid": "589b8b90-cac7-4232-9955-17dc614ab222", "depth": 7, "parent_uuid": "c91d9dad-e958-4c1e-8fde-6b063bc889c0", "splittingValue": "1.0", "children": [], "isLeaf": true, "prediction": 1.0}], "isLeaf": false}, {"uuid": "c8ab1c55-3a84-40a1-8785-e8b3ab3ed1e1", "depth": 6, "parent_uuid": "4f89ec7e-ee53-43f4-bc69-79db7504c9ef", "splittingValue": "1.0", "children": [], "isLeaf": true, "prediction": 1.0}], "isLeaf": false}, {"uuid": "a385aba3-ce4a-4e5d-9705-8e56b021cf20", "depth": 5, "parent_uuid": "e1cb04c0-45e8-4094-a5ff-6059cf91afc6", "splittingValue": "1.0", "children": [], "isLeaf": true, "prediction": 1.0}], "isLeaf": false}, {"uuid": "07eea47c-bdda-4d52-9e19-450504dcc195", "depth": 4, "parent_uuid": "cc755d6f-e8eb-4efd-a5d9-753af573f971", "splittingValue": "1.0", "children": [], "isLeaf": true, "prediction": 1.0}], "isLeaf": false}, {"uuid": "c8e7bcb6-4fa5-4589-89a5-c782915ef850", "depth": 3, "parent_uuid": "a163f6c1-da00-4884-b322-08eb81378345", "splittingValue": "1.0", "splittingAttirbute": "url.banners", "children": [{"uuid": "7c17aca3-9ccd-4dd0-aa9f-c4b78aa83ac8", "depth": 4, "parent_uuid": "c8e7bcb6-4fa5-4589-89a5-c782915ef850", "splittingValue": "0.0", "splittingAttirbute": "origurl.football", "children": [{"uuid": "25f76712-1060-48eb-a9f1-5c2c63fa1ce1", "depth": 5, "parent_uuid": "7c17aca3-9ccd-4dd0-aa9f-c4b78aa83ac8", "splittingValue": "0.0", "children": [], "isLeaf": true, "prediction": 1.0}, {"uuid": "43b6184b-dab0-4049-92a5-53adcd43b4a2", "depth": 5, "parent_uuid": "7c17aca3-9ccd-4dd0-aa9f-c4b78aa83ac8", "splittingValue": "1.0", "children": [], "isLeaf": true, "prediction": 0.0}], "isLeaf": false}, {"uuid": "8643a1f4-7499-4139-b411-c829dee4ea52", "depth": 4, "parent_uuid": "c8e7bcb6-4fa5-4589-89a5-c782915ef850", "splittingValue": "1.0", "children": [], "isLeaf": true, "prediction": 0.0}], "isLeaf": false}], "isLeaf": false}, {"uuid": "a93eecdb-d2d5-4268-8236-15707b6cf2b2", "depth": 2, "parent_uuid": "786f5a2b-6892-4228-a2c0-ce63d4a64e2b", "splittingValue": "1.0", "splittingAttirbute": "url.members.tripod.com", "children": [{"uuid": "3a67da27-d0c2-4c07-9241-64f8a7bdfbb7", "depth": 3, "parent_uuid": "a93eecdb-d2d5-4268-8236-15707b6cf2b2", "splittingValue": "0.0", "splittingAttirbute": "origurl.www.news.observer.com", "children": [{"uuid": "b2bd2b18-1075-4290-84c4-6bf18f248072", "depth": 4, "parent_uuid": "3a67da27-d0c2-4c07-9241-64f8a7bdfbb7", "splittingValue": "0.0", "children": [], "isLeaf": true, "prediction": 1.0}, {"uuid": "71d0064f-2471-419a-9a55-26c1d1eac730", "depth": 4, "parent_uuid": "3a67da27-d0c2-4c07-9241-64f8a7bdfbb7", "splittingValue": "1.0", "children": [], "isLeaf": true, "prediction": 0.0}], "isLeaf": false}, {"uuid": "462b7b43-abc9-40f6-a61a-ceec309850fe", "depth": 3, "parent_uuid": "a93eecdb-d2d5-4268-8236-15707b6cf2b2", "splittingValue": "1.0", "children": [], "isLeaf": true, "prediction": 0.0}], "isLeaf": false}], "isLeaf": false}