{"uuid": "ad1a2983-e707-4309-a563-2d7c10ced4a7", "depth": 1, "splittingAttirbute": "ancurl.com", "children": [{"uuid": "841449d6-24aa-48d5-a8aa-3d63104cc98f", "depth": 2, "parent_uuid": "ad1a2983-e707-4309-a563-2d7c10ced4a7", "splittingValue": "0.0", "splittingAttirbute": "url.ads", "children": [{"uuid": "7b4535da-166e-4470-865f-8b46cb81ea3a", "depth": 3, "parent_uuid": "841449d6-24aa-48d5-a8aa-3d63104cc98f", "splittingValue": "0.0", "splittingAttirbute": "ancurl.click", "children": [{"uuid": "351ce5de-0923-4d2c-a2e7-b58918569dd3", "depth": 4, "parent_uuid": "7b4535da-166e-4470-865f-8b46cb81ea3a", "splittingValue": "0.0", "splittingAttirbute": "ancurl.uk", "children": [{"uuid": "1c0f949b-4c76-4a30-9472-14d4c22f75cb", "depth": 5, "parent_uuid": "351ce5de-0923-4d2c-a2e7-b58918569dd3", "splittingValue": "0.0", "splittingAttirbute": "ancurl.adclick", "children": [{"uuid": "b40f1c7f-c727-4901-87ba-a4341e309965", "depth": 6, "parent_uuid": "1c0f949b-4c76-4a30-9472-14d4c22f75cb", "splittingValue": "0.0", "splittingAttirbute": "ancurl.http.www", "children": [{"uuid": "11970c68-fd4a-47bb-b56b-38591dc44261", "depth": 7, "parent_uuid": "b40f1c7f-c727-4901-87ba-a4341e309965", "splittingValue": "0.0", "splittingAttirbute": "origurl.jun", "children": [{"uuid": "e1dd17c2-ff47-4732-8700-da7e3e6eb208", "depth": 8, "parent_uuid": "11970c68-fd4a-47bb-b56b-38591dc44261", "splittingValue": "0.0", "splittingAttirbute": "url.memberbanners", "children": [{"uuid": "73b66302-8ff8-4362-918e-067ea8cacc2e", "depth": 9, "parent_uuid": "e1dd17c2-ff47-4732-8700-da7e3e6eb208", "splittingValue": "0.0", "splittingAttirbute": "alt.visit.our", "children": [{"uuid": "2404c7e8-c541-41a1-bd38-98e801ecb313", "depth": 10, "parent_uuid": "73b66302-8ff8-4362-918e-067ea8cacc2e", "splittingValue": "0.0", "splittingAttirbute": "ancurl.go", "children": [{"uuid": "97168569-3c3e-4d4b-8563-5be7bdc00541", "depth": 11, "parent_uuid": "2404c7e8-c541-41a1-bd38-98e801ecb313", "splittingValue": "0.0", "splittingAttirbute": "url.doubleclick.net", "children": [{"uuid": "7be16c9c-45b1-4aaa-9a42-3239f461f40d", "depth": 12, "parent_uuid": "97168569-3c3e-4d4b-8563-5be7bdc00541", "splittingValue": "0.0", "children": [], "isLeaf": true, "prediction": 0.0}, {"uuid": "f5e87b96-43f7-4cd6-92b0-24e132d493bc", "depth": 12, "parent_uuid": "97168569-3c3e-4d4b-8563-5be7bdc00541", "splittingValue": "1.0", "children": [], "isLeaf": true, "prediction": 1.0}], "isLeaf": false}, {"uuid": "c1da04f2-67e4-4b6a-aec7-84693bf6c65f", "depth": 11, "parent_uuid": "2404c7e8-c541-41a1-bd38-98e801ecb313", "splittingValue": "1.0", "children": [], "isLeaf": true, "prediction": 1.0}], "isLeaf": false}, {"uuid": "fc2483c7-bdb1-4ffb-9cbc-a7444993b144", "depth": 10, "parent_uuid": "73b66302-8ff8-4362-918e-067ea8cacc2e", "splittingValue": "1.0", "children": [], "isLeaf": true, "prediction": 1.0}], "isLeaf": false}, {"uuid": "96bdecb5-a5a9-4f84-b63a-b63ef8799212", "depth": 9, "parent_uuid": "e1dd17c2-ff47-4732-8700-da7e3e6eb208", "splittingValue": "1.0", "children": [], "isLeaf": true, "prediction": 1.0}], "isLeaf": false}, {"uuid": "4d986b0a-5c99-4d83-b485-b60f8c00cb94", "depth": 8, "parent_uuid": "11970c68-fd4a-47bb-b56b-38591dc44261", "splittingValue": "1.0", "children": [], "isLeaf": true, "prediction": 1.0}], "isLeaf": false}, {"uuid": "a1f8d397-211e-4c6a-b4be-3cf083c0f355", "depth": 7, "parent_uuid": "b40f1c7f-c727-4901-87ba-a4341e309965", "splittingValue": "1.0", "children": [], "isLeaf": true, "prediction": 1.0}], "isLeaf": false}, {"uuid": "441903ab-1109-45dc-abdc-937eb28b14c6", "depth": 6, "parent_uuid": "1c0f949b-4c76-4a30-9472-14d4c22f75cb", "splittingValue": "1.0", "children": [], "isLeaf": true, "prediction": 1.0}], "isLeaf": false}, {"uuid": "59631124-5a46-4a6d-b6d1-7315df12b578", "depth": 5, "parent_uuid": "351ce5de-0923-4d2c-a2e7-b58918569dd3", "splittingValue": "1.0", "children": [], "isLeaf": true, "prediction": 1.0}], "isLeaf": false}, {"uuid": "4518eb4d-345a-4c34-9582-60750baf55db", "depth": 4, "parent_uuid": "7b4535da-166e-4470-865f-8b46cb81ea3a", "splittingValue": "1.0", "children": [], "isLeaf": true, "prediction": 1.0}], "isLeaf": false}, {"uuid": "8558a931-cd60-4664-a650-e77ba3d09b0c", "depth": 3, "parent_uuid": "841449d6-24aa-48d5-a8aa-3d63104cc98f", "splittingValue": "1.0", "splittingAttirbute": "url.banners", "children": [{"uuid": "4bdf6a77-0c04-40bc-9fa6-7526553fbe38", "depth": 4, "parent_uuid": "8558a931-cd60-4664-a650-e77ba3d09b0c", "splittingValue": "0.0", "splittingAttirbute": "origurl.football", "children": [{"uuid": "63412dd1-ac19-442d-b8b9-71bc71b80f62", "depth": 5, "parent_uuid": "4bdf6a77-0c04-40bc-9fa6-7526553fbe38", "splittingValue": "0.0", "children": [], "isLeaf": true, "prediction": 1.0}, {"uuid": "357a8b28-7c12-492d-b003-27f12e4b55da", "depth": 5, "parent_uuid": "4bdf6a77-0c04-40bc-9fa6-7526553fbe38", "splittingValue": "1.0", "children": [], "isLeaf": true, "prediction": 0.0}], "isLeaf": false}, {"uuid": "01e180ee-6b59-41e0-a691-4668eef985f9", "depth": 4, "parent_uuid": "8558a931-cd60-4664-a650-e77ba3d09b0c", "splittingValue": "1.0", "children": [], "isLeaf": true, "prediction": 0.0}], "isLeaf": false}], "isLeaf": false}, {"uuid": "dd297c3e-cf2f-4a84-8dc5-69a4ba2824ee", "depth": 2, "parent_uuid": "ad1a2983-e707-4309-a563-2d7c10ced4a7", "splittingValue": "1.0", "splittingAttirbute": "url.members.tripod.com", "children": [{"uuid": "e8f6759c-e665-402a-bf02-bfaa8eaffd49", "depth": 3, "parent_uuid": "dd297c3e-cf2f-4a84-8dc5-69a4ba2824ee", "splittingValue": "0.0", "splittingAttirbute": "origurl.www.news.observer.com", "children": [{"uuid": "6dbb5b56-1002-4dff-b26a-f7c96dcb7823", "depth": 4, "parent_uuid": "e8f6759c-e665-402a-bf02-bfaa8eaffd49", "splittingValue": "0.0", "children": [], "isLeaf": true, "prediction": 1.0}, {"uuid": "0f450625-0147-4c45-93ea-9049bd61d05a", "depth": 4, "parent_uuid": "e8f6759c-e665-402a-bf02-bfaa8eaffd49", "splittingValue": "1.0", "children": [], "isLeaf": true, "prediction": 0.0}], "isLeaf": false}, {"uuid": "d0e06f51-63e5-4140-ad31-fde318716703", "depth": 3, "parent_uuid": "dd297c3e-cf2f-4a84-8dc5-69a4ba2824ee", "splittingValue": "1.0", "children": [], "isLeaf": true, "prediction": 0.0}], "isLeaf": false}], "isLeaf": false}