{"uuid": "5b6ae826-fe7a-49aa-b251-ec02a164a624", "depth": 1, "splittingAttirbute": "ancurl.com", "children": [{"uuid": "e3532104-0ba1-43e8-a8d6-f2b5f60887d4", "depth": 2, "parent_uuid": "5b6ae826-fe7a-49aa-b251-ec02a164a624", "splittingValue": "0.0", "splittingAttirbute": "url.ads", "children": [{"uuid": "d241399b-cc0f-4d81-9a2d-a6c580e64853", "depth": 3, "parent_uuid": "e3532104-0ba1-43e8-a8d6-f2b5f60887d4", "splittingValue": "0.0", "splittingAttirbute": "ancurl.click", "children": [{"uuid": "8ec1cc81-90aa-4dc3-880f-76a8be0da82d", "depth": 4, "parent_uuid": "d241399b-cc0f-4d81-9a2d-a6c580e64853", "splittingValue": "0.0", "children": [], "isLeaf": true, "prediction": 0.0}, {"uuid": "e1f84385-472c-4231-b95c-1f06f0913ec9", "depth": 4, "parent_uuid": "d241399b-cc0f-4d81-9a2d-a6c580e64853", "splittingValue": "1.0", "children": [], "isLeaf": true, "prediction": 1.0}], "isLeaf": false}, {"uuid": "035dccf5-9bdb-43b5-b481-95752a694c9b", "depth": 3, "parent_uuid": "e3532104-0ba1-43e8-a8d6-f2b5f60887d4", "splittingValue": "1.0", "splittingAttirbute": "url.banners", "children": [{"uuid": "8817e825-7003-48eb-bd77-0bbcfc175331", "depth": 4, "parent_uuid": "035dccf5-9bdb-43b5-b481-95752a694c9b", "splittingValue": "0.0", "children": [], "isLeaf": true, "prediction": 1.0}, {"uuid": "766b2727-3b45-412c-983a-5c3876d20617", "depth": 4, "parent_uuid": "035dccf5-9bdb-43b5-b481-95752a694c9b", "splittingValue": "1.0", "children": [], "isLeaf": true, "prediction": 0.0}], "isLeaf": false}], "isLeaf": false}, {"uuid": "a0cf1e68-8811-4475-9f88-6056d565baf6", "depth": 2, "parent_uuid": "5b6ae826-fe7a-49aa-b251-ec02a164a624", "splittingValue": "1.0", "splittingAttirbute": "url.members.tripod.com", "children": [{"uuid": "af150b2f-59c6-465e-89d9-7d1b4027c64d", "depth": 3, "parent_uuid": "a0cf1e68-8811-4475-9f88-6056d565baf6", "splittingValue": "0.0", "splittingAttirbute": "origurl.www.news.observer.com", "children": [{"uuid": "d13959d0-1529-4308-b09e-2fb0e0378a57", "depth": 4, "parent_uuid": "af150b2f-59c6-465e-89d9-7d1b4027c64d", "splittingValue": "0.0", "children": [], "isLeaf": true, "prediction": 1.0}, {"uuid": "96f82fe6-d23b-47fe-8788-c07da19a600c", "depth": 4, "parent_uuid": "af150b2f-59c6-465e-89d9-7d1b4027c64d", "splittingValue": "1.0", "children": [], "isLeaf": true, "prediction": 0.0}], "isLeaf": false}, {"uuid": "71973e1e-11ee-44b2-b4ca-a9cf6bb66d7e", "depth": 3, "parent_uuid": "a0cf1e68-8811-4475-9f88-6056d565baf6", "splittingValue": "1.0", "children": [], "isLeaf": true, "prediction": 0.0}], "isLeaf": false}], "isLeaf": false}