{"uuid": "13fba7ab-5a95-4ad9-b7cc-e57e80774928", "depth": 1, "splittingAttirbute": "ancurl.com", "children": [{"uuid": "5b95efea-782a-4b27-8898-35c1e75c2d22", "depth": 2, "parent_uuid": "13fba7ab-5a95-4ad9-b7cc-e57e80774928", "splittingValue": "0.0", "splittingAttirbute": "url.ads", "children": [{"uuid": "deed7093-f7ac-442d-96fb-1cdf211bf8b1", "depth": 3, "parent_uuid": "5b95efea-782a-4b27-8898-35c1e75c2d22", "splittingValue": "0.0", "splittingAttirbute": "ancurl.click", "children": [{"uuid": "00ce9f0e-a12f-4e64-8902-299652a14cf9", "depth": 4, "parent_uuid": "deed7093-f7ac-442d-96fb-1cdf211bf8b1", "splittingValue": "0.0", "splittingAttirbute": "ancurl.uk", "children": [{"uuid": "4fb1f24b-bf2d-4de8-8154-c76031ed14a2", "depth": 5, "parent_uuid": "00ce9f0e-a12f-4e64-8902-299652a14cf9", "splittingValue": "0.0", "splittingAttirbute": "ancurl.adclick", "children": [{"uuid": "eb9dedfc-5528-400d-8dbd-db6090386629", "depth": 6, "parent_uuid": "4fb1f24b-bf2d-4de8-8154-c76031ed14a2", "splittingValue": "0.0", "splittingAttirbute": "ancurl.http.www", "children": [{"uuid": "e463d082-7e62-4da1-93e5-60d04424acf1", "depth": 7, "parent_uuid": "eb9dedfc-5528-400d-8dbd-db6090386629", "splittingValue": "0.0", "splittingAttirbute": "origurl.jun", "children": [{"uuid": "f8112b5a-c1ce-4003-a8d8-82103c41ffe7", "depth": 8, "parent_uuid": "e463d082-7e62-4da1-93e5-60d04424acf1", "splittingValue": "0.0", "children": [], "isLeaf": true, "prediction": 0.0}, {"uuid": "e1de0505-24fc-43f3-acd5-145f6a933bd6", "depth": 8, "parent_uuid": "e463d082-7e62-4da1-93e5-60d04424acf1", "splittingValue": "1.0", "children": [], "isLeaf": true, "prediction": 1.0}], "isLeaf": false}, {"uuid": "66ee2353-5a44-45e8-934a-79af4950f5d3", "depth": 7, "parent_uuid": "eb9dedfc-5528-400d-8dbd-db6090386629", "splittingValue": "1.0", "children": [], "isLeaf": true, "prediction": 1.0}], "isLeaf": false}, {"uuid": "8f0ac756-f35c-4f8d-9a3e-38044b69a917", "depth": 6, "parent_uuid": "4fb1f24b-bf2d-4de8-8154-c76031ed14a2", "splittingValue": "1.0", "children": [], "isLeaf": true, "prediction": 1.0}], "isLeaf": false}, {"uuid": "56314fa0-8005-48f3-9bf2-86c99f3396ab", "depth": 5, "parent_uuid": "00ce9f0e-a12f-4e64-8902-299652a14cf9", "splittingValue": "1.0", "children": [], "isLeaf": true, "prediction": 1.0}], "isLeaf": false}, {"uuid": "6b7fa417-1ebd-4a1f-99c2-ac9a68bd9701", "depth": 4, "parent_uuid": "deed7093-f7ac-442d-96fb-1cdf211bf8b1", "splittingValue": "1.0", "children": [], "isLeaf": true, "prediction": 1.0}], "isLeaf": false}, {"uuid": "fd90824e-b03e-4b25-881a-4be83ebc9db8", "depth": 3, "parent_uuid": "5b95efea-782a-4b27-8898-35c1e75c2d22", "splittingValue": "1.0", "splittingAttirbute": "url.banners", "children": [{"uuid": "e5809a9f-e3ef-4e4d-9db3-6896dccdf997", "depth": 4, "parent_uuid": "fd90824e-b03e-4b25-881a-4be83ebc9db8", "splittingValue": "0.0", "splittingAttirbute": "origurl.football", "children": [{"uuid": "3c7e9555-ae17-4c4f-8207-21b780bb0108", "depth": 5, "parent_uuid": "e5809a9f-e3ef-4e4d-9db3-6896dccdf997", "splittingValue": "0.0", "children": [], "isLeaf": true, "prediction": 1.0}, {"uuid": "83292c0c-2304-4358-b91a-cc7661a5af19", "depth": 5, "parent_uuid": "e5809a9f-e3ef-4e4d-9db3-6896dccdf997", "splittingValue": "1.0", "children": [], "isLeaf": true, "prediction": 0.0}], "isLeaf": false}, {"uuid": "31572f38-aec7-458b-afa3-73179a9b1130", "depth": 4, "parent_uuid": "fd90824e-b03e-4b25-881a-4be83ebc9db8", "splittingValue": "1.0", "children": [], "isLeaf": true, "prediction": 0.0}], "isLeaf": false}], "isLeaf": false}, {"uuid": "49d706c1-0d11-4742-b02b-c931b351dc88", "depth": 2, "parent_uuid": "13fba7ab-5a95-4ad9-b7cc-e57e80774928", "splittingValue": "1.0", "splittingAttirbute": "url.members.tripod.com", "children": [{"uuid": "e8863cd4-1765-429e-aed5-f173aa85a104", "depth": 3, "parent_uuid": "49d706c1-0d11-4742-b02b-c931b351dc88", "splittingValue": "0.0", "splittingAttirbute": "origurl.www.news.observer.com", "children": [{"uuid": "4c71d8d0-62a4-4e81-905c-5e7580d8e9a2", "depth": 4, "parent_uuid": "e8863cd4-1765-429e-aed5-f173aa85a104", "splittingValue": "0.0", "children": [], "isLeaf": true, "prediction": 1.0}, {"uuid": "c8eb9b7a-7d2e-4464-93ff-ce1f2bc34328", "depth": 4, "parent_uuid": "e8863cd4-1765-429e-aed5-f173aa85a104", "splittingValue": "1.0", "children": [], "isLeaf": true, "prediction": 0.0}], "isLeaf": false}, {"uuid": "2805dd0b-605e-4fbb-87c7-dbf112f84e7f", "depth": 3, "parent_uuid": "49d706c1-0d11-4742-b02b-c931b351dc88", "splittingValue": "1.0", "children": [], "isLeaf": true, "prediction": 0.0}], "isLeaf": false}], "isLeaf": false}