{"uuid": "0861066f-3dc3-4c8d-b164-e0dfb7714557", "depth": 1, "splittingAttirbute": "ancurl.com", "children": [{"uuid": "e0677534-74bc-43cc-939c-6ff83db8e76f", "depth": 2, "parent_uuid": "0861066f-3dc3-4c8d-b164-e0dfb7714557", "splittingValue": "0.0", "splittingAttirbute": "url.ads", "children": [{"uuid": "3b968bac-8b49-43d7-ab3c-30f9c40a2e73", "depth": 3, "parent_uuid": "e0677534-74bc-43cc-939c-6ff83db8e76f", "splittingValue": "0.0", "splittingAttirbute": "ancurl.click", "children": [{"uuid": "4bdc3942-d22c-4d6d-ae53-6b79ce0d3756", "depth": 4, "parent_uuid": "3b968bac-8b49-43d7-ab3c-30f9c40a2e73", "splittingValue": "0.0", "splittingAttirbute": "ancurl.uk", "children": [{"uuid": "f15d52e3-e2db-4646-8e06-ba46cd055d12", "depth": 5, "parent_uuid": "4bdc3942-d22c-4d6d-ae53-6b79ce0d3756", "splittingValue": "0.0", "splittingAttirbute": "ancurl.adclick", "children": [{"uuid": "a5ebdeed-5e47-4beb-8c4f-153ab33ee0b0", "depth": 6, "parent_uuid": "f15d52e3-e2db-4646-8e06-ba46cd055d12", "splittingValue": "0.0", "splittingAttirbute": "ancurl.http.www", "children": [{"uuid": "4a5bedd0-9724-4be9-8d33-e501508bdb70", "depth": 7, "parent_uuid": "a5ebdeed-5e47-4beb-8c4f-153ab33ee0b0", "splittingValue": "0.0", "splittingAttirbute": "origurl.jun", "children": [{"uuid": "ccf8c61b-7c1a-48b4-84dd-9f4ac71d65df", "depth": 8, "parent_uuid": "4a5bedd0-9724-4be9-8d33-e501508bdb70", "splittingValue": "0.0", "splittingAttirbute": "url.memberbanners", "children": [{"uuid": "b905f537-5346-4431-acfc-505726743019", "depth": 9, "parent_uuid": "ccf8c61b-7c1a-48b4-84dd-9f4ac71d65df", "splittingValue": "0.0", "splittingAttirbute": "alt.visit.our", "children": [{"uuid": "fd1fd3a7-8475-4092-8f7d-4b76236ecd12", "depth": 10, "parent_uuid": "b905f537-5346-4431-acfc-505726743019", "splittingValue": "0.0", "children": [], "isLeaf": true, "prediction": 0.0}, {"uuid": "a5eadea6-14c7-44eb-a25d-6a34de36ace0", "depth": 10, "parent_uuid": "b905f537-5346-4431-acfc-505726743019", "splittingValue": "1.0", "children": [], "isLeaf": true, "prediction": 1.0}], "isLeaf": false}, {"uuid": "1e4c298c-be39-455a-836d-92c548077685", "depth": 9, "parent_uuid": "ccf8c61b-7c1a-48b4-84dd-9f4ac71d65df", "splittingValue": "1.0", "children": [], "isLeaf": true, "prediction": 1.0}], "isLeaf": false}, {"uuid": "3eca2e60-b396-4279-b298-ef2352ead3d2", "depth": 8, "parent_uuid": "4a5bedd0-9724-4be9-8d33-e501508bdb70", "splittingValue": "1.0", "children": [], "isLeaf": true, "prediction": 1.0}], "isLeaf": false}, {"uuid": "3637e610-b016-457d-bf61-2ed47d06ff09", "depth": 7, "parent_uuid": "a5ebdeed-5e47-4beb-8c4f-153ab33ee0b0", "splittingValue": "1.0", "children": [], "isLeaf": true, "prediction": 1.0}], "isLeaf": false}, {"uuid": "9e921233-9511-425e-98b5-561f744c8ee1", "depth": 6, "parent_uuid": "f15d52e3-e2db-4646-8e06-ba46cd055d12", "splittingValue": "1.0", "children": [], "isLeaf": true, "prediction": 1.0}], "isLeaf": false}, {"uuid": "b633fb2a-4b1f-4a22-bc7e-7786f415724d", "depth": 5, "parent_uuid": "4bdc3942-d22c-4d6d-ae53-6b79ce0d3756", "splittingValue": "1.0", "children": [], "isLeaf": true, "prediction": 1.0}], "isLeaf": false}, {"uuid": "3960cb45-a7b7-44d3-897e-8e62eeac285a", "depth": 4, "parent_uuid": "3b968bac-8b49-43d7-ab3c-30f9c40a2e73", "splittingValue": "1.0", "children": [], "isLeaf": true, "prediction": 1.0}], "isLeaf": false}, {"uuid": "da8fe6e2-41bc-46fb-8798-d4a491ffca52", "depth": 3, "parent_uuid": "e0677534-74bc-43cc-939c-6ff83db8e76f", "splittingValue": "1.0", "splittingAttirbute": "url.banners", "children": [{"uuid": "22d79711-d893-4b54-be80-581b02347deb", "depth": 4, "parent_uuid": "da8fe6e2-41bc-46fb-8798-d4a491ffca52", "splittingValue": "0.0", "splittingAttirbute": "origurl.football", "children": [{"uuid": "a558a960-ef8e-4c37-b56d-a8e4aed35058", "depth": 5, "parent_uuid": "22d79711-d893-4b54-be80-581b02347deb", "splittingValue": "0.0", "children": [], "isLeaf": true, "prediction": 1.0}, {"uuid": "ed247ebe-bdc4-4c24-b436-23e3ce955176", "depth": 5, "parent_uuid": "22d79711-d893-4b54-be80-581b02347deb", "splittingValue": "1.0", "children": [], "isLeaf": true, "prediction": 0.0}], "isLeaf": false}, {"uuid": "5f57134a-7b07-4469-9a25-c214610432a6", "depth": 4, "parent_uuid": "da8fe6e2-41bc-46fb-8798-d4a491ffca52", "splittingValue": "1.0", "children": [], "isLeaf": true, "prediction": 0.0}], "isLeaf": false}], "isLeaf": false}, {"uuid": "eac874ac-c898-4b3b-945c-aae2082f613d", "depth": 2, "parent_uuid": "0861066f-3dc3-4c8d-b164-e0dfb7714557", "splittingValue": "1.0", "splittingAttirbute": "url.members.tripod.com", "children": [{"uuid": "d6e1be6e-71c6-45b2-a3ce-ea91a97ecae7", "depth": 3, "parent_uuid": "eac874ac-c898-4b3b-945c-aae2082f613d", "splittingValue": "0.0", "splittingAttirbute": "origurl.www.news.observer.com", "children": [{"uuid": "1b19a249-27af-4e92-94b7-07d47805c8bb", "depth": 4, "parent_uuid": "d6e1be6e-71c6-45b2-a3ce-ea91a97ecae7", "splittingValue": "0.0", "children": [], "isLeaf": true, "prediction": 1.0}, {"uuid": "4228ac2e-c671-4501-b570-e483a862be47", "depth": 4, "parent_uuid": "d6e1be6e-71c6-45b2-a3ce-ea91a97ecae7", "splittingValue": "1.0", "children": [], "isLeaf": true, "prediction": 0.0}], "isLeaf": false}, {"uuid": "69422599-efec-4962-8a44-05d14327ae45", "depth": 3, "parent_uuid": "eac874ac-c898-4b3b-945c-aae2082f613d", "splittingValue": "1.0", "children": [], "isLeaf": true, "prediction": 0.0}], "isLeaf": false}], "isLeaf": false}