{"uuid": "49425a4c-13db-455d-af70-c1e23b4a4ce5", "depth": 1, "splittingAttirbute": "ancurl.com", "children": [{"uuid": "6a697a98-a418-407a-b2da-35a4d52495c3", "depth": 2, "parent_uuid": "49425a4c-13db-455d-af70-c1e23b4a4ce5", "splittingValue": "0.0", "splittingAttirbute": "url.ads", "children": [{"uuid": "9f74f9ac-0667-4843-b9e3-f6dc2a9e3ac3", "depth": 3, "parent_uuid": "6a697a98-a418-407a-b2da-35a4d52495c3", "splittingValue": "0.0", "splittingAttirbute": "ancurl.click", "children": [{"uuid": "9545a867-e491-4d46-91e2-fd0cfd125644", "depth": 4, "parent_uuid": "9f74f9ac-0667-4843-b9e3-f6dc2a9e3ac3", "splittingValue": "0.0", "splittingAttirbute": "ancurl.uk", "children": [{"uuid": "aaceba99-c02a-49bb-b51c-52dffb2fbc56", "depth": 5, "parent_uuid": "9545a867-e491-4d46-91e2-fd0cfd125644", "splittingValue": "0.0", "splittingAttirbute": "url.bin", "children": [{"uuid": "e1b3f3c8-417a-42fb-af44-7082f33740d0", "depth": 6, "parent_uuid": "aaceba99-c02a-49bb-b51c-52dffb2fbc56", "splittingValue": "0.0", "splittingAttirbute": "ancurl.http.www", "children": [{"uuid": "4d738714-9e04-4085-aaf1-eea19d012a57", "depth": 7, "parent_uuid": "e1b3f3c8-417a-42fb-af44-7082f33740d0", "splittingValue": "0.0", "splittingAttirbute": "origurl.jun", "children": [{"uuid": "a21eedf3-129b-4a31-8223-d0d4a05d4d87", "depth": 8, "parent_uuid": "4d738714-9e04-4085-aaf1-eea19d012a57", "splittingValue": "0.0", "splittingAttirbute": "url.images.home", "children": [{"uuid": "3639a865-f971-4c19-811f-8de15ff164fe", "depth": 9, "parent_uuid": "a21eedf3-129b-4a31-8223-d0d4a05d4d87", "splittingValue": "0.0", "splittingAttirbute": "alt.click.here", "children": [{"uuid": "54b1425f-d63c-4a17-ad96-20d2288812ec", "depth": 10, "parent_uuid": "3639a865-f971-4c19-811f-8de15ff164fe", "splittingValue": "0.0", "splittingAttirbute": "url.memberbanners", "children": [{"uuid": "75e49a67-9937-4283-8b5d-8e4730446fbb", "depth": 11, "parent_uuid": "54b1425f-d63c-4a17-ad96-20d2288812ec", "splittingValue": "0.0", "splittingAttirbute": "url.marketing", "children": [{"uuid": "53be14bc-e2f0-4c46-9dc0-19da9b52242a", "depth": 12, "parent_uuid": "75e49a67-9937-4283-8b5d-8e4730446fbb", "splittingValue": "0.0", "children": [], "isLeaf": true, "prediction": 0.0}, {"uuid": "4d709d3a-3dc5-44c6-ab34-12d7001c847d", "depth": 12, "parent_uuid": "75e49a67-9937-4283-8b5d-8e4730446fbb", "splittingValue": "1.0", "children": [], "isLeaf": true, "prediction": 1.0}], "isLeaf": false}, {"uuid": "49b77a5a-62a2-4a98-bc16-b933c1c6835a", "depth": 11, "parent_uuid": "54b1425f-d63c-4a17-ad96-20d2288812ec", "splittingValue": "1.0", "children": [], "isLeaf": true, "prediction": 1.0}], "isLeaf": false}, {"uuid": "927c362d-c5c5-43ea-8bbd-d6b20e99ff17", "depth": 10, "parent_uuid": "3639a865-f971-4c19-811f-8de15ff164fe", "splittingValue": "1.0", "splittingAttirbute": "alt.to", "children": [{"uuid": "0ea3be6d-f595-4a54-8f13-024b4d497036", "depth": 11, "parent_uuid": "927c362d-c5c5-43ea-8bbd-d6b20e99ff17", "splittingValue": "0.0", "splittingAttirbute": "width", "children": [{"uuid": "2ee68a37-9809-461f-bebc-e96570056998", "depth": 12, "parent_uuid": "0ea3be6d-f595-4a54-8f13-024b4d497036", "splittingValue": "(184.0, 640.0]", "children": [], "isLeaf": true, "prediction": 1.0}, {"uuid": "37481da1-f553-4226-959a-6885533ebe70", "depth": 12, "parent_uuid": "0ea3be6d-f595-4a54-8f13-024b4d497036", "splittingValue": "(110.0, 184.0]", "children": [], "isLeaf": true, "prediction": 0.0}, {"uuid": "886f62d9-516d-4260-a62b-47182268e3c1", "depth": 12, "parent_uuid": "0ea3be6d-f595-4a54-8f13-024b4d497036", "splittingValue": "(81.0, 110.0]", "children": [], "isLeaf": true, "prediction": 1.0}], "isLeaf": false}, {"uuid": "0e0cce99-a86f-4211-b80b-0dc4a78120b0", "depth": 11, "parent_uuid": "927c362d-c5c5-43ea-8bbd-d6b20e99ff17", "splittingValue": "1.0", "splittingAttirbute": "origurl.index", "children": [{"uuid": "48edae8b-3c9c-4c3e-99e7-04c618b89fd7", "depth": 12, "parent_uuid": "0e0cce99-a86f-4211-b80b-0dc4a78120b0", "splittingValue": "0.0", "children": [], "isLeaf": true, "prediction": 0.0}, {"uuid": "6a9ba47b-3318-4a94-a0c3-e0f658ec9c9b", "depth": 12, "parent_uuid": "0e0cce99-a86f-4211-b80b-0dc4a78120b0", "splittingValue": "1.0", "children": [], "isLeaf": true, "prediction": 1.0}], "isLeaf": false}], "isLeaf": false}], "isLeaf": false}, {"uuid": "b14ff0bf-21fa-43c2-8a90-e9c06e2a5055", "depth": 9, "parent_uuid": "a21eedf3-129b-4a31-8223-d0d4a05d4d87", "splittingValue": "1.0", "splittingAttirbute": "width", "children": [{"uuid": "4d7fba58-6ea1-41b6-a876-83bfd3d07153", "depth": 10, "parent_uuid": "b14ff0bf-21fa-43c2-8a90-e9c06e2a5055", "splittingValue": "(184.0, 640.0]", "children": [], "isLeaf": true, "prediction": 1.0}, {"uuid": "ad5fb018-00cc-44ad-ac10-af95e91f1e42", "depth": 10, "parent_uuid": "b14ff0bf-21fa-43c2-8a90-e9c06e2a5055", "splittingValue": "(81.0, 110.0]", "children": [], "isLeaf": true, "prediction": 0.0}, {"uuid": "0e232da1-dc7e-434e-b228-b1d997a84a44", "depth": 10, "parent_uuid": "b14ff0bf-21fa-43c2-8a90-e9c06e2a5055", "splittingValue": "(110.0, 184.0]", "children": [], "isLeaf": true, "prediction": 0.0}], "isLeaf": false}], "isLeaf": false}, {"uuid": "4bdbbee4-6e4d-4cfa-9e93-8b33db9ff0ea", "depth": 8, "parent_uuid": "4d738714-9e04-4085-aaf1-eea19d012a57", "splittingValue": "1.0", "children": [], "isLeaf": true, "prediction": 1.0}], "isLeaf": false}, {"uuid": "7b903352-3335-4db6-9bcb-77d13fce4859", "depth": 7, "parent_uuid": "e1b3f3c8-417a-42fb-af44-7082f33740d0", "splittingValue": "1.0", "children": [], "isLeaf": true, "prediction": 1.0}], "isLeaf": false}, {"uuid": "88988847-5739-404e-83e9-c2e70be07941", "depth": 6, "parent_uuid": "aaceba99-c02a-49bb-b51c-52dffb2fbc56", "splittingValue": "1.0", "splittingAttirbute": "height", "children": [{"uuid": "c496936c-d409-4224-8853-8d7843e88897", "depth": 7, "parent_uuid": "88988847-5739-404e-83e9-c2e70be07941", "splittingValue": "(51.0, 84.0]", "children": [], "isLeaf": true, "prediction": 1.0}, {"uuid": "5b437104-4d7e-486d-b263-a8b6c30368b8", "depth": 7, "parent_uuid": "88988847-5739-404e-83e9-c2e70be07941", "splittingValue": "(0.999, 25.0]", "splittingAttirbute": "aratio", "children": [{"uuid": "ea5a739e-154c-44ee-b074-c2cc9389ab29", "depth": 8, "parent_uuid": "5b437104-4d7e-486d-b263-a8b6c30368b8", "splittingValue": "(1.036, 2.102]", "children": [], "isLeaf": true, "prediction": 0.0}, {"uuid": "bd0a9086-4e65-4df5-b5f6-25890408335a", "depth": 8, "parent_uuid": "5b437104-4d7e-486d-b263-a8b6c30368b8", "splittingValue": "(0.0005, 1.036]", "children": [], "isLeaf": true, "prediction": 1.0}, {"uuid": "bce586bf-62b9-42bd-8ede-12705c25cb62", "depth": 8, "parent_uuid": "5b437104-4d7e-486d-b263-a8b6c30368b8", "splittingValue": "(2.102, 5.333]", "children": [], "isLeaf": true, "prediction": 0.0}], "isLeaf": false}, {"uuid": "c41b9725-e2e5-4ea0-9d5b-513a9150f124", "depth": 7, "parent_uuid": "88988847-5739-404e-83e9-c2e70be07941", "splittingValue": "(84.0, 640.0]", "children": [], "isLeaf": true, "prediction": 1.0}, {"uuid": "9007e2db-574f-4e16-a3a3-51bcf5f947af", "depth": 7, "parent_uuid": "88988847-5739-404e-83e9-c2e70be07941", "splittingValue": "(25.0, 51.0]", "children": [], "isLeaf": true, "prediction": 0.0}], "isLeaf": false}], "isLeaf": false}, {"uuid": "53dd03de-70f0-4b90-8aeb-11546e60aa74", "depth": 5, "parent_uuid": "9545a867-e491-4d46-91e2-fd0cfd125644", "splittingValue": "1.0", "children": [], "isLeaf": true, "prediction": 1.0}], "isLeaf": false}, {"uuid": "4bd72bb8-4fcb-4974-ba05-4f7f66edab26", "depth": 4, "parent_uuid": "9f74f9ac-0667-4843-b9e3-f6dc2a9e3ac3", "splittingValue": "1.0", "children": [], "isLeaf": true, "prediction": 1.0}], "isLeaf": false}, {"uuid": "3277d590-d6cb-4431-9033-10f6ef1d58cc", "depth": 3, "parent_uuid": "6a697a98-a418-407a-b2da-35a4d52495c3", "splittingValue": "1.0", "splittingAttirbute": "width", "children": [{"uuid": "364921bd-d099-4141-a3b0-feb1b708901f", "depth": 4, "parent_uuid": "3277d590-d6cb-4431-9033-10f6ef1d58cc", "splittingValue": "(184.0, 640.0]", "children": [], "isLeaf": true, "prediction": 1.0}, {"uuid": "ca7c70f6-cc63-438a-9a8e-069e327209bb", "depth": 4, "parent_uuid": "3277d590-d6cb-4431-9033-10f6ef1d58cc", "splittingValue": "(110.0, 184.0]", "children": [], "isLeaf": true, "prediction": 1.0}, {"uuid": "75025044-7d09-4678-9e92-0108542d1f30", "depth": 4, "parent_uuid": "3277d590-d6cb-4431-9033-10f6ef1d58cc", "splittingValue": "(81.0, 110.0]", "splittingAttirbute": "local", "children": [{"uuid": "d6220c1b-3833-45a3-bf28-9bc340f8d54f", "depth": 5, "parent_uuid": "75025044-7d09-4678-9e92-0108542d1f30", "splittingValue": "1.0", "children": [], "isLeaf": true, "prediction": 1.0}, {"uuid": "6448aa0f-7c8f-425b-9e90-e0b9916c9f62", "depth": 5, "parent_uuid": "75025044-7d09-4678-9e92-0108542d1f30", "splittingValue": "0.0", "children": [], "isLeaf": true, "prediction": 0.0}], "isLeaf": false}, {"uuid": "5cf0facb-eb69-4608-8a73-c4235787ba79", "depth": 4, "parent_uuid": "3277d590-d6cb-4431-9033-10f6ef1d58cc", "splittingValue": "(0.999, 81.0]", "children": [], "isLeaf": true, "prediction": 0.0}], "isLeaf": false}], "isLeaf": false}, {"uuid": "cfee1eff-8fca-420f-9414-c589e61e9001", "depth": 2, "parent_uuid": "49425a4c-13db-455d-af70-c1e23b4a4ce5", "splittingValue": "1.0", "splittingAttirbute": "height", "children": [{"uuid": "83ac38db-a7e3-4351-895b-deb75210cb7a", "depth": 3, "parent_uuid": "cfee1eff-8fca-420f-9414-c589e61e9001", "splittingValue": "(51.0, 84.0]", "splittingAttirbute": "origurl.www.news.observer.com", "children": [{"uuid": "07b1faef-828c-4c1a-89f4-a9c116210c93", "depth": 4, "parent_uuid": "83ac38db-a7e3-4351-895b-deb75210cb7a", "splittingValue": "0.0", "children": [], "isLeaf": true, "prediction": 1.0}, {"uuid": "f1c6b93b-0c85-474f-9291-0a174df0c176", "depth": 4, "parent_uuid": "83ac38db-a7e3-4351-895b-deb75210cb7a", "splittingValue": "1.0", "children": [], "isLeaf": true, "prediction": 0.0}], "isLeaf": false}, {"uuid": "c027589b-b8a1-4587-a831-ca4b9f260bfb", "depth": 3, "parent_uuid": "cfee1eff-8fca-420f-9414-c589e61e9001", "splittingValue": "(84.0, 640.0]", "children": [], "isLeaf": true, "prediction": 1.0}, {"uuid": "f55e7c92-3cb7-4c04-a399-ef9b1cbecb60", "depth": 3, "parent_uuid": "cfee1eff-8fca-420f-9414-c589e61e9001", "splittingValue": "(25.0, 51.0]", "children": [], "isLeaf": true, "prediction": 1.0}, {"uuid": "a74f502d-30a9-4973-bafa-bae810950574", "depth": 3, "parent_uuid": "cfee1eff-8fca-420f-9414-c589e61e9001", "splittingValue": "(0.999, 25.0]", "children": [], "isLeaf": true, "prediction": 0.0}], "isLeaf": false}], "isLeaf": false}