{"uuid": "73f230b4-518f-494c-bd4e-ad668273d8c1", "depth": 1, "splittingAttirbute": "ancurl.com", "children": [{"uuid": "c475f35c-24d0-4bc0-94f8-3eda73d20fdd", "depth": 2, "parent_uuid": "73f230b4-518f-494c-bd4e-ad668273d8c1", "splittingValue": "0.0", "splittingAttirbute": "url.ads", "children": [{"uuid": "1933310a-8873-4860-bb63-18dab1c86cf8", "depth": 3, "parent_uuid": "c475f35c-24d0-4bc0-94f8-3eda73d20fdd", "splittingValue": "0.0", "splittingAttirbute": "ancurl.click", "children": [{"uuid": "d5721665-c772-4f9f-b7e6-6960036a3487", "depth": 4, "parent_uuid": "1933310a-8873-4860-bb63-18dab1c86cf8", "splittingValue": "0.0", "children": [], "isLeaf": true, "prediction": 0.0}, {"uuid": "40f3c8cc-8086-4962-9345-664c107e3c1f", "depth": 4, "parent_uuid": "1933310a-8873-4860-bb63-18dab1c86cf8", "splittingValue": "1.0", "children": [], "isLeaf": true, "prediction": 1.0}], "isLeaf": false}, {"uuid": "dd10e2b9-8641-486f-96fa-bf32cc1f20ab", "depth": 3, "parent_uuid": "c475f35c-24d0-4bc0-94f8-3eda73d20fdd", "splittingValue": "1.0", "splittingAttirbute": "width", "children": [{"uuid": "e797c367-bfb4-4859-b748-c5affe014147", "depth": 4, "parent_uuid": "dd10e2b9-8641-486f-96fa-bf32cc1f20ab", "splittingValue": "(184.0, 640.0]", "children": [], "isLeaf": true, "prediction": 1.0}, {"uuid": "d6f23791-bd3c-43b5-a8a7-749837135dff", "depth": 4, "parent_uuid": "dd10e2b9-8641-486f-96fa-bf32cc1f20ab", "splittingValue": "(110.0, 184.0]", "children": [], "isLeaf": true, "prediction": 1.0}, {"uuid": "7c20d099-2699-4d1a-8355-2466c8886db6", "depth": 4, "parent_uuid": "dd10e2b9-8641-486f-96fa-bf32cc1f20ab", "splittingValue": "(81.0, 110.0]", "children": [], "isLeaf": true, "prediction": 1.0}, {"uuid": "22332191-b043-474f-bea1-8bc153fb4eb3", "depth": 4, "parent_uuid": "dd10e2b9-8641-486f-96fa-bf32cc1f20ab", "splittingValue": "(0.999, 81.0]", "children": [], "isLeaf": true, "prediction": 0.0}], "isLeaf": false}], "isLeaf": false}, {"uuid": "69289e58-d45d-4574-a95f-7eb3f63c73be", "depth": 2, "parent_uuid": "73f230b4-518f-494c-bd4e-ad668273d8c1", "splittingValue": "1.0", "splittingAttirbute": "height", "children": [{"uuid": "77edb8f3-b1fa-49ce-a7cc-35e09ff6e2eb", "depth": 3, "parent_uuid": "69289e58-d45d-4574-a95f-7eb3f63c73be", "splittingValue": "(51.0, 84.0]", "splittingAttirbute": "origurl.www.news.observer.com", "children": [{"uuid": "44c24a94-23c4-48c4-965b-86aab4be8f18", "depth": 4, "parent_uuid": "77edb8f3-b1fa-49ce-a7cc-35e09ff6e2eb", "splittingValue": "0.0", "children": [], "isLeaf": true, "prediction": 1.0}, {"uuid": "d49fcb4f-bb75-4deb-974d-b0ac2ff9f351", "depth": 4, "parent_uuid": "77edb8f3-b1fa-49ce-a7cc-35e09ff6e2eb", "splittingValue": "1.0", "children": [], "isLeaf": true, "prediction": 0.0}], "isLeaf": false}, {"uuid": "56ebf95b-a21a-46b5-a4de-2b330480a59d", "depth": 3, "parent_uuid": "69289e58-d45d-4574-a95f-7eb3f63c73be", "splittingValue": "(84.0, 640.0]", "children": [], "isLeaf": true, "prediction": 1.0}, {"uuid": "18d538a7-22a8-419b-ad14-c763412b19d5", "depth": 3, "parent_uuid": "69289e58-d45d-4574-a95f-7eb3f63c73be", "splittingValue": "(25.0, 51.0]", "children": [], "isLeaf": true, "prediction": 1.0}, {"uuid": "ac39f1ba-8e79-4f4b-b238-c30514062ae5", "depth": 3, "parent_uuid": "69289e58-d45d-4574-a95f-7eb3f63c73be", "splittingValue": "(0.999, 25.0]", "children": [], "isLeaf": true, "prediction": 0.0}], "isLeaf": false}], "isLeaf": false}