{"uuid": "b595e1c8-9648-41c6-8881-74f06186c771", "depth": 1, "splittingAttirbute": "ancurl.com", "children": [{"uuid": "15505666-6a44-4d7b-9e9a-e6f681b55b82", "depth": 2, "parent_uuid": "b595e1c8-9648-41c6-8881-74f06186c771", "splittingValue": "0.0", "splittingAttirbute": "url.ads", "children": [{"uuid": "3b38ea2c-5623-4a0c-bcb8-cde0fda9bb63", "depth": 3, "parent_uuid": "15505666-6a44-4d7b-9e9a-e6f681b55b82", "splittingValue": "0.0", "splittingAttirbute": "ancurl.click", "children": [{"uuid": "c3a1730b-8a4f-4cff-936f-1b7780f4905f", "depth": 4, "parent_uuid": "3b38ea2c-5623-4a0c-bcb8-cde0fda9bb63", "splittingValue": "0.0", "splittingAttirbute": "ancurl.uk", "children": [{"uuid": "b099171a-00b7-473c-872f-ebdf8937a270", "depth": 5, "parent_uuid": "c3a1730b-8a4f-4cff-936f-1b7780f4905f", "splittingValue": "0.0", "splittingAttirbute": "url.bin", "children": [{"uuid": "f1133bef-fb5d-4322-9e01-7c41cda1ebff", "depth": 6, "parent_uuid": "b099171a-00b7-473c-872f-ebdf8937a270", "splittingValue": "0.0", "children": [], "isLeaf": true, "prediction": 0.0}, {"uuid": "68d8decc-c52b-4ed7-86d4-df591ce57eda", "depth": 6, "parent_uuid": "b099171a-00b7-473c-872f-ebdf8937a270", "splittingValue": "1.0", "children": [], "isLeaf": true, "prediction": 1.0}], "isLeaf": false}, {"uuid": "6e3921c2-0289-4a62-a768-eabe1be2a7e6", "depth": 5, "parent_uuid": "c3a1730b-8a4f-4cff-936f-1b7780f4905f", "splittingValue": "1.0", "children": [], "isLeaf": true, "prediction": 1.0}], "isLeaf": false}, {"uuid": "b99d7fa5-9188-4d97-adbe-8e3471176c55", "depth": 4, "parent_uuid": "3b38ea2c-5623-4a0c-bcb8-cde0fda9bb63", "splittingValue": "1.0", "children": [], "isLeaf": true, "prediction": 1.0}], "isLeaf": false}, {"uuid": "98abb7cf-b3bb-4d9c-b4f8-b545ea96b5b8", "depth": 3, "parent_uuid": "15505666-6a44-4d7b-9e9a-e6f681b55b82", "splittingValue": "1.0", "splittingAttirbute": "width", "children": [{"uuid": "131d0cc4-ce8a-4662-8086-d8abb31be60e", "depth": 4, "parent_uuid": "98abb7cf-b3bb-4d9c-b4f8-b545ea96b5b8", "splittingValue": "(184.0, 640.0]", "children": [], "isLeaf": true, "prediction": 1.0}, {"uuid": "59a5ddc2-6ec8-4c73-98ca-307c84996ebf", "depth": 4, "parent_uuid": "98abb7cf-b3bb-4d9c-b4f8-b545ea96b5b8", "splittingValue": "(110.0, 184.0]", "children": [], "isLeaf": true, "prediction": 1.0}, {"uuid": "01fc3320-2330-4481-a944-2fc5f4882f4d", "depth": 4, "parent_uuid": "98abb7cf-b3bb-4d9c-b4f8-b545ea96b5b8", "splittingValue": "(81.0, 110.0]", "splittingAttirbute": "local", "children": [{"uuid": "b8c91c69-d14b-4a7a-861f-13ffa8ee005a", "depth": 5, "parent_uuid": "01fc3320-2330-4481-a944-2fc5f4882f4d", "splittingValue": "1.0", "children": [], "isLeaf": true, "prediction": 1.0}, {"uuid": "ac77a7b0-9673-408d-a146-8361be49841b", "depth": 5, "parent_uuid": "01fc3320-2330-4481-a944-2fc5f4882f4d", "splittingValue": "0.0", "children": [], "isLeaf": true, "prediction": 0.0}], "isLeaf": false}, {"uuid": "eaf0fd4a-fb1c-4fda-b2b0-3f1afb13fa2f", "depth": 4, "parent_uuid": "98abb7cf-b3bb-4d9c-b4f8-b545ea96b5b8", "splittingValue": "(0.999, 81.0]", "children": [], "isLeaf": true, "prediction": 0.0}], "isLeaf": false}], "isLeaf": false}, {"uuid": "5f37f924-2dfe-4f57-9bd5-146c5162d656", "depth": 2, "parent_uuid": "b595e1c8-9648-41c6-8881-74f06186c771", "splittingValue": "1.0", "splittingAttirbute": "height", "children": [{"uuid": "3681c631-8969-4598-afa3-2c367a9ccee7", "depth": 3, "parent_uuid": "5f37f924-2dfe-4f57-9bd5-146c5162d656", "splittingValue": "(51.0, 84.0]", "splittingAttirbute": "origurl.www.news.observer.com", "children": [{"uuid": "c5238874-0eba-4583-ba84-7d6c9cc986b5", "depth": 4, "parent_uuid": "3681c631-8969-4598-afa3-2c367a9ccee7", "splittingValue": "0.0", "children": [], "isLeaf": true, "prediction": 1.0}, {"uuid": "42e875c2-eca8-4fe7-b47c-d6e2dc99786e", "depth": 4, "parent_uuid": "3681c631-8969-4598-afa3-2c367a9ccee7", "splittingValue": "1.0", "children": [], "isLeaf": true, "prediction": 0.0}], "isLeaf": false}, {"uuid": "3e509732-cba4-45c1-926c-cea90333eefb", "depth": 3, "parent_uuid": "5f37f924-2dfe-4f57-9bd5-146c5162d656", "splittingValue": "(84.0, 640.0]", "children": [], "isLeaf": true, "prediction": 1.0}, {"uuid": "2d8fb37e-f1f1-48ba-bdc0-fef77b1ee906", "depth": 3, "parent_uuid": "5f37f924-2dfe-4f57-9bd5-146c5162d656", "splittingValue": "(25.0, 51.0]", "children": [], "isLeaf": true, "prediction": 1.0}, {"uuid": "394188a7-a23f-4365-92ab-985afb9105da", "depth": 3, "parent_uuid": "5f37f924-2dfe-4f57-9bd5-146c5162d656", "splittingValue": "(0.999, 25.0]", "children": [], "isLeaf": true, "prediction": 0.0}], "isLeaf": false}], "isLeaf": false}