{"uuid": "9a1a9267-c82d-45b0-85bf-3e71fab33c51", "depth": 1, "splittingAttirbute": "ancurl.com", "children": [{"uuid": "0ff388b7-dad2-4a38-974c-0315881539ab", "depth": 2, "parent_uuid": "9a1a9267-c82d-45b0-85bf-3e71fab33c51", "splittingValue": "0.0", "splittingAttirbute": "url.ads", "children": [{"uuid": "dadd925c-230c-48b8-aeef-0fb48587752f", "depth": 3, "parent_uuid": "0ff388b7-dad2-4a38-974c-0315881539ab", "splittingValue": "0.0", "splittingAttirbute": "ancurl.click", "children": [{"uuid": "4605516c-b75d-4a1f-950f-d50790ca90dd", "depth": 4, "parent_uuid": "dadd925c-230c-48b8-aeef-0fb48587752f", "splittingValue": "0.0", "splittingAttirbute": "ancurl.uk", "children": [{"uuid": "fb9ee275-53d8-4d2e-8662-cd6cf787b3ea", "depth": 5, "parent_uuid": "4605516c-b75d-4a1f-950f-d50790ca90dd", "splittingValue": "0.0", "splittingAttirbute": "url.bin", "children": [{"uuid": "0b47da60-2fc8-4c67-aec3-7ca9e42c71f9", "depth": 6, "parent_uuid": "fb9ee275-53d8-4d2e-8662-cd6cf787b3ea", "splittingValue": "0.0", "splittingAttirbute": "ancurl.http.www", "children": [{"uuid": "deefa7ee-fb64-4b0d-aaa6-50bebc369765", "depth": 7, "parent_uuid": "0b47da60-2fc8-4c67-aec3-7ca9e42c71f9", "splittingValue": "0.0", "splittingAttirbute": "origurl.jun", "children": [{"uuid": "75dce569-53d7-40af-82d4-068d1e59a97a", "depth": 8, "parent_uuid": "deefa7ee-fb64-4b0d-aaa6-50bebc369765", "splittingValue": "0.0", "splittingAttirbute": "url.images.home", "children": [{"uuid": "e03b39e3-ef74-4f43-bc31-a727aaeb1dd3", "depth": 9, "parent_uuid": "75dce569-53d7-40af-82d4-068d1e59a97a", "splittingValue": "0.0", "splittingAttirbute": "alt.click.here", "children": [{"uuid": "7c58a592-9996-4e08-8dea-14371fae9513", "depth": 10, "parent_uuid": "e03b39e3-ef74-4f43-bc31-a727aaeb1dd3", "splittingValue": "0.0", "splittingAttirbute": "url.memberbanners", "children": [{"uuid": "1d94727d-19c0-4ee6-ade8-27ddfefa9cce", "depth": 11, "parent_uuid": "7c58a592-9996-4e08-8dea-14371fae9513", "splittingValue": "0.0", "splittingAttirbute": "url.marketing", "children": [{"uuid": "91be4098-b977-4c56-bdb7-81f5821863fe", "depth": 12, "parent_uuid": "1d94727d-19c0-4ee6-ade8-27ddfefa9cce", "splittingValue": "0.0", "splittingAttirbute": "url.lycos.de", "children": [{"uuid": "f76472e5-527c-45d5-85b9-e497076b8e53", "depth": 13, "parent_uuid": "91be4098-b977-4c56-bdb7-81f5821863fe", "splittingValue": "0.0", "splittingAttirbute": "alt.visit.our", "children": [{"uuid": "753bbbc8-faac-4402-889b-c5d7fe3bfe89", "depth": 14, "parent_uuid": "f76472e5-527c-45d5-85b9-e497076b8e53", "splittingValue": "0.0", "splittingAttirbute": "ancurl.page", "children": [{"uuid": "ff3293ff-0e0e-42da-b70f-65f2598ab0ea", "depth": 15, "parent_uuid": "753bbbc8-faac-4402-889b-c5d7fe3bfe89", "splittingValue": "0.0", "splittingAttirbute": "url.doubleclick.net", "children": [{"uuid": "5234f940-af1d-4c01-b6e1-c9a1bed3a3d7", "depth": 16, "parent_uuid": "ff3293ff-0e0e-42da-b70f-65f2598ab0ea", "splittingValue": "0.0", "children": [], "isLeaf": true, "prediction": 0.0}, {"uuid": "b3f8cbcd-f477-4700-a6ce-cdf903a59e95", "depth": 16, "parent_uuid": "ff3293ff-0e0e-42da-b70f-65f2598ab0ea", "splittingValue": "1.0", "children": [], "isLeaf": true, "prediction": 1.0}], "isLeaf": false}, {"uuid": "0d3fe9b3-6831-4c4c-80de-84556f6cff79", "depth": 15, "parent_uuid": "753bbbc8-faac-4402-889b-c5d7fe3bfe89", "splittingValue": "1.0", "splittingAttirbute": "aratio", "children": [{"uuid": "5fc23509-dc38-44d9-a99c-a32659fe90b1", "depth": 16, "parent_uuid": "0d3fe9b3-6831-4c4c-80de-84556f6cff79", "splittingValue": "(5.333, 60.0]", "children": [], "isLeaf": true, "prediction": 1.0}, {"uuid": "a188ff67-14db-46f3-b2c3-f1be990d9f95", "depth": 16, "parent_uuid": "0d3fe9b3-6831-4c4c-80de-84556f6cff79", "splittingValue": "(0.0005, 1.036]", "children": [], "isLeaf": true, "prediction": 1.0}, {"uuid": "9bba8a78-7ce4-405c-a4f2-8e38cc70bda2", "depth": 16, "parent_uuid": "0d3fe9b3-6831-4c4c-80de-84556f6cff79", "splittingValue": "(2.102, 5.333]", "children": [], "isLeaf": true, "prediction": 0.0}], "isLeaf": false}], "isLeaf": false}, {"uuid": "c27fe012-d515-4ce4-8757-c11566e169c1", "depth": 14, "parent_uuid": "f76472e5-527c-45d5-85b9-e497076b8e53", "splittingValue": "1.0", "children": [], "isLeaf": true, "prediction": 1.0}], "isLeaf": false}, {"uuid": "29cd3d78-5988-4e61-9c5d-2a63d272606f", "depth": 13, "parent_uuid": "91be4098-b977-4c56-bdb7-81f5821863fe", "splittingValue": "1.0", "children": [], "isLeaf": true, "prediction": 1.0}], "isLeaf": false}, {"uuid": "b2d7e635-bd35-448d-97c8-9ce15784b398", "depth": 12, "parent_uuid": "1d94727d-19c0-4ee6-ade8-27ddfefa9cce", "splittingValue": "1.0", "splittingAttirbute": "url.logo", "children": [{"uuid": "ce6656ad-ab9f-41f0-95a8-8be3a8a3a756", "depth": 13, "parent_uuid": "b2d7e635-bd35-448d-97c8-9ce15784b398", "splittingValue": "0.0", "children": [], "isLeaf": true, "prediction": 1.0}, {"uuid": "a27c7ea8-8d73-4b3c-bd01-88ad14bf5b9a", "depth": 13, "parent_uuid": "b2d7e635-bd35-448d-97c8-9ce15784b398", "splittingValue": "1.0", "children": [], "isLeaf": true, "prediction": 0.0}], "isLeaf": false}], "isLeaf": false}, {"uuid": "f9c0ad06-d5d5-40ed-bd17-660580874fce", "depth": 11, "parent_uuid": "7c58a592-9996-4e08-8dea-14371fae9513", "splittingValue": "1.0", "children": [], "isLeaf": true, "prediction": 1.0}], "isLeaf": false}, {"uuid": "0a956694-7dd7-4cb7-8516-9a6c57b56fd7", "depth": 10, "parent_uuid": "e03b39e3-ef74-4f43-bc31-a727aaeb1dd3", "splittingValue": "1.0", "splittingAttirbute": "alt.to", "children": [{"uuid": "b2dba528-f41f-4d72-9083-35f22ea60d5e", "depth": 11, "parent_uuid": "0a956694-7dd7-4cb7-8516-9a6c57b56fd7", "splittingValue": "0.0", "splittingAttirbute": "width", "children": [{"uuid": "9bf7cd2d-8a93-46ce-8523-a55940b6b51d", "depth": 12, "parent_uuid": "b2dba528-f41f-4d72-9083-35f22ea60d5e", "splittingValue": "(184.0, 640.0]", "children": [], "isLeaf": true, "prediction": 1.0}, {"uuid": "89f9f435-dfcb-4491-9c7f-3f899bbd87ea", "depth": 12, "parent_uuid": "b2dba528-f41f-4d72-9083-35f22ea60d5e", "splittingValue": "(110.0, 184.0]", "splittingAttirbute": "height", "children": [{"uuid": "da45ea32-80ce-4a93-a38b-0fc285eeaded", "depth": 13, "parent_uuid": "89f9f435-dfcb-4491-9c7f-3f899bbd87ea", "splittingValue": "(25.0, 51.0]", "children": [], "isLeaf": true, "prediction": 0.0}, {"uuid": "9831476b-285e-4626-b8b1-3c0ddf849079", "depth": 13, "parent_uuid": "89f9f435-dfcb-4491-9c7f-3f899bbd87ea", "splittingValue": "(51.0, 84.0]", "children": [], "isLeaf": true, "prediction": 1.0}, {"uuid": "bda65c16-ea4e-47ca-9d85-df32cc248733", "depth": 13, "parent_uuid": "89f9f435-dfcb-4491-9c7f-3f899bbd87ea", "splittingValue": "(84.0, 640.0]", "children": [], "isLeaf": true, "prediction": 0.0}], "isLeaf": false}, {"uuid": "449b5755-2247-466c-845b-f58d6f038a4f", "depth": 12, "parent_uuid": "b2dba528-f41f-4d72-9083-35f22ea60d5e", "splittingValue": "(81.0, 110.0]", "children": [], "isLeaf": true, "prediction": 1.0}], "isLeaf": false}, {"uuid": "53597cc1-1c65-4907-bb4b-8215764daa99", "depth": 11, "parent_uuid": "0a956694-7dd7-4cb7-8516-9a6c57b56fd7", "splittingValue": "1.0", "splittingAttirbute": "origurl.index", "children": [{"uuid": "8a0edddc-1b10-4899-8101-077deee1e8e4", "depth": 12, "parent_uuid": "53597cc1-1c65-4907-bb4b-8215764daa99", "splittingValue": "0.0", "children": [], "isLeaf": true, "prediction": 0.0}, {"uuid": "0be3352f-3f13-4764-9305-2fb4647b837f", "depth": 12, "parent_uuid": "53597cc1-1c65-4907-bb4b-8215764daa99", "splittingValue": "1.0", "children": [], "isLeaf": true, "prediction": 1.0}], "isLeaf": false}], "isLeaf": false}], "isLeaf": false}, {"uuid": "738b8a4d-dc84-4329-b0b0-579eb9c7b80b", "depth": 9, "parent_uuid": "75dce569-53d7-40af-82d4-068d1e59a97a", "splittingValue": "1.0", "splittingAttirbute": "width", "children": [{"uuid": "25572567-68e2-4807-91c0-f01701bd7e6a", "depth": 10, "parent_uuid": "738b8a4d-dc84-4329-b0b0-579eb9c7b80b", "splittingValue": "(184.0, 640.0]", "children": [], "isLeaf": true, "prediction": 1.0}, {"uuid": "4f986abc-57cf-4015-a189-ffbfcff4db3f", "depth": 10, "parent_uuid": "738b8a4d-dc84-4329-b0b0-579eb9c7b80b", "splittingValue": "(81.0, 110.0]", "children": [], "isLeaf": true, "prediction": 0.0}, {"uuid": "a45e969c-c0d9-43cf-bcfb-645804b4cf9c", "depth": 10, "parent_uuid": "738b8a4d-dc84-4329-b0b0-579eb9c7b80b", "splittingValue": "(110.0, 184.0]", "children": [], "isLeaf": true, "prediction": 0.0}], "isLeaf": false}], "isLeaf": false}, {"uuid": "fe504dcc-4614-48f4-8b90-398948b07b1b", "depth": 8, "parent_uuid": "deefa7ee-fb64-4b0d-aaa6-50bebc369765", "splittingValue": "1.0", "children": [], "isLeaf": true, "prediction": 1.0}], "isLeaf": false}, {"uuid": "71a606e5-a44e-4eb9-910f-115fadaeccd0", "depth": 7, "parent_uuid": "0b47da60-2fc8-4c67-aec3-7ca9e42c71f9", "splittingValue": "1.0", "children": [], "isLeaf": true, "prediction": 1.0}], "isLeaf": false}, {"uuid": "b408adcd-c358-4f1a-9e91-86cec49708a1", "depth": 6, "parent_uuid": "fb9ee275-53d8-4d2e-8662-cd6cf787b3ea", "splittingValue": "1.0", "splittingAttirbute": "height", "children": [{"uuid": "558dc5ae-8da4-4c52-9cd0-420852a93402", "depth": 7, "parent_uuid": "b408adcd-c358-4f1a-9e91-86cec49708a1", "splittingValue": "(51.0, 84.0]", "children": [], "isLeaf": true, "prediction": 1.0}, {"uuid": "16661207-989a-45fd-88d4-1681aa4dc397", "depth": 7, "parent_uuid": "b408adcd-c358-4f1a-9e91-86cec49708a1", "splittingValue": "(0.999, 25.0]", "splittingAttirbute": "aratio", "children": [{"uuid": "f5ecf0d4-ceee-4f0f-a5bb-0832cef08633", "depth": 8, "parent_uuid": "16661207-989a-45fd-88d4-1681aa4dc397", "splittingValue": "(1.036, 2.102]", "children": [], "isLeaf": true, "prediction": 0.0}, {"uuid": "fd60c8c4-2563-4e48-a528-6bdb995e797a", "depth": 8, "parent_uuid": "16661207-989a-45fd-88d4-1681aa4dc397", "splittingValue": "(0.0005, 1.036]", "children": [], "isLeaf": true, "prediction": 1.0}, {"uuid": "4382c6b4-9ec0-4af4-81b2-8d33164cfed1", "depth": 8, "parent_uuid": "16661207-989a-45fd-88d4-1681aa4dc397", "splittingValue": "(2.102, 5.333]", "children": [], "isLeaf": true, "prediction": 0.0}], "isLeaf": false}, {"uuid": "48562202-1426-4dab-9c3b-5a1527db8e07", "depth": 7, "parent_uuid": "b408adcd-c358-4f1a-9e91-86cec49708a1", "splittingValue": "(84.0, 640.0]", "children": [], "isLeaf": true, "prediction": 1.0}, {"uuid": "964b8433-3d20-403c-8834-3f9429ce4fd8", "depth": 7, "parent_uuid": "b408adcd-c358-4f1a-9e91-86cec49708a1", "splittingValue": "(25.0, 51.0]", "children": [], "isLeaf": true, "prediction": 0.0}], "isLeaf": false}], "isLeaf": false}, {"uuid": "8e6536fc-8a78-4eb2-944d-aa78557a4ecf", "depth": 5, "parent_uuid": "4605516c-b75d-4a1f-950f-d50790ca90dd", "splittingValue": "1.0", "children": [], "isLeaf": true, "prediction": 1.0}], "isLeaf": false}, {"uuid": "31579527-967d-4b75-b2b9-187cb9f40064", "depth": 4, "parent_uuid": "dadd925c-230c-48b8-aeef-0fb48587752f", "splittingValue": "1.0", "children": [], "isLeaf": true, "prediction": 1.0}], "isLeaf": false}, {"uuid": "b1f76098-a680-4d70-9d80-2b62df60a3ec", "depth": 3, "parent_uuid": "0ff388b7-dad2-4a38-974c-0315881539ab", "splittingValue": "1.0", "splittingAttirbute": "width", "children": [{"uuid": "df4567f2-a612-4e7e-99b7-858b4a149228", "depth": 4, "parent_uuid": "b1f76098-a680-4d70-9d80-2b62df60a3ec", "splittingValue": "(184.0, 640.0]", "children": [], "isLeaf": true, "prediction": 1.0}, {"uuid": "092b98d8-1931-4e48-8a1b-159ee668bfbe", "depth": 4, "parent_uuid": "b1f76098-a680-4d70-9d80-2b62df60a3ec", "splittingValue": "(110.0, 184.0]", "children": [], "isLeaf": true, "prediction": 1.0}, {"uuid": "50399f59-7db0-4a65-af70-a4b00e84876e", "depth": 4, "parent_uuid": "b1f76098-a680-4d70-9d80-2b62df60a3ec", "splittingValue": "(81.0, 110.0]", "splittingAttirbute": "local", "children": [{"uuid": "ab1cf8e6-9fa8-411b-8e96-ea7664ba3447", "depth": 5, "parent_uuid": "50399f59-7db0-4a65-af70-a4b00e84876e", "splittingValue": "1.0", "children": [], "isLeaf": true, "prediction": 1.0}, {"uuid": "d2b8a662-005d-4a3b-aaed-a5ead95083cd", "depth": 5, "parent_uuid": "50399f59-7db0-4a65-af70-a4b00e84876e", "splittingValue": "0.0", "children": [], "isLeaf": true, "prediction": 0.0}], "isLeaf": false}, {"uuid": "44fc1013-a154-42e5-b071-dbecd4d3dd87", "depth": 4, "parent_uuid": "b1f76098-a680-4d70-9d80-2b62df60a3ec", "splittingValue": "(0.999, 81.0]", "children": [], "isLeaf": true, "prediction": 0.0}], "isLeaf": false}], "isLeaf": false}, {"uuid": "9311228c-dba6-4335-9c2d-1eb021804ec2", "depth": 2, "parent_uuid": "9a1a9267-c82d-45b0-85bf-3e71fab33c51", "splittingValue": "1.0", "splittingAttirbute": "height", "children": [{"uuid": "59129b91-663d-4f01-b983-3f7eee44f313", "depth": 3, "parent_uuid": "9311228c-dba6-4335-9c2d-1eb021804ec2", "splittingValue": "(51.0, 84.0]", "splittingAttirbute": "origurl.www.news.observer.com", "children": [{"uuid": "ffe52421-72e3-46b9-810d-fd589d2ff5be", "depth": 4, "parent_uuid": "59129b91-663d-4f01-b983-3f7eee44f313", "splittingValue": "0.0", "children": [], "isLeaf": true, "prediction": 1.0}, {"uuid": "0946f2bd-e183-4063-84b3-56bbf7bf81a0", "depth": 4, "parent_uuid": "59129b91-663d-4f01-b983-3f7eee44f313", "splittingValue": "1.0", "children": [], "isLeaf": true, "prediction": 0.0}], "isLeaf": false}, {"uuid": "3a396637-660a-4f5e-8648-a999c3deab68", "depth": 3, "parent_uuid": "9311228c-dba6-4335-9c2d-1eb021804ec2", "splittingValue": "(84.0, 640.0]", "children": [], "isLeaf": true, "prediction": 1.0}, {"uuid": "123d8da4-b24c-49a4-91c8-3032126c2e05", "depth": 3, "parent_uuid": "9311228c-dba6-4335-9c2d-1eb021804ec2", "splittingValue": "(25.0, 51.0]", "children": [], "isLeaf": true, "prediction": 1.0}, {"uuid": "389063db-ab2e-4400-ba4f-8593f0e7d0ca", "depth": 3, "parent_uuid": "9311228c-dba6-4335-9c2d-1eb021804ec2", "splittingValue": "(0.999, 25.0]", "children": [], "isLeaf": true, "prediction": 0.0}], "isLeaf": false}], "isLeaf": false}