{"uuid": "ea2b4d78-1075-4ba7-89fa-e1064a29712a", "depth": 1, "splittingAttirbute": "ancurl.com", "children": [{"uuid": "9f98a6bf-01cb-47fa-963c-4e1236eaf090", "depth": 2, "parent_uuid": "ea2b4d78-1075-4ba7-89fa-e1064a29712a", "splittingValue": "0.0", "splittingAttirbute": "url.ads", "children": [{"uuid": "df8c75c1-321e-432e-8ff3-5f15265b1e9b", "depth": 3, "parent_uuid": "9f98a6bf-01cb-47fa-963c-4e1236eaf090", "splittingValue": "0.0", "splittingAttirbute": "ancurl.click", "children": [{"uuid": "f6bdb68d-bf03-41c6-b3b2-febe934cc139", "depth": 4, "parent_uuid": "df8c75c1-321e-432e-8ff3-5f15265b1e9b", "splittingValue": "0.0", "splittingAttirbute": "ancurl.uk", "children": [{"uuid": "d968af09-a2a2-4f0e-b350-374a79794748", "depth": 5, "parent_uuid": "f6bdb68d-bf03-41c6-b3b2-febe934cc139", "splittingValue": "0.0", "splittingAttirbute": "url.bin", "children": [{"uuid": "bb70a0ff-7d99-4084-94dd-fb1e45788d36", "depth": 6, "parent_uuid": "d968af09-a2a2-4f0e-b350-374a79794748", "splittingValue": "0.0", "splittingAttirbute": "ancurl.http.www", "children": [{"uuid": "a5be63b0-0bf7-4751-8f30-c82d7e0b5df4", "depth": 7, "parent_uuid": "bb70a0ff-7d99-4084-94dd-fb1e45788d36", "splittingValue": "0.0", "splittingAttirbute": "origurl.jun", "children": [{"uuid": "680c577b-a6b0-423f-b650-abfe12a0b1cc", "depth": 8, "parent_uuid": "a5be63b0-0bf7-4751-8f30-c82d7e0b5df4", "splittingValue": "0.0", "children": [], "isLeaf": true, "prediction": 0.0}, {"uuid": "027ad744-c1d8-4db8-88d0-833ec2fe072c", "depth": 8, "parent_uuid": "a5be63b0-0bf7-4751-8f30-c82d7e0b5df4", "splittingValue": "1.0", "children": [], "isLeaf": true, "prediction": 1.0}], "isLeaf": false}, {"uuid": "89df50be-183d-4d44-9762-96e04643102c", "depth": 7, "parent_uuid": "bb70a0ff-7d99-4084-94dd-fb1e45788d36", "splittingValue": "1.0", "children": [], "isLeaf": true, "prediction": 1.0}], "isLeaf": false}, {"uuid": "1d6c7b20-44eb-4101-a667-ff4dac16f695", "depth": 6, "parent_uuid": "d968af09-a2a2-4f0e-b350-374a79794748", "splittingValue": "1.0", "splittingAttirbute": "height", "children": [{"uuid": "8fc8dd68-0b20-40b1-970e-145c5f1df3ff", "depth": 7, "parent_uuid": "1d6c7b20-44eb-4101-a667-ff4dac16f695", "splittingValue": "(51.0, 84.0]", "children": [], "isLeaf": true, "prediction": 1.0}, {"uuid": "0dc01523-0208-46ab-8a50-5f1ea7687631", "depth": 7, "parent_uuid": "1d6c7b20-44eb-4101-a667-ff4dac16f695", "splittingValue": "(0.999, 25.0]", "splittingAttirbute": "aratio", "children": [{"uuid": "fe1dfe2d-7250-497c-bdee-9e8618e95ea7", "depth": 8, "parent_uuid": "0dc01523-0208-46ab-8a50-5f1ea7687631", "splittingValue": "(1.036, 2.102]", "children": [], "isLeaf": true, "prediction": 0.0}, {"uuid": "b5a6a22a-f4db-4cfd-8985-4d354db0f58a", "depth": 8, "parent_uuid": "0dc01523-0208-46ab-8a50-5f1ea7687631", "splittingValue": "(0.0005, 1.036]", "children": [], "isLeaf": true, "prediction": 1.0}, {"uuid": "268db749-f6ab-46b2-94be-41d61be602e4", "depth": 8, "parent_uuid": "0dc01523-0208-46ab-8a50-5f1ea7687631", "splittingValue": "(2.102, 5.333]", "children": [], "isLeaf": true, "prediction": 0.0}], "isLeaf": false}, {"uuid": "8488664b-95d3-466f-a433-5974feb13161", "depth": 7, "parent_uuid": "1d6c7b20-44eb-4101-a667-ff4dac16f695", "splittingValue": "(84.0, 640.0]", "children": [], "isLeaf": true, "prediction": 1.0}, {"uuid": "3bb77eb0-1eb3-4d26-b313-7edf03c6f96a", "depth": 7, "parent_uuid": "1d6c7b20-44eb-4101-a667-ff4dac16f695", "splittingValue": "(25.0, 51.0]", "children": [], "isLeaf": true, "prediction": 0.0}], "isLeaf": false}], "isLeaf": false}, {"uuid": "dfda60f5-62ae-4b26-b379-9d5b1779b582", "depth": 5, "parent_uuid": "f6bdb68d-bf03-41c6-b3b2-febe934cc139", "splittingValue": "1.0", "children": [], "isLeaf": true, "prediction": 1.0}], "isLeaf": false}, {"uuid": "b0573911-b071-467d-8c71-2eb7df67c46d", "depth": 4, "parent_uuid": "df8c75c1-321e-432e-8ff3-5f15265b1e9b", "splittingValue": "1.0", "children": [], "isLeaf": true, "prediction": 1.0}], "isLeaf": false}, {"uuid": "d52467c8-0700-4cb1-860d-a7bf2b05554c", "depth": 3, "parent_uuid": "9f98a6bf-01cb-47fa-963c-4e1236eaf090", "splittingValue": "1.0", "splittingAttirbute": "width", "children": [{"uuid": "a6ee8a7d-2b22-44ae-909b-5c4aa17d69fa", "depth": 4, "parent_uuid": "d52467c8-0700-4cb1-860d-a7bf2b05554c", "splittingValue": "(184.0, 640.0]", "children": [], "isLeaf": true, "prediction": 1.0}, {"uuid": "e74f9f5a-9e25-4595-8f96-212b9fb01682", "depth": 4, "parent_uuid": "d52467c8-0700-4cb1-860d-a7bf2b05554c", "splittingValue": "(110.0, 184.0]", "children": [], "isLeaf": true, "prediction": 1.0}, {"uuid": "dcf06700-1c70-459a-a927-e8e478575b8c", "depth": 4, "parent_uuid": "d52467c8-0700-4cb1-860d-a7bf2b05554c", "splittingValue": "(81.0, 110.0]", "splittingAttirbute": "local", "children": [{"uuid": "0a3e33f8-4bde-4bf5-a22a-d935449a6d32", "depth": 5, "parent_uuid": "dcf06700-1c70-459a-a927-e8e478575b8c", "splittingValue": "1.0", "children": [], "isLeaf": true, "prediction": 1.0}, {"uuid": "60eff926-d96d-48a1-9acd-7d260aad607b", "depth": 5, "parent_uuid": "dcf06700-1c70-459a-a927-e8e478575b8c", "splittingValue": "0.0", "children": [], "isLeaf": true, "prediction": 0.0}], "isLeaf": false}, {"uuid": "f1d8dc18-9c31-4e4c-b366-191904eaa8b4", "depth": 4, "parent_uuid": "d52467c8-0700-4cb1-860d-a7bf2b05554c", "splittingValue": "(0.999, 81.0]", "children": [], "isLeaf": true, "prediction": 0.0}], "isLeaf": false}], "isLeaf": false}, {"uuid": "2472bb14-88d8-4b54-94b5-29269c2a7cdd", "depth": 2, "parent_uuid": "ea2b4d78-1075-4ba7-89fa-e1064a29712a", "splittingValue": "1.0", "splittingAttirbute": "height", "children": [{"uuid": "aac4e923-866b-4225-9410-cd925888ce01", "depth": 3, "parent_uuid": "2472bb14-88d8-4b54-94b5-29269c2a7cdd", "splittingValue": "(51.0, 84.0]", "splittingAttirbute": "origurl.www.news.observer.com", "children": [{"uuid": "3e8bce5d-029b-4ede-88ad-2f0cc415835e", "depth": 4, "parent_uuid": "aac4e923-866b-4225-9410-cd925888ce01", "splittingValue": "0.0", "children": [], "isLeaf": true, "prediction": 1.0}, {"uuid": "cf8bab64-563b-40bc-b38a-9fd3c30f58c8", "depth": 4, "parent_uuid": "aac4e923-866b-4225-9410-cd925888ce01", "splittingValue": "1.0", "children": [], "isLeaf": true, "prediction": 0.0}], "isLeaf": false}, {"uuid": "85df9006-a570-40c8-8a15-d8332a516136", "depth": 3, "parent_uuid": "2472bb14-88d8-4b54-94b5-29269c2a7cdd", "splittingValue": "(84.0, 640.0]", "children": [], "isLeaf": true, "prediction": 1.0}, {"uuid": "9ff31d75-ab30-4241-bc61-a84949cf4c0e", "depth": 3, "parent_uuid": "2472bb14-88d8-4b54-94b5-29269c2a7cdd", "splittingValue": "(25.0, 51.0]", "children": [], "isLeaf": true, "prediction": 1.0}, {"uuid": "6e9c9fb7-e561-40a0-9232-abecc3c9b037", "depth": 3, "parent_uuid": "2472bb14-88d8-4b54-94b5-29269c2a7cdd", "splittingValue": "(0.999, 25.0]", "children": [], "isLeaf": true, "prediction": 0.0}], "isLeaf": false}], "isLeaf": false}