{"uuid": "f7e816cc-5aff-42f7-abea-b97069bd46ff", "depth": 1, "splittingAttirbute": "ancurl.com", "children": [{"uuid": "3e973e00-374e-4865-9adb-acadb5643b5e", "depth": 2, "parent_uuid": "f7e816cc-5aff-42f7-abea-b97069bd46ff", "splittingValue": "0.0", "splittingAttirbute": "url.ads", "children": [{"uuid": "3b944468-9f0e-4584-9596-a6d86a6c0053", "depth": 3, "parent_uuid": "3e973e00-374e-4865-9adb-acadb5643b5e", "splittingValue": "0.0", "splittingAttirbute": "ancurl.click", "children": [{"uuid": "13496c6c-b5df-47cb-97c8-ec69f0fd2d96", "depth": 4, "parent_uuid": "3b944468-9f0e-4584-9596-a6d86a6c0053", "splittingValue": "0.0", "splittingAttirbute": "ancurl.uk", "children": [{"uuid": "147f8803-678a-47f4-9147-9636078d5369", "depth": 5, "parent_uuid": "13496c6c-b5df-47cb-97c8-ec69f0fd2d96", "splittingValue": "0.0", "splittingAttirbute": "url.bin", "children": [{"uuid": "a0887562-04c5-48c1-975e-c36c63be9a32", "depth": 6, "parent_uuid": "147f8803-678a-47f4-9147-9636078d5369", "splittingValue": "0.0", "splittingAttirbute": "ancurl.http.www", "children": [{"uuid": "38c6616f-7fc2-45ef-b1c1-d82a3ec7d3c3", "depth": 7, "parent_uuid": "a0887562-04c5-48c1-975e-c36c63be9a32", "splittingValue": "0.0", "splittingAttirbute": "origurl.jun", "children": [{"uuid": "8b8e8585-d27b-41f4-ab00-f626441d2c0a", "depth": 8, "parent_uuid": "38c6616f-7fc2-45ef-b1c1-d82a3ec7d3c3", "splittingValue": "0.0", "splittingAttirbute": "url.images.home", "children": [{"uuid": "6f192792-f142-44e7-afe6-210f120646d4", "depth": 9, "parent_uuid": "8b8e8585-d27b-41f4-ab00-f626441d2c0a", "splittingValue": "0.0", "splittingAttirbute": "alt.click.here", "children": [{"uuid": "73c4ceb8-b551-4cb0-a3f7-e03110d89c82", "depth": 10, "parent_uuid": "6f192792-f142-44e7-afe6-210f120646d4", "splittingValue": "0.0", "splittingAttirbute": "url.memberbanners", "children": [{"uuid": "e9308d1a-cccf-42f8-95e7-ae6b1db78db8", "depth": 11, "parent_uuid": "73c4ceb8-b551-4cb0-a3f7-e03110d89c82", "splittingValue": "0.0", "splittingAttirbute": "url.marketing", "children": [{"uuid": "80725421-c3fc-442d-80b4-d551dcd60bc2", "depth": 12, "parent_uuid": "e9308d1a-cccf-42f8-95e7-ae6b1db78db8", "splittingValue": "0.0", "splittingAttirbute": "url.lycos.de", "children": [{"uuid": "54090613-54a8-4cc7-879f-2ca340433d08", "depth": 13, "parent_uuid": "80725421-c3fc-442d-80b4-d551dcd60bc2", "splittingValue": "0.0", "splittingAttirbute": "alt.visit.our", "children": [{"uuid": "678a48d1-2209-4c77-815a-1c30ff22d0a4", "depth": 14, "parent_uuid": "54090613-54a8-4cc7-879f-2ca340433d08", "splittingValue": "0.0", "children": [], "isLeaf": true, "prediction": 0.0}, {"uuid": "f55d50c5-8de8-4adc-a803-dce2d0ff5f59", "depth": 14, "parent_uuid": "54090613-54a8-4cc7-879f-2ca340433d08", "splittingValue": "1.0", "children": [], "isLeaf": true, "prediction": 1.0}], "isLeaf": false}, {"uuid": "e0388d51-e581-4b01-9432-779009380f45", "depth": 13, "parent_uuid": "80725421-c3fc-442d-80b4-d551dcd60bc2", "splittingValue": "1.0", "children": [], "isLeaf": true, "prediction": 1.0}], "isLeaf": false}, {"uuid": "05730f3c-7b43-4e33-aa39-eb53d6a2740c", "depth": 12, "parent_uuid": "e9308d1a-cccf-42f8-95e7-ae6b1db78db8", "splittingValue": "1.0", "splittingAttirbute": "url.logo", "children": [{"uuid": "608ea46e-a06e-4954-b9dc-3780a4b61c51", "depth": 13, "parent_uuid": "05730f3c-7b43-4e33-aa39-eb53d6a2740c", "splittingValue": "0.0", "children": [], "isLeaf": true, "prediction": 1.0}, {"uuid": "474fa156-9388-431e-8164-96ea04a31953", "depth": 13, "parent_uuid": "05730f3c-7b43-4e33-aa39-eb53d6a2740c", "splittingValue": "1.0", "children": [], "isLeaf": true, "prediction": 0.0}], "isLeaf": false}], "isLeaf": false}, {"uuid": "ab5d1130-2399-45b1-a00a-64bbd15eb34b", "depth": 11, "parent_uuid": "73c4ceb8-b551-4cb0-a3f7-e03110d89c82", "splittingValue": "1.0", "children": [], "isLeaf": true, "prediction": 1.0}], "isLeaf": false}, {"uuid": "35af96c3-fc58-48ff-a779-d4bafcbe64f7", "depth": 10, "parent_uuid": "6f192792-f142-44e7-afe6-210f120646d4", "splittingValue": "1.0", "splittingAttirbute": "alt.to", "children": [{"uuid": "6d792d97-5e6e-476d-8c12-13d528f2cce6", "depth": 11, "parent_uuid": "35af96c3-fc58-48ff-a779-d4bafcbe64f7", "splittingValue": "0.0", "splittingAttirbute": "width", "children": [{"uuid": "141ab55e-5874-49a1-91d1-dfb045ec4d53", "depth": 12, "parent_uuid": "6d792d97-5e6e-476d-8c12-13d528f2cce6", "splittingValue": "(184.0, 640.0]", "children": [], "isLeaf": true, "prediction": 1.0}, {"uuid": "dc1b78a7-5c87-4e83-826a-236f7f45f0a2", "depth": 12, "parent_uuid": "6d792d97-5e6e-476d-8c12-13d528f2cce6", "splittingValue": "(110.0, 184.0]", "splittingAttirbute": "height", "children": [{"uuid": "ffb8ed5f-bf7c-48c8-a426-bf55f0704815", "depth": 13, "parent_uuid": "dc1b78a7-5c87-4e83-826a-236f7f45f0a2", "splittingValue": "(25.0, 51.0]", "children": [], "isLeaf": true, "prediction": 0.0}, {"uuid": "f8c7a21b-e079-4f5e-8c01-6a734ccf712e", "depth": 13, "parent_uuid": "dc1b78a7-5c87-4e83-826a-236f7f45f0a2", "splittingValue": "(51.0, 84.0]", "children": [], "isLeaf": true, "prediction": 1.0}, {"uuid": "1679cb61-6b02-4187-998f-03ed211ac667", "depth": 13, "parent_uuid": "dc1b78a7-5c87-4e83-826a-236f7f45f0a2", "splittingValue": "(84.0, 640.0]", "children": [], "isLeaf": true, "prediction": 0.0}], "isLeaf": false}, {"uuid": "824a0508-ad28-4c41-91a1-566d7f7d8897", "depth": 12, "parent_uuid": "6d792d97-5e6e-476d-8c12-13d528f2cce6", "splittingValue": "(81.0, 110.0]", "children": [], "isLeaf": true, "prediction": 1.0}], "isLeaf": false}, {"uuid": "578fc8d1-0f42-4f16-8a2a-77427b1baca1", "depth": 11, "parent_uuid": "35af96c3-fc58-48ff-a779-d4bafcbe64f7", "splittingValue": "1.0", "splittingAttirbute": "origurl.index", "children": [{"uuid": "12ffc0d4-afd3-4bc3-96a9-4a41acff0ee2", "depth": 12, "parent_uuid": "578fc8d1-0f42-4f16-8a2a-77427b1baca1", "splittingValue": "0.0", "children": [], "isLeaf": true, "prediction": 0.0}, {"uuid": "e343d34d-2002-474a-b141-27323fa10628", "depth": 12, "parent_uuid": "578fc8d1-0f42-4f16-8a2a-77427b1baca1", "splittingValue": "1.0", "children": [], "isLeaf": true, "prediction": 1.0}], "isLeaf": false}], "isLeaf": false}], "isLeaf": false}, {"uuid": "014248ee-16bf-4755-97fe-ed1eacc32fe1", "depth": 9, "parent_uuid": "8b8e8585-d27b-41f4-ab00-f626441d2c0a", "splittingValue": "1.0", "splittingAttirbute": "width", "children": [{"uuid": "27b267e0-b2cd-498c-b3cc-250906d4820b", "depth": 10, "parent_uuid": "014248ee-16bf-4755-97fe-ed1eacc32fe1", "splittingValue": "(184.0, 640.0]", "children": [], "isLeaf": true, "prediction": 1.0}, {"uuid": "047c66de-c533-4798-a1d6-a17993a7538e", "depth": 10, "parent_uuid": "014248ee-16bf-4755-97fe-ed1eacc32fe1", "splittingValue": "(81.0, 110.0]", "children": [], "isLeaf": true, "prediction": 0.0}, {"uuid": "d1f67865-d5e7-4d87-a5e7-df798fc7ec2e", "depth": 10, "parent_uuid": "014248ee-16bf-4755-97fe-ed1eacc32fe1", "splittingValue": "(110.0, 184.0]", "children": [], "isLeaf": true, "prediction": 0.0}], "isLeaf": false}], "isLeaf": false}, {"uuid": "61fa4db0-917f-4276-9ef8-a6561f858756", "depth": 8, "parent_uuid": "38c6616f-7fc2-45ef-b1c1-d82a3ec7d3c3", "splittingValue": "1.0", "children": [], "isLeaf": true, "prediction": 1.0}], "isLeaf": false}, {"uuid": "53e2fc18-267e-4978-934d-0ba694188d90", "depth": 7, "parent_uuid": "a0887562-04c5-48c1-975e-c36c63be9a32", "splittingValue": "1.0", "children": [], "isLeaf": true, "prediction": 1.0}], "isLeaf": false}, {"uuid": "fbf236ad-99b2-4290-95a9-549a1cb9e6ad", "depth": 6, "parent_uuid": "147f8803-678a-47f4-9147-9636078d5369", "splittingValue": "1.0", "splittingAttirbute": "height", "children": [{"uuid": "7c24729f-c401-4260-ab38-d667873b6e53", "depth": 7, "parent_uuid": "fbf236ad-99b2-4290-95a9-549a1cb9e6ad", "splittingValue": "(51.0, 84.0]", "children": [], "isLeaf": true, "prediction": 1.0}, {"uuid": "315071e4-3501-4ac3-bd64-265ebb7cff96", "depth": 7, "parent_uuid": "fbf236ad-99b2-4290-95a9-549a1cb9e6ad", "splittingValue": "(0.999, 25.0]", "splittingAttirbute": "aratio", "children": [{"uuid": "e260cf3d-52da-4e67-bff5-cff8106e823a", "depth": 8, "parent_uuid": "315071e4-3501-4ac3-bd64-265ebb7cff96", "splittingValue": "(1.036, 2.102]", "children": [], "isLeaf": true, "prediction": 0.0}, {"uuid": "83cc0f46-b105-4632-a180-05b4659ab689", "depth": 8, "parent_uuid": "315071e4-3501-4ac3-bd64-265ebb7cff96", "splittingValue": "(0.0005, 1.036]", "children": [], "isLeaf": true, "prediction": 1.0}, {"uuid": "72dd63f2-e9d1-4a3d-90ed-359604564e6a", "depth": 8, "parent_uuid": "315071e4-3501-4ac3-bd64-265ebb7cff96", "splittingValue": "(2.102, 5.333]", "children": [], "isLeaf": true, "prediction": 0.0}], "isLeaf": false}, {"uuid": "f8d3a09e-8c76-467e-a19b-c97a578b02b2", "depth": 7, "parent_uuid": "fbf236ad-99b2-4290-95a9-549a1cb9e6ad", "splittingValue": "(84.0, 640.0]", "children": [], "isLeaf": true, "prediction": 1.0}, {"uuid": "b3cc09ca-6386-4b07-a968-436c989de392", "depth": 7, "parent_uuid": "fbf236ad-99b2-4290-95a9-549a1cb9e6ad", "splittingValue": "(25.0, 51.0]", "children": [], "isLeaf": true, "prediction": 0.0}], "isLeaf": false}], "isLeaf": false}, {"uuid": "8baa6e93-75f8-4d0b-a0f1-a1035cd969b0", "depth": 5, "parent_uuid": "13496c6c-b5df-47cb-97c8-ec69f0fd2d96", "splittingValue": "1.0", "children": [], "isLeaf": true, "prediction": 1.0}], "isLeaf": false}, {"uuid": "a6b7b8f2-489a-41b5-84bb-c7a7acb3a574", "depth": 4, "parent_uuid": "3b944468-9f0e-4584-9596-a6d86a6c0053", "splittingValue": "1.0", "children": [], "isLeaf": true, "prediction": 1.0}], "isLeaf": false}, {"uuid": "b445936f-121a-473b-afcb-b9b89ab1c05e", "depth": 3, "parent_uuid": "3e973e00-374e-4865-9adb-acadb5643b5e", "splittingValue": "1.0", "splittingAttirbute": "width", "children": [{"uuid": "7c958c06-66ac-413f-b0b9-6f2fda7d68a7", "depth": 4, "parent_uuid": "b445936f-121a-473b-afcb-b9b89ab1c05e", "splittingValue": "(184.0, 640.0]", "children": [], "isLeaf": true, "prediction": 1.0}, {"uuid": "379d72ec-42b8-47fe-ad2e-031d7b29d38c", "depth": 4, "parent_uuid": "b445936f-121a-473b-afcb-b9b89ab1c05e", "splittingValue": "(110.0, 184.0]", "children": [], "isLeaf": true, "prediction": 1.0}, {"uuid": "868245f8-5991-4d84-b0cb-07089e8321c8", "depth": 4, "parent_uuid": "b445936f-121a-473b-afcb-b9b89ab1c05e", "splittingValue": "(81.0, 110.0]", "splittingAttirbute": "local", "children": [{"uuid": "ceebfe12-553c-4141-9aaa-c1585b0654fc", "depth": 5, "parent_uuid": "868245f8-5991-4d84-b0cb-07089e8321c8", "splittingValue": "1.0", "children": [], "isLeaf": true, "prediction": 1.0}, {"uuid": "d53f5004-2be8-49fa-b6a0-3204aeb9c6a2", "depth": 5, "parent_uuid": "868245f8-5991-4d84-b0cb-07089e8321c8", "splittingValue": "0.0", "children": [], "isLeaf": true, "prediction": 0.0}], "isLeaf": false}, {"uuid": "03778d31-e54a-4256-963d-51a64211350f", "depth": 4, "parent_uuid": "b445936f-121a-473b-afcb-b9b89ab1c05e", "splittingValue": "(0.999, 81.0]", "children": [], "isLeaf": true, "prediction": 0.0}], "isLeaf": false}], "isLeaf": false}, {"uuid": "d30128cd-b849-4480-ae6f-05609060e0a5", "depth": 2, "parent_uuid": "f7e816cc-5aff-42f7-abea-b97069bd46ff", "splittingValue": "1.0", "splittingAttirbute": "height", "children": [{"uuid": "111a2624-b9a1-420c-b866-4d3638a96ce9", "depth": 3, "parent_uuid": "d30128cd-b849-4480-ae6f-05609060e0a5", "splittingValue": "(51.0, 84.0]", "splittingAttirbute": "origurl.www.news.observer.com", "children": [{"uuid": "7e245786-cb6a-4a96-86b5-49238afd0f43", "depth": 4, "parent_uuid": "111a2624-b9a1-420c-b866-4d3638a96ce9", "splittingValue": "0.0", "children": [], "isLeaf": true, "prediction": 1.0}, {"uuid": "3d01190f-a784-4f51-9729-c94c80ddff94", "depth": 4, "parent_uuid": "111a2624-b9a1-420c-b866-4d3638a96ce9", "splittingValue": "1.0", "children": [], "isLeaf": true, "prediction": 0.0}], "isLeaf": false}, {"uuid": "9794c6f1-a576-4f3f-850f-a23b740f2c37", "depth": 3, "parent_uuid": "d30128cd-b849-4480-ae6f-05609060e0a5", "splittingValue": "(84.0, 640.0]", "children": [], "isLeaf": true, "prediction": 1.0}, {"uuid": "c6f8186e-0f95-4604-abf4-99451bfc19b6", "depth": 3, "parent_uuid": "d30128cd-b849-4480-ae6f-05609060e0a5", "splittingValue": "(25.0, 51.0]", "children": [], "isLeaf": true, "prediction": 1.0}, {"uuid": "92dabae7-0594-49a8-b0bc-d482c13d61c7", "depth": 3, "parent_uuid": "d30128cd-b849-4480-ae6f-05609060e0a5", "splittingValue": "(0.999, 25.0]", "children": [], "isLeaf": true, "prediction": 0.0}], "isLeaf": false}], "isLeaf": false}