{"uuid": "e5948be3-e9c1-446f-afe0-65a6910e7e8d", "depth": 1, "splittingAttirbute": "ancurl.com", "children": [{"uuid": "b46b4776-51ad-4aa3-bc94-fa5db83c4b8b", "depth": 2, "parent_uuid": "e5948be3-e9c1-446f-afe0-65a6910e7e8d", "splittingValue": "0.0", "splittingAttirbute": "url.ads", "children": [{"uuid": "27d58e2d-7cff-4db6-bfa4-ad3f76705419", "depth": 3, "parent_uuid": "b46b4776-51ad-4aa3-bc94-fa5db83c4b8b", "splittingValue": "0.0", "splittingAttirbute": "ancurl.click", "children": [{"uuid": "20e5a749-26fd-4031-99f2-5252877e5db6", "depth": 4, "parent_uuid": "27d58e2d-7cff-4db6-bfa4-ad3f76705419", "splittingValue": "0.0", "splittingAttirbute": "ancurl.uk", "children": [{"uuid": "0061ac96-b761-4a00-a025-8c8e1a5f04a7", "depth": 5, "parent_uuid": "20e5a749-26fd-4031-99f2-5252877e5db6", "splittingValue": "0.0", "splittingAttirbute": "url.bin", "children": [{"uuid": "b2048a45-b107-4653-bcd9-15129c702b94", "depth": 6, "parent_uuid": "0061ac96-b761-4a00-a025-8c8e1a5f04a7", "splittingValue": "0.0", "splittingAttirbute": "ancurl.http.www", "children": [{"uuid": "c98b592b-a235-499e-aed7-c00b976c4362", "depth": 7, "parent_uuid": "b2048a45-b107-4653-bcd9-15129c702b94", "splittingValue": "0.0", "splittingAttirbute": "origurl.jun", "children": [{"uuid": "f556fc5e-529c-42e6-b4d5-4fdb28291e71", "depth": 8, "parent_uuid": "c98b592b-a235-499e-aed7-c00b976c4362", "splittingValue": "0.0", "splittingAttirbute": "url.images.home", "children": [{"uuid": "cc77596f-0389-42d0-8251-af8fe6a122c8", "depth": 9, "parent_uuid": "f556fc5e-529c-42e6-b4d5-4fdb28291e71", "splittingValue": "0.0", "splittingAttirbute": "alt.click.here", "children": [{"uuid": "49735359-7aa8-47c6-ae8c-7ff9fdc8077d", "depth": 10, "parent_uuid": "cc77596f-0389-42d0-8251-af8fe6a122c8", "splittingValue": "0.0", "children": [], "isLeaf": true, "prediction": 0.0}, {"uuid": "3de0f03e-a2d1-40a5-a4e3-388c55569f08", "depth": 10, "parent_uuid": "cc77596f-0389-42d0-8251-af8fe6a122c8", "splittingValue": "1.0", "children": [], "isLeaf": true, "prediction": 0.0}], "isLeaf": false}, {"uuid": "d3d12232-1948-48a5-a507-425cc7242958", "depth": 9, "parent_uuid": "f556fc5e-529c-42e6-b4d5-4fdb28291e71", "splittingValue": "1.0", "splittingAttirbute": "width", "children": [{"uuid": "2420c342-ec6d-41af-ab4f-5e4a2ed1e1e6", "depth": 10, "parent_uuid": "d3d12232-1948-48a5-a507-425cc7242958", "splittingValue": "(184.0, 640.0]", "children": [], "isLeaf": true, "prediction": 1.0}, {"uuid": "856fc083-27c3-4ddd-98cc-da329a21b4dc", "depth": 10, "parent_uuid": "d3d12232-1948-48a5-a507-425cc7242958", "splittingValue": "(81.0, 110.0]", "children": [], "isLeaf": true, "prediction": 0.0}, {"uuid": "21446585-32d7-4da5-acc2-f48324e564e3", "depth": 10, "parent_uuid": "d3d12232-1948-48a5-a507-425cc7242958", "splittingValue": "(110.0, 184.0]", "children": [], "isLeaf": true, "prediction": 0.0}], "isLeaf": false}], "isLeaf": false}, {"uuid": "5e1410d7-ca3d-44bc-8f7d-ebbf9f8145fb", "depth": 8, "parent_uuid": "c98b592b-a235-499e-aed7-c00b976c4362", "splittingValue": "1.0", "children": [], "isLeaf": true, "prediction": 1.0}], "isLeaf": false}, {"uuid": "87c8a65e-27b6-42c6-84ae-249e31a8a75c", "depth": 7, "parent_uuid": "b2048a45-b107-4653-bcd9-15129c702b94", "splittingValue": "1.0", "children": [], "isLeaf": true, "prediction": 1.0}], "isLeaf": false}, {"uuid": "67ee2659-a2fa-4dbc-8132-0b1698c11586", "depth": 6, "parent_uuid": "0061ac96-b761-4a00-a025-8c8e1a5f04a7", "splittingValue": "1.0", "splittingAttirbute": "height", "children": [{"uuid": "13705dfc-1b6e-4ad0-952d-0051415782c1", "depth": 7, "parent_uuid": "67ee2659-a2fa-4dbc-8132-0b1698c11586", "splittingValue": "(51.0, 84.0]", "children": [], "isLeaf": true, "prediction": 1.0}, {"uuid": "bbb06bc0-e061-494a-b3b9-ba880fa37806", "depth": 7, "parent_uuid": "67ee2659-a2fa-4dbc-8132-0b1698c11586", "splittingValue": "(0.999, 25.0]", "splittingAttirbute": "aratio", "children": [{"uuid": "0ac9f462-03c2-401f-b281-7c27c0e9a526", "depth": 8, "parent_uuid": "bbb06bc0-e061-494a-b3b9-ba880fa37806", "splittingValue": "(1.036, 2.102]", "children": [], "isLeaf": true, "prediction": 0.0}, {"uuid": "2b226ca6-919c-417a-b004-ca4ec0e03579", "depth": 8, "parent_uuid": "bbb06bc0-e061-494a-b3b9-ba880fa37806", "splittingValue": "(0.0005, 1.036]", "children": [], "isLeaf": true, "prediction": 1.0}, {"uuid": "14d80c5c-1002-42cb-b352-1ff1b1a957a3", "depth": 8, "parent_uuid": "bbb06bc0-e061-494a-b3b9-ba880fa37806", "splittingValue": "(2.102, 5.333]", "children": [], "isLeaf": true, "prediction": 0.0}], "isLeaf": false}, {"uuid": "4937f4d2-7ed7-457f-a8c8-114d41ef2b98", "depth": 7, "parent_uuid": "67ee2659-a2fa-4dbc-8132-0b1698c11586", "splittingValue": "(84.0, 640.0]", "children": [], "isLeaf": true, "prediction": 1.0}, {"uuid": "99379223-b744-472c-92b4-e0219adf3ad0", "depth": 7, "parent_uuid": "67ee2659-a2fa-4dbc-8132-0b1698c11586", "splittingValue": "(25.0, 51.0]", "children": [], "isLeaf": true, "prediction": 0.0}], "isLeaf": false}], "isLeaf": false}, {"uuid": "7e55f724-c05d-4558-b57c-895849470949", "depth": 5, "parent_uuid": "20e5a749-26fd-4031-99f2-5252877e5db6", "splittingValue": "1.0", "children": [], "isLeaf": true, "prediction": 1.0}], "isLeaf": false}, {"uuid": "13ac7a1a-b5a6-4564-a3d6-a725d9cdb9dd", "depth": 4, "parent_uuid": "27d58e2d-7cff-4db6-bfa4-ad3f76705419", "splittingValue": "1.0", "children": [], "isLeaf": true, "prediction": 1.0}], "isLeaf": false}, {"uuid": "66b0aede-220c-4d52-8acf-5ddb16d85c46", "depth": 3, "parent_uuid": "b46b4776-51ad-4aa3-bc94-fa5db83c4b8b", "splittingValue": "1.0", "splittingAttirbute": "width", "children": [{"uuid": "738c77da-27b4-40b5-88c1-a685a6092a09", "depth": 4, "parent_uuid": "66b0aede-220c-4d52-8acf-5ddb16d85c46", "splittingValue": "(184.0, 640.0]", "children": [], "isLeaf": true, "prediction": 1.0}, {"uuid": "0b0848eb-c2c1-46bd-8b49-761be6b9e147", "depth": 4, "parent_uuid": "66b0aede-220c-4d52-8acf-5ddb16d85c46", "splittingValue": "(110.0, 184.0]", "children": [], "isLeaf": true, "prediction": 1.0}, {"uuid": "70d410cf-a6ed-4d9f-b694-7a0f3e3c7e5c", "depth": 4, "parent_uuid": "66b0aede-220c-4d52-8acf-5ddb16d85c46", "splittingValue": "(81.0, 110.0]", "splittingAttirbute": "local", "children": [{"uuid": "e6997ccc-1c8c-42b2-b2c3-5f450b084ef9", "depth": 5, "parent_uuid": "70d410cf-a6ed-4d9f-b694-7a0f3e3c7e5c", "splittingValue": "1.0", "children": [], "isLeaf": true, "prediction": 1.0}, {"uuid": "5171eb70-076b-4493-8e5b-95ed8c36fcc1", "depth": 5, "parent_uuid": "70d410cf-a6ed-4d9f-b694-7a0f3e3c7e5c", "splittingValue": "0.0", "children": [], "isLeaf": true, "prediction": 0.0}], "isLeaf": false}, {"uuid": "6e47125c-74bb-4665-8e47-2ba8080b39f2", "depth": 4, "parent_uuid": "66b0aede-220c-4d52-8acf-5ddb16d85c46", "splittingValue": "(0.999, 81.0]", "children": [], "isLeaf": true, "prediction": 0.0}], "isLeaf": false}], "isLeaf": false}, {"uuid": "fbb4d325-daad-4cdb-b44e-c7fd3534c848", "depth": 2, "parent_uuid": "e5948be3-e9c1-446f-afe0-65a6910e7e8d", "splittingValue": "1.0", "splittingAttirbute": "height", "children": [{"uuid": "52e0c5f2-2825-48a5-91f6-5747bf3aed1b", "depth": 3, "parent_uuid": "fbb4d325-daad-4cdb-b44e-c7fd3534c848", "splittingValue": "(51.0, 84.0]", "splittingAttirbute": "origurl.www.news.observer.com", "children": [{"uuid": "20975288-dc80-4d0a-9d45-d5e0eb006096", "depth": 4, "parent_uuid": "52e0c5f2-2825-48a5-91f6-5747bf3aed1b", "splittingValue": "0.0", "children": [], "isLeaf": true, "prediction": 1.0}, {"uuid": "ddaa8110-97b5-415f-b8e9-a1ff73507ccc", "depth": 4, "parent_uuid": "52e0c5f2-2825-48a5-91f6-5747bf3aed1b", "splittingValue": "1.0", "children": [], "isLeaf": true, "prediction": 0.0}], "isLeaf": false}, {"uuid": "4a79cf20-4308-46ab-b37e-f5d9c95b14f4", "depth": 3, "parent_uuid": "fbb4d325-daad-4cdb-b44e-c7fd3534c848", "splittingValue": "(84.0, 640.0]", "children": [], "isLeaf": true, "prediction": 1.0}, {"uuid": "adb76e50-7965-43cf-9ee3-4b488202aa3c", "depth": 3, "parent_uuid": "fbb4d325-daad-4cdb-b44e-c7fd3534c848", "splittingValue": "(25.0, 51.0]", "children": [], "isLeaf": true, "prediction": 1.0}, {"uuid": "0b4a1ab7-4b4d-46ab-8e1d-38fcd10a5b57", "depth": 3, "parent_uuid": "fbb4d325-daad-4cdb-b44e-c7fd3534c848", "splittingValue": "(0.999, 25.0]", "children": [], "isLeaf": true, "prediction": 0.0}], "isLeaf": false}], "isLeaf": false}