{"uuid": "2772f777-3d12-4307-a39b-c682a12cc6f3", "depth": 1, "splittingAttirbute": "ancurl.com", "children": [{"uuid": "65b34320-3f1b-44ce-9dba-44972412502d", "depth": 2, "parent_uuid": "2772f777-3d12-4307-a39b-c682a12cc6f3", "splittingValue": "0.0", "splittingAttirbute": "url.ads", "children": [{"uuid": "2f27c06e-27ba-48d1-a43b-c5e3bb7d245a", "depth": 3, "parent_uuid": "65b34320-3f1b-44ce-9dba-44972412502d", "splittingValue": "0.0", "splittingAttirbute": "width", "children": [{"uuid": "8abe4a8a-cf6a-4586-a197-b77cca117e24", "depth": 4, "parent_uuid": "2f27c06e-27ba-48d1-a43b-c5e3bb7d245a", "splittingValue": "(81.0, 110.0]", "children": [], "isLeaf": true, "prediction": 0.0}, {"uuid": "9e239988-25dd-4574-850d-5f349b16fb6e", "depth": 4, "parent_uuid": "2f27c06e-27ba-48d1-a43b-c5e3bb7d245a", "splittingValue": "(184.0, 640.0]", "children": [], "isLeaf": true, "prediction": 0.0}, {"uuid": "cd6654b9-4511-4624-aff1-db1e2d5d7859", "depth": 4, "parent_uuid": "2f27c06e-27ba-48d1-a43b-c5e3bb7d245a", "splittingValue": "(0.999, 81.0]", "children": [], "isLeaf": true, "prediction": 0.0}, {"uuid": "7eccf292-bfcd-4cfa-9fab-6c63a9953a3f", "depth": 4, "parent_uuid": "2f27c06e-27ba-48d1-a43b-c5e3bb7d245a", "splittingValue": "(110.0, 184.0]", "children": [], "isLeaf": true, "prediction": 0.0}], "isLeaf": false}, {"uuid": "d7c02100-380b-4e4e-8bc7-3892fd2568e5", "depth": 3, "parent_uuid": "65b34320-3f1b-44ce-9dba-44972412502d", "splittingValue": "1.0", "splittingAttirbute": "width", "children": [{"uuid": "4999ba4c-c39b-452f-9e73-a21addee8c58", "depth": 4, "parent_uuid": "d7c02100-380b-4e4e-8bc7-3892fd2568e5", "splittingValue": "(184.0, 640.0]", "children": [], "isLeaf": true, "prediction": 1.0}, {"uuid": "4bf1d8ea-a318-436d-a98e-687cc111a17a", "depth": 4, "parent_uuid": "d7c02100-380b-4e4e-8bc7-3892fd2568e5", "splittingValue": "(110.0, 184.0]", "children": [], "isLeaf": true, "prediction": 1.0}, {"uuid": "a4ce0a6e-0b48-48f2-ab2d-f4dbc78ffed6", "depth": 4, "parent_uuid": "d7c02100-380b-4e4e-8bc7-3892fd2568e5", "splittingValue": "(81.0, 110.0]", "children": [], "isLeaf": true, "prediction": 1.0}, {"uuid": "554c447f-2264-4051-aaec-f1dab1088c8e", "depth": 4, "parent_uuid": "d7c02100-380b-4e4e-8bc7-3892fd2568e5", "splittingValue": "(0.999, 81.0]", "children": [], "isLeaf": true, "prediction": 0.0}], "isLeaf": false}], "isLeaf": false}, {"uuid": "ef8cde7f-e882-469e-bfb7-a9e34251fb5d", "depth": 2, "parent_uuid": "2772f777-3d12-4307-a39b-c682a12cc6f3", "splittingValue": "1.0", "splittingAttirbute": "height", "children": [{"uuid": "595d6607-ecb5-4446-ba8d-47c255dfa1eb", "depth": 3, "parent_uuid": "ef8cde7f-e882-469e-bfb7-a9e34251fb5d", "splittingValue": "(51.0, 84.0]", "splittingAttirbute": "origurl.www.news.observer.com", "children": [{"uuid": "af46b2b2-0369-433f-8f71-7b3a34321fcc", "depth": 4, "parent_uuid": "595d6607-ecb5-4446-ba8d-47c255dfa1eb", "splittingValue": "0.0", "children": [], "isLeaf": true, "prediction": 1.0}, {"uuid": "f827bae7-4e3d-4d25-8f1b-4d7d75fb51d2", "depth": 4, "parent_uuid": "595d6607-ecb5-4446-ba8d-47c255dfa1eb", "splittingValue": "1.0", "children": [], "isLeaf": true, "prediction": 0.0}], "isLeaf": false}, {"uuid": "0a7355df-dc99-482f-b2ba-7bffd83adb1c", "depth": 3, "parent_uuid": "ef8cde7f-e882-469e-bfb7-a9e34251fb5d", "splittingValue": "(84.0, 640.0]", "children": [], "isLeaf": true, "prediction": 1.0}, {"uuid": "be31ad3a-f87a-4a8d-81f9-8dc09e46ce0b", "depth": 3, "parent_uuid": "ef8cde7f-e882-469e-bfb7-a9e34251fb5d", "splittingValue": "(25.0, 51.0]", "children": [], "isLeaf": true, "prediction": 1.0}, {"uuid": "82582205-1df9-45ec-857a-3c96222c6471", "depth": 3, "parent_uuid": "ef8cde7f-e882-469e-bfb7-a9e34251fb5d", "splittingValue": "(0.999, 25.0]", "children": [], "isLeaf": true, "prediction": 0.0}], "isLeaf": false}], "isLeaf": false}