{"uuid": "a29d56cd-ced9-4aee-99ef-c0c1a9d670d3", "depth": 1, "splittingAttirbute": "ancurl.com", "children": [{"uuid": "9d618020-b67d-4c79-ba35-7f48bc92489f", "depth": 2, "parent_uuid": "a29d56cd-ced9-4aee-99ef-c0c1a9d670d3", "splittingValue": "0.0", "splittingAttirbute": "url.ads", "children": [{"uuid": "8bc80bb8-1ed4-453c-9ab5-0f4315234f29", "depth": 3, "parent_uuid": "9d618020-b67d-4c79-ba35-7f48bc92489f", "splittingValue": "0.0", "splittingAttirbute": "width", "children": [{"uuid": "3a752729-31c9-4ff8-acd5-6dfe04e0895f", "depth": 4, "parent_uuid": "8bc80bb8-1ed4-453c-9ab5-0f4315234f29", "splittingValue": "(81.0, 110.0]", "splittingAttirbute": "ancurl.click", "children": [{"uuid": "5ebf7b93-96bf-4e8a-be6b-b01d14f3767d", "depth": 5, "parent_uuid": "3a752729-31c9-4ff8-acd5-6dfe04e0895f", "splittingValue": "0.0", "splittingAttirbute": "ancurl.exe", "children": [{"uuid": "7c70d17a-051f-4e6c-bb39-f2eb32243942", "depth": 6, "parent_uuid": "5ebf7b93-96bf-4e8a-be6b-b01d14f3767d", "splittingValue": "0.0", "splittingAttirbute": "origurl.www.thriveonline.com", "children": [{"uuid": "3e813f55-de3c-4762-bc74-7cc026733290", "depth": 7, "parent_uuid": "7c70d17a-051f-4e6c-bb39-f2eb32243942", "splittingValue": "0.0", "splittingAttirbute": "url.logo.gif", "children": [{"uuid": "739c0268-5911-420d-8bd0-833aa08ef2fc", "depth": 8, "parent_uuid": "3e813f55-de3c-4762-bc74-7cc026733290", "splittingValue": "0.0", "splittingAttirbute": "alt.all", "children": [{"uuid": "b47b0399-e566-4578-a230-261feb600216", "depth": 9, "parent_uuid": "739c0268-5911-420d-8bd0-833aa08ef2fc", "splittingValue": "0.0", "children": [], "isLeaf": true, "prediction": 0.0}, {"uuid": "010d4ce4-5e55-45a0-a8d0-26d2fd688567", "depth": 9, "parent_uuid": "739c0268-5911-420d-8bd0-833aa08ef2fc", "splittingValue": "1.0", "splittingAttirbute": "height", "children": [{"uuid": "792da858-9b4e-466d-bfa6-3313245412e0", "depth": 10, "parent_uuid": "010d4ce4-5e55-45a0-a8d0-26d2fd688567", "splittingValue": "(51.0, 84.0]", "children": [], "isLeaf": true, "prediction": 0.0}, {"uuid": "ea9defbb-9bb5-40fd-b0a2-60c7383c4e98", "depth": 10, "parent_uuid": "010d4ce4-5e55-45a0-a8d0-26d2fd688567", "splittingValue": "(84.0, 640.0]", "children": [], "isLeaf": true, "prediction": 1.0}], "isLeaf": false}], "isLeaf": false}, {"uuid": "df7b6783-85d5-4316-abe4-276123b796c8", "depth": 8, "parent_uuid": "3e813f55-de3c-4762-bc74-7cc026733290", "splittingValue": "1.0", "splittingAttirbute": "url.www.autotown.com", "children": [{"uuid": "8dac303b-17cc-4a4d-997d-e3d3853e2ed3", "depth": 9, "parent_uuid": "df7b6783-85d5-4316-abe4-276123b796c8", "splittingValue": "1.0", "children": [], "isLeaf": true, "prediction": 0.0}, {"uuid": "053c22e4-4e4e-4ab9-b9bb-a8bbd2632bd7", "depth": 9, "parent_uuid": "df7b6783-85d5-4316-abe4-276123b796c8", "splittingValue": "0.0", "children": [], "isLeaf": true, "prediction": 1.0}], "isLeaf": false}], "isLeaf": false}, {"uuid": "8a4b68d3-74bb-4f1a-8345-fe3970f2a6ed", "depth": 7, "parent_uuid": "7c70d17a-051f-4e6c-bb39-f2eb32243942", "splittingValue": "1.0", "children": [], "isLeaf": true, "prediction": 1.0}], "isLeaf": false}, {"uuid": "a44c1ed2-4957-4bbd-abb5-d8fbefa61ab5", "depth": 6, "parent_uuid": "5ebf7b93-96bf-4e8a-be6b-b01d14f3767d", "splittingValue": "1.0", "splittingAttirbute": "ancurl.bin", "children": [{"uuid": "16ea0573-4956-4b92-a0ea-aacfb721833e", "depth": 7, "parent_uuid": "a44c1ed2-4957-4bbd-abb5-d8fbefa61ab5", "splittingValue": "1.0", "children": [], "isLeaf": true, "prediction": 1.0}, {"uuid": "61a65ad5-4179-44b9-8891-14479b6630db", "depth": 7, "parent_uuid": "a44c1ed2-4957-4bbd-abb5-d8fbefa61ab5", "splittingValue": "0.0", "children": [], "isLeaf": true, "prediction": 0.0}], "isLeaf": false}], "isLeaf": false}, {"uuid": "7e23f453-85ff-406d-af21-bface41622d2", "depth": 5, "parent_uuid": "3a752729-31c9-4ff8-acd5-6dfe04e0895f", "splittingValue": "1.0", "children": [], "isLeaf": true, "prediction": 1.0}], "isLeaf": false}, {"uuid": "27fdd794-2dd1-4adb-88ac-5aa5144129cb", "depth": 4, "parent_uuid": "8bc80bb8-1ed4-453c-9ab5-0f4315234f29", "splittingValue": "(184.0, 640.0]", "splittingAttirbute": "aratio", "children": [{"uuid": "7e28f612-e0ac-466d-b8ec-24434f5d9d9f", "depth": 5, "parent_uuid": "27fdd794-2dd1-4adb-88ac-5aa5144129cb", "splittingValue": "(5.333, 60.0]", "splittingAttirbute": "height", "children": [{"uuid": "ea197b47-d67d-4b0a-8b6a-ff7b1600c95c", "depth": 6, "parent_uuid": "7e28f612-e0ac-466d-b8ec-24434f5d9d9f", "splittingValue": "(25.0, 51.0]", "splittingAttirbute": "ancurl.index.html", "children": [{"uuid": "a09149ff-cb21-4f1a-916c-d39858220eef", "depth": 7, "parent_uuid": "ea197b47-d67d-4b0a-8b6a-ff7b1600c95c", "splittingValue": "0.0", "splittingAttirbute": "alt.here", "children": [{"uuid": "a11fbc3d-7ec3-449f-9d07-e246c6770cd3", "depth": 8, "parent_uuid": "a09149ff-cb21-4f1a-916c-d39858220eef", "splittingValue": "0.0", "splittingAttirbute": "url.images.home", "children": [{"uuid": "36db5ab5-405b-4eb3-b35b-53838c1fa595", "depth": 9, "parent_uuid": "a11fbc3d-7ec3-449f-9d07-e246c6770cd3", "splittingValue": "0.0", "splittingAttirbute": "url.ng.spacedesc", "children": [{"uuid": "263c8b7c-5de6-4da5-b7a4-ee3a0dae359c", "depth": 10, "parent_uuid": "36db5ab5-405b-4eb3-b35b-53838c1fa595", "splittingValue": "0.0", "children": [], "isLeaf": true, "prediction": 0.0}, {"uuid": "7fe30ce2-2ab0-4951-bfd6-56184f6faf2e", "depth": 10, "parent_uuid": "36db5ab5-405b-4eb3-b35b-53838c1fa595", "splittingValue": "1.0", "children": [], "isLeaf": true, "prediction": 1.0}], "isLeaf": false}, {"uuid": "6f960c56-c5e0-41ef-b2f6-cf862c95ff82", "depth": 9, "parent_uuid": "a11fbc3d-7ec3-449f-9d07-e246c6770cd3", "splittingValue": "1.0", "children": [], "isLeaf": true, "prediction": 1.0}], "isLeaf": false}, {"uuid": "cc5d7378-8eac-47da-ab09-3632df0ddcd8", "depth": 8, "parent_uuid": "a09149ff-cb21-4f1a-916c-d39858220eef", "splittingValue": "1.0", "children": [], "isLeaf": true, "prediction": 1.0}], "isLeaf": false}, {"uuid": "664bb903-7ded-4acc-aae4-ddbb41c4c5de", "depth": 7, "parent_uuid": "ea197b47-d67d-4b0a-8b6a-ff7b1600c95c", "splittingValue": "1.0", "children": [], "isLeaf": true, "prediction": 1.0}], "isLeaf": false}, {"uuid": "c1d7fc28-4c40-4e3a-bf34-c9d1e0aebf3c", "depth": 6, "parent_uuid": "7e28f612-e0ac-466d-b8ec-24434f5d9d9f", "splittingValue": "(0.999, 25.0]", "splittingAttirbute": "ancurl.download", "children": [{"uuid": "078a26e3-f65e-4fcc-bb99-fd2dbdb6739f", "depth": 7, "parent_uuid": "c1d7fc28-4c40-4e3a-bf34-c9d1e0aebf3c", "splittingValue": "0.0", "children": [], "isLeaf": true, "prediction": 0.0}, {"uuid": "4b6f41b8-11a4-4c9c-b967-e26ac5d70c2f", "depth": 7, "parent_uuid": "c1d7fc28-4c40-4e3a-bf34-c9d1e0aebf3c", "splittingValue": "1.0", "children": [], "isLeaf": true, "prediction": 1.0}], "isLeaf": false}, {"uuid": "fdd1b8c7-32df-439a-a2f5-496e57dac7f7", "depth": 6, "parent_uuid": "7e28f612-e0ac-466d-b8ec-24434f5d9d9f", "splittingValue": "(51.0, 84.0]", "splittingAttirbute": "url.gifs", "children": [{"uuid": "f92503b3-4a09-476b-94c1-2b98b8dba19c", "depth": 7, "parent_uuid": "fdd1b8c7-32df-439a-a2f5-496e57dac7f7", "splittingValue": "0.0", "splittingAttirbute": "url.zueri.ch", "children": [{"uuid": "495fcde8-4a61-488a-afe4-469f1d55a4c0", "depth": 8, "parent_uuid": "f92503b3-4a09-476b-94c1-2b98b8dba19c", "splittingValue": "0.0", "splittingAttirbute": "origurl.www.innotts.co.uk", "children": [{"uuid": "29e50837-6ef5-4511-8861-2013c1220b4c", "depth": 9, "parent_uuid": "495fcde8-4a61-488a-afe4-469f1d55a4c0", "splittingValue": "0.0", "splittingAttirbute": "local", "children": [{"uuid": "19b1b1de-f880-4b83-8d13-b0a512836a67", "depth": 10, "parent_uuid": "29e50837-6ef5-4511-8861-2013c1220b4c", "splittingValue": "1.0", "children": [], "isLeaf": true, "prediction": 1.0}, {"uuid": "b7883299-d13d-4267-9f97-cc1379ec2373", "depth": 10, "parent_uuid": "29e50837-6ef5-4511-8861-2013c1220b4c", "splittingValue": "0.0", "children": [], "isLeaf": true, "prediction": 1.0}], "isLeaf": false}, {"uuid": "136d970b-d1ed-46bb-a2d8-fd54f491d8f9", "depth": 9, "parent_uuid": "495fcde8-4a61-488a-afe4-469f1d55a4c0", "splittingValue": "1.0", "children": [], "isLeaf": true, "prediction": 0.0}], "isLeaf": false}, {"uuid": "5915e5dc-ef0d-441a-9e26-d58623d3f06a", "depth": 8, "parent_uuid": "f92503b3-4a09-476b-94c1-2b98b8dba19c", "splittingValue": "1.0", "children": [], "isLeaf": true, "prediction": 0.0}], "isLeaf": false}, {"uuid": "79184ecc-7b22-4279-b776-9317bd33e347", "depth": 7, "parent_uuid": "fdd1b8c7-32df-439a-a2f5-496e57dac7f7", "splittingValue": "1.0", "children": [], "isLeaf": true, "prediction": 0.0}], "isLeaf": false}, {"uuid": "ce26f3ec-5900-49cf-a5a9-65fd95a7bd45", "depth": 6, "parent_uuid": "7e28f612-e0ac-466d-b8ec-24434f5d9d9f", "splittingValue": "(84.0, 640.0]", "children": [], "isLeaf": true, "prediction": 1.0}], "isLeaf": false}, {"uuid": "d6fa0c1f-d6e7-4c23-b1da-c49ee40751bc", "depth": 5, "parent_uuid": "27fdd794-2dd1-4adb-88ac-5aa5144129cb", "splittingValue": "(1.036, 2.102]", "children": [], "isLeaf": true, "prediction": 0.0}, {"uuid": "d25cab4e-ceab-4357-be9f-98e32bff2d33", "depth": 5, "parent_uuid": "27fdd794-2dd1-4adb-88ac-5aa5144129cb", "splittingValue": "(2.102, 5.333]", "splittingAttirbute": "url.home", "children": [{"uuid": "b061fd3a-4909-4f50-a87c-935a941bd7c0", "depth": 6, "parent_uuid": "d25cab4e-ceab-4357-be9f-98e32bff2d33", "splittingValue": "0.0", "splittingAttirbute": "url.banner", "children": [{"uuid": "3e655095-17d7-4b1c-afc3-c2fe2dbcfd5d", "depth": 7, "parent_uuid": "b061fd3a-4909-4f50-a87c-935a941bd7c0", "splittingValue": "0.0", "splittingAttirbute": "ancurl.default", "children": [{"uuid": "cd81c628-7285-400c-be51-f22b80c4e0cf", "depth": 8, "parent_uuid": "3e655095-17d7-4b1c-afc3-c2fe2dbcfd5d", "splittingValue": "0.0", "splittingAttirbute": "origurl.index.html", "children": [{"uuid": "49459d93-e9e3-43bd-a9b1-1f22451c676d", "depth": 9, "parent_uuid": "cd81c628-7285-400c-be51-f22b80c4e0cf", "splittingValue": "0.0", "children": [], "isLeaf": true, "prediction": 0.0}, {"uuid": "b0f62f15-2284-4319-8650-95ca51e8c319", "depth": 9, "parent_uuid": "cd81c628-7285-400c-be51-f22b80c4e0cf", "splittingValue": "1.0", "splittingAttirbute": "height", "children": [{"uuid": "de032bad-64e6-46c1-99cf-006093929bef", "depth": 10, "parent_uuid": "b0f62f15-2284-4319-8650-95ca51e8c319", "splittingValue": "(25.0, 51.0]", "children": [], "isLeaf": true, "prediction": 0.0}, {"uuid": "7a1774c8-4586-40d3-aa5b-9feff38824e3", "depth": 10, "parent_uuid": "b0f62f15-2284-4319-8650-95ca51e8c319", "splittingValue": "(84.0, 640.0]", "children": [], "isLeaf": true, "prediction": 1.0}], "isLeaf": false}], "isLeaf": false}, {"uuid": "ca0be99b-1eab-4270-93ee-64b8f5bf1b27", "depth": 8, "parent_uuid": "3e655095-17d7-4b1c-afc3-c2fe2dbcfd5d", "splittingValue": "1.0", "children": [], "isLeaf": true, "prediction": 1.0}], "isLeaf": false}, {"uuid": "d6a85216-b67d-4602-9bc3-e8fcc74475a3", "depth": 7, "parent_uuid": "b061fd3a-4909-4f50-a87c-935a941bd7c0", "splittingValue": "1.0", "children": [], "isLeaf": true, "prediction": 1.0}], "isLeaf": false}, {"uuid": "76d30933-760c-4ae2-8a35-fb27df7888fa", "depth": 6, "parent_uuid": "d25cab4e-ceab-4357-be9f-98e32bff2d33", "splittingValue": "1.0", "children": [], "isLeaf": true, "prediction": 1.0}], "isLeaf": false}, {"uuid": "1d339ba5-f740-44e4-b2c5-ca4a2fca2c30", "depth": 5, "parent_uuid": "27fdd794-2dd1-4adb-88ac-5aa5144129cb", "splittingValue": "(0.0005, 1.036]", "children": [], "isLeaf": true, "prediction": 0.0}], "isLeaf": false}, {"uuid": "3a49ac46-21e6-4667-b982-4892580f463d", "depth": 4, "parent_uuid": "8bc80bb8-1ed4-453c-9ab5-0f4315234f29", "splittingValue": "(0.999, 81.0]", "splittingAttirbute": "url.times", "children": [{"uuid": "da1b6b49-fc00-4af7-ba7f-9d8ae936382f", "depth": 5, "parent_uuid": "3a49ac46-21e6-4667-b982-4892580f463d", "splittingValue": "0.0", "splittingAttirbute": "url.it", "children": [{"uuid": "6cd0a5f9-7b26-481f-8944-29e80cefb6fc", "depth": 6, "parent_uuid": "da1b6b49-fc00-4af7-ba7f-9d8ae936382f", "splittingValue": "0.0", "splittingAttirbute": "ancurl.redirect", "children": [{"uuid": "98616bc2-17dc-4eea-b5e1-5264d472a040", "depth": 7, "parent_uuid": "6cd0a5f9-7b26-481f-8944-29e80cefb6fc", "splittingValue": "0.0", "splittingAttirbute": "ancurl.download", "children": [{"uuid": "ef79fd54-cfdf-4025-9a8e-64176b8be01c", "depth": 8, "parent_uuid": "98616bc2-17dc-4eea-b5e1-5264d472a040", "splittingValue": "0.0", "splittingAttirbute": "alt.of", "children": [{"uuid": "99b78de9-e316-44ac-86bd-4e29eae6128c", "depth": 9, "parent_uuid": "ef79fd54-cfdf-4025-9a8e-64176b8be01c", "splittingValue": "0.0", "children": [], "isLeaf": true, "prediction": 0.0}, {"uuid": "73779096-e47c-4689-84bc-6061f5e60f8b", "depth": 9, "parent_uuid": "ef79fd54-cfdf-4025-9a8e-64176b8be01c", "splittingValue": "1.0", "splittingAttirbute": "height", "children": [{"uuid": "e3986c9f-be15-4fa2-bebf-ecb3293c648f", "depth": 10, "parent_uuid": "73779096-e47c-4689-84bc-6061f5e60f8b", "splittingValue": "(0.999, 25.0]", "children": [], "isLeaf": true, "prediction": 0.0}, {"uuid": "0d84678d-0cdd-4379-91db-45a25d70d3ca", "depth": 10, "parent_uuid": "73779096-e47c-4689-84bc-6061f5e60f8b", "splittingValue": "(51.0, 84.0]", "children": [], "isLeaf": true, "prediction": 0.0}, {"uuid": "31f2e17e-e08a-4cf1-8ece-6832274efaee", "depth": 10, "parent_uuid": "73779096-e47c-4689-84bc-6061f5e60f8b", "splittingValue": "(25.0, 51.0]", "children": [], "isLeaf": true, "prediction": 0.0}], "isLeaf": false}], "isLeaf": false}, {"uuid": "f764e431-019a-4be7-a157-c96a06b5a5b8", "depth": 8, "parent_uuid": "98616bc2-17dc-4eea-b5e1-5264d472a040", "splittingValue": "1.0", "splittingAttirbute": "aratio", "children": [{"uuid": "29d2b67d-1ac9-4873-acf3-7f5786e0872a", "depth": 9, "parent_uuid": "f764e431-019a-4be7-a157-c96a06b5a5b8", "splittingValue": "(2.102, 5.333]", "children": [], "isLeaf": true, "prediction": 1.0}, {"uuid": "3e6bff03-5ec2-4ef8-a67c-5c0f6225602d", "depth": 9, "parent_uuid": "f764e431-019a-4be7-a157-c96a06b5a5b8", "splittingValue": "(0.0005, 1.036]", "children": [], "isLeaf": true, "prediction": 0.0}, {"uuid": "7eca9167-b8d3-4cca-ba48-1aed9f88f0cd", "depth": 9, "parent_uuid": "f764e431-019a-4be7-a157-c96a06b5a5b8", "splittingValue": "(1.036, 2.102]", "children": [], "isLeaf": true, "prediction": 0.0}], "isLeaf": false}], "isLeaf": false}, {"uuid": "f9e466b7-3aac-4f53-980c-778dcd1bcf7a", "depth": 7, "parent_uuid": "6cd0a5f9-7b26-481f-8944-29e80cefb6fc", "splittingValue": "1.0", "children": [], "isLeaf": true, "prediction": 1.0}], "isLeaf": false}, {"uuid": "66eb4180-94a3-47d0-b768-f6ae194f1e35", "depth": 6, "parent_uuid": "da1b6b49-fc00-4af7-ba7f-9d8ae936382f", "splittingValue": "1.0", "children": [], "isLeaf": true, "prediction": 1.0}], "isLeaf": false}, {"uuid": "a52268cc-c3eb-47d9-bb60-3815034fc84e", "depth": 5, "parent_uuid": "3a49ac46-21e6-4667-b982-4892580f463d", "splittingValue": "1.0", "children": [], "isLeaf": true, "prediction": 1.0}], "isLeaf": false}, {"uuid": "e47f5f80-f349-457c-8ec6-785347dfacc8", "depth": 4, "parent_uuid": "8bc80bb8-1ed4-453c-9ab5-0f4315234f29", "splittingValue": "(110.0, 184.0]", "splittingAttirbute": "url.marketing", "children": [{"uuid": "f49e290f-29fd-4c29-8624-65cdf540a448", "depth": 5, "parent_uuid": "e47f5f80-f349-457c-8ec6-785347dfacc8", "splittingValue": "0.0", "splittingAttirbute": "alt.free", "children": [{"uuid": "0ca862eb-99b1-44c8-8ff2-76b9ae44eef5", "depth": 6, "parent_uuid": "f49e290f-29fd-4c29-8624-65cdf540a448", "splittingValue": "0.0", "splittingAttirbute": "url.time.1998", "children": [{"uuid": "5d20ce26-95da-41dd-926f-8d9af7007a12", "depth": 7, "parent_uuid": "0ca862eb-99b1-44c8-8ff2-76b9ae44eef5", "splittingValue": "0.0", "splittingAttirbute": "url.home.netscape.com", "children": [{"uuid": "1aa95f6c-ce68-4a7c-a397-fcd5a69d4f94", "depth": 8, "parent_uuid": "5d20ce26-95da-41dd-926f-8d9af7007a12", "splittingValue": "0.0", "splittingAttirbute": "url.doubleclick.net", "children": [{"uuid": "63d3e3a2-e1fb-4e51-a689-66492f2a0de3", "depth": 9, "parent_uuid": "1aa95f6c-ce68-4a7c-a397-fcd5a69d4f94", "splittingValue": "0.0", "splittingAttirbute": "url.thejeep.com", "children": [{"uuid": "c00832e8-eacf-4278-84ed-32f832cbde97", "depth": 10, "parent_uuid": "63d3e3a2-e1fb-4e51-a689-66492f2a0de3", "splittingValue": "0.0", "children": [], "isLeaf": true, "prediction": 0.0}, {"uuid": "03972773-b8d3-4158-8519-c999921f50eb", "depth": 10, "parent_uuid": "63d3e3a2-e1fb-4e51-a689-66492f2a0de3", "splittingValue": "1.0", "children": [], "isLeaf": true, "prediction": 1.0}], "isLeaf": false}, {"uuid": "edcfce08-9fa3-479d-84ab-963309ecba2b", "depth": 9, "parent_uuid": "1aa95f6c-ce68-4a7c-a397-fcd5a69d4f94", "splittingValue": "1.0", "children": [], "isLeaf": true, "prediction": 1.0}], "isLeaf": false}, {"uuid": "3c396d33-a56d-4bd2-a32b-bdea6f175d5e", "depth": 8, "parent_uuid": "5d20ce26-95da-41dd-926f-8d9af7007a12", "splittingValue": "1.0", "children": [], "isLeaf": true, "prediction": 1.0}], "isLeaf": false}, {"uuid": "9cbcc101-80da-4468-a86f-ec0a99e82166", "depth": 7, "parent_uuid": "0ca862eb-99b1-44c8-8ff2-76b9ae44eef5", "splittingValue": "1.0", "children": [], "isLeaf": true, "prediction": 1.0}], "isLeaf": false}, {"uuid": "fdac0bb4-6dd5-46e0-ba4d-da2c9503b4ed", "depth": 6, "parent_uuid": "f49e290f-29fd-4c29-8624-65cdf540a448", "splittingValue": "1.0", "children": [], "isLeaf": true, "prediction": 1.0}], "isLeaf": false}, {"uuid": "92bc13ad-094a-452c-a928-a89706e63ff4", "depth": 5, "parent_uuid": "e47f5f80-f349-457c-8ec6-785347dfacc8", "splittingValue": "1.0", "splittingAttirbute": "height", "children": [{"uuid": "0f3e60d6-c02b-42aa-b577-a5b31b5e33b7", "depth": 6, "parent_uuid": "92bc13ad-094a-452c-a928-a89706e63ff4", "splittingValue": "(25.0, 51.0]", "children": [], "isLeaf": true, "prediction": 1.0}, {"uuid": "6164c890-441c-437f-9b04-6c511cf9e118", "depth": 6, "parent_uuid": "92bc13ad-094a-452c-a928-a89706e63ff4", "splittingValue": "(0.999, 25.0]", "children": [], "isLeaf": true, "prediction": 0.0}], "isLeaf": false}], "isLeaf": false}], "isLeaf": false}, {"uuid": "64ec0c48-0884-45ae-8285-539e11eac67d", "depth": 3, "parent_uuid": "9d618020-b67d-4c79-ba35-7f48bc92489f", "splittingValue": "1.0", "splittingAttirbute": "width", "children": [{"uuid": "eeb59c3e-5ab7-4622-910f-39791fbfd805", "depth": 4, "parent_uuid": "64ec0c48-0884-45ae-8285-539e11eac67d", "splittingValue": "(184.0, 640.0]", "children": [], "isLeaf": true, "prediction": 1.0}, {"uuid": "04d807e0-723f-47bf-8ec4-c1846de2c276", "depth": 4, "parent_uuid": "64ec0c48-0884-45ae-8285-539e11eac67d", "splittingValue": "(110.0, 184.0]", "children": [], "isLeaf": true, "prediction": 1.0}, {"uuid": "9e84cfca-42b7-4434-9c5a-9a9b7ee1e8d7", "depth": 4, "parent_uuid": "64ec0c48-0884-45ae-8285-539e11eac67d", "splittingValue": "(81.0, 110.0]", "splittingAttirbute": "local", "children": [{"uuid": "01208046-9812-4559-b5eb-00013a92afd9", "depth": 5, "parent_uuid": "9e84cfca-42b7-4434-9c5a-9a9b7ee1e8d7", "splittingValue": "1.0", "children": [], "isLeaf": true, "prediction": 1.0}, {"uuid": "60b0d60d-35e4-4b89-9bfb-b8463b6abac6", "depth": 5, "parent_uuid": "9e84cfca-42b7-4434-9c5a-9a9b7ee1e8d7", "splittingValue": "0.0", "children": [], "isLeaf": true, "prediction": 0.0}], "isLeaf": false}, {"uuid": "5d2a58d2-1070-4eb4-8fd5-833e78e41098", "depth": 4, "parent_uuid": "64ec0c48-0884-45ae-8285-539e11eac67d", "splittingValue": "(0.999, 81.0]", "children": [], "isLeaf": true, "prediction": 0.0}], "isLeaf": false}], "isLeaf": false}, {"uuid": "9af3af80-8213-415d-9b84-45adb6cde05a", "depth": 2, "parent_uuid": "a29d56cd-ced9-4aee-99ef-c0c1a9d670d3", "splittingValue": "1.0", "splittingAttirbute": "height", "children": [{"uuid": "3736d830-b86d-4445-bd3a-7e1be0e72c01", "depth": 3, "parent_uuid": "9af3af80-8213-415d-9b84-45adb6cde05a", "splittingValue": "(51.0, 84.0]", "splittingAttirbute": "origurl.www.news.observer.com", "children": [{"uuid": "26f8e835-aa1d-4363-87ba-b3410d94d568", "depth": 4, "parent_uuid": "3736d830-b86d-4445-bd3a-7e1be0e72c01", "splittingValue": "0.0", "children": [], "isLeaf": true, "prediction": 1.0}, {"uuid": "19aa4452-180f-42a2-8ab4-8e8477a68bad", "depth": 4, "parent_uuid": "3736d830-b86d-4445-bd3a-7e1be0e72c01", "splittingValue": "1.0", "children": [], "isLeaf": true, "prediction": 0.0}], "isLeaf": false}, {"uuid": "c2a07ef2-b7cf-49aa-85e9-a7b46cb5ba15", "depth": 3, "parent_uuid": "9af3af80-8213-415d-9b84-45adb6cde05a", "splittingValue": "(84.0, 640.0]", "children": [], "isLeaf": true, "prediction": 1.0}, {"uuid": "8e6f2a82-905f-4cf6-9f36-ba317e0cb658", "depth": 3, "parent_uuid": "9af3af80-8213-415d-9b84-45adb6cde05a", "splittingValue": "(25.0, 51.0]", "children": [], "isLeaf": true, "prediction": 1.0}, {"uuid": "b903bfad-84af-470d-b343-89590dbff7b7", "depth": 3, "parent_uuid": "9af3af80-8213-415d-9b84-45adb6cde05a", "splittingValue": "(0.999, 25.0]", "children": [], "isLeaf": true, "prediction": 0.0}], "isLeaf": false}], "isLeaf": false}