{"uuid": "5facd689-0d68-45d6-b193-edda09321176", "depth": 1, "splittingAttirbute": "ancurl.com", "children": [{"uuid": "5bdd7675-84a3-4dad-ae8b-136be6b408aa", "depth": 2, "parent_uuid": "5facd689-0d68-45d6-b193-edda09321176", "splittingValue": "0.0", "splittingAttirbute": "url.ads", "children": [{"uuid": "bb1a9744-caaf-4b48-aa20-ec7ffa2d71ed", "depth": 3, "parent_uuid": "5bdd7675-84a3-4dad-ae8b-136be6b408aa", "splittingValue": "0.0", "splittingAttirbute": "width", "children": [{"uuid": "9e248852-89a0-4e76-a41d-c1755323f00f", "depth": 4, "parent_uuid": "bb1a9744-caaf-4b48-aa20-ec7ffa2d71ed", "splittingValue": "(81.0, 110.0]", "splittingAttirbute": "ancurl.click", "children": [{"uuid": "f44f80f8-6981-49c2-832b-bdeaa0217914", "depth": 5, "parent_uuid": "9e248852-89a0-4e76-a41d-c1755323f00f", "splittingValue": "0.0", "splittingAttirbute": "ancurl.exe", "children": [{"uuid": "7af083a1-014f-4a11-b8f1-79bde92ab306", "depth": 6, "parent_uuid": "f44f80f8-6981-49c2-832b-bdeaa0217914", "splittingValue": "0.0", "splittingAttirbute": "origurl.www.thriveonline.com", "children": [{"uuid": "1509d2f3-adf3-4279-aa98-242879df9e1d", "depth": 7, "parent_uuid": "7af083a1-014f-4a11-b8f1-79bde92ab306", "splittingValue": "0.0", "splittingAttirbute": "url.logo.gif", "children": [{"uuid": "cdf6f8b7-c5ca-4907-ad9e-4c231ab80def", "depth": 8, "parent_uuid": "1509d2f3-adf3-4279-aa98-242879df9e1d", "splittingValue": "0.0", "splittingAttirbute": "alt.all", "children": [{"uuid": "cdcef6a9-27e3-4d51-b902-ce4d84c74a4a", "depth": 9, "parent_uuid": "cdf6f8b7-c5ca-4907-ad9e-4c231ab80def", "splittingValue": "0.0", "children": [], "isLeaf": true, "prediction": 0.0}, {"uuid": "f332a81b-9252-4d87-830f-9332f0cff68e", "depth": 9, "parent_uuid": "cdf6f8b7-c5ca-4907-ad9e-4c231ab80def", "splittingValue": "1.0", "splittingAttirbute": "height", "children": [{"uuid": "1fccbefd-22ff-4cd3-a1d1-dc0eb1c10b72", "depth": 10, "parent_uuid": "f332a81b-9252-4d87-830f-9332f0cff68e", "splittingValue": "(51.0, 84.0]", "children": [], "isLeaf": true, "prediction": 0.0}, {"uuid": "2a8b6f61-281e-406b-8222-685ec42c0076", "depth": 10, "parent_uuid": "f332a81b-9252-4d87-830f-9332f0cff68e", "splittingValue": "(84.0, 640.0]", "children": [], "isLeaf": true, "prediction": 1.0}], "isLeaf": false}], "isLeaf": false}, {"uuid": "1b8fb66b-25f4-4f04-8856-83dc7b56d74f", "depth": 8, "parent_uuid": "1509d2f3-adf3-4279-aa98-242879df9e1d", "splittingValue": "1.0", "splittingAttirbute": "url.www.autotown.com", "children": [{"uuid": "66713ab0-988f-4fd5-9ed1-ebed4d4c6129", "depth": 9, "parent_uuid": "1b8fb66b-25f4-4f04-8856-83dc7b56d74f", "splittingValue": "1.0", "children": [], "isLeaf": true, "prediction": 0.0}, {"uuid": "f5c8c75a-1b5b-4997-936f-aa7c09025c0b", "depth": 9, "parent_uuid": "1b8fb66b-25f4-4f04-8856-83dc7b56d74f", "splittingValue": "0.0", "children": [], "isLeaf": true, "prediction": 1.0}], "isLeaf": false}], "isLeaf": false}, {"uuid": "c9f6100a-a84c-4830-9dd1-886df55c40b8", "depth": 7, "parent_uuid": "7af083a1-014f-4a11-b8f1-79bde92ab306", "splittingValue": "1.0", "children": [], "isLeaf": true, "prediction": 1.0}], "isLeaf": false}, {"uuid": "df281e6d-8a77-4d42-9170-dba5d2ed25ff", "depth": 6, "parent_uuid": "f44f80f8-6981-49c2-832b-bdeaa0217914", "splittingValue": "1.0", "splittingAttirbute": "ancurl.bin", "children": [{"uuid": "7b122766-8bbc-4a1d-8588-f5580a9b0555", "depth": 7, "parent_uuid": "df281e6d-8a77-4d42-9170-dba5d2ed25ff", "splittingValue": "1.0", "children": [], "isLeaf": true, "prediction": 1.0}, {"uuid": "cb502594-8e29-4714-9d71-40385674235b", "depth": 7, "parent_uuid": "df281e6d-8a77-4d42-9170-dba5d2ed25ff", "splittingValue": "0.0", "children": [], "isLeaf": true, "prediction": 0.0}], "isLeaf": false}], "isLeaf": false}, {"uuid": "3458cc57-fa52-4faa-b6d2-5e2901d0182c", "depth": 5, "parent_uuid": "9e248852-89a0-4e76-a41d-c1755323f00f", "splittingValue": "1.0", "children": [], "isLeaf": true, "prediction": 1.0}], "isLeaf": false}, {"uuid": "f0806616-5c32-44c1-b74e-2d7b62253443", "depth": 4, "parent_uuid": "bb1a9744-caaf-4b48-aa20-ec7ffa2d71ed", "splittingValue": "(184.0, 640.0]", "splittingAttirbute": "aratio", "children": [{"uuid": "25cbf9af-126d-4a23-92cd-737a577c76e5", "depth": 5, "parent_uuid": "f0806616-5c32-44c1-b74e-2d7b62253443", "splittingValue": "(5.333, 60.0]", "splittingAttirbute": "height", "children": [{"uuid": "1a669d3f-9db9-4257-9eab-744ca9e6c6bd", "depth": 6, "parent_uuid": "25cbf9af-126d-4a23-92cd-737a577c76e5", "splittingValue": "(25.0, 51.0]", "splittingAttirbute": "ancurl.index.html", "children": [{"uuid": "fe6b8dff-f4e9-4cab-b00e-32efeee622e6", "depth": 7, "parent_uuid": "1a669d3f-9db9-4257-9eab-744ca9e6c6bd", "splittingValue": "0.0", "splittingAttirbute": "alt.here", "children": [{"uuid": "907a128f-1107-4c44-9a86-e615569c7e31", "depth": 8, "parent_uuid": "fe6b8dff-f4e9-4cab-b00e-32efeee622e6", "splittingValue": "0.0", "splittingAttirbute": "url.images.home", "children": [{"uuid": "7bfdabf3-266b-429d-9ea3-c66f0187c334", "depth": 9, "parent_uuid": "907a128f-1107-4c44-9a86-e615569c7e31", "splittingValue": "0.0", "splittingAttirbute": "url.ng.spacedesc", "children": [{"uuid": "a1762cbe-e84d-484c-9cb6-220c61f2d739", "depth": 10, "parent_uuid": "7bfdabf3-266b-429d-9ea3-c66f0187c334", "splittingValue": "0.0", "splittingAttirbute": "url.banners", "children": [{"uuid": "e1b94acb-aff7-4f58-ba07-79352bcf2063", "depth": 11, "parent_uuid": "a1762cbe-e84d-484c-9cb6-220c61f2d739", "splittingValue": "0.0", "splittingAttirbute": "url.thejeep.com", "children": [{"uuid": "645a8fda-6061-482e-b570-7734ca0e6cd2", "depth": 12, "parent_uuid": "e1b94acb-aff7-4f58-ba07-79352bcf2063", "splittingValue": "0.0", "splittingAttirbute": "url.ad", "children": [{"uuid": "566f70b7-7157-484d-bbe4-df5af8bb94c0", "depth": 13, "parent_uuid": "645a8fda-6061-482e-b570-7734ca0e6cd2", "splittingValue": "0.0", "splittingAttirbute": "origurl.chapel", "children": [{"uuid": "93f0d53a-bb65-4a46-940d-b1387bcf7be3", "depth": 14, "parent_uuid": "566f70b7-7157-484d-bbe4-df5af8bb94c0", "splittingValue": "0.0", "children": [], "isLeaf": true, "prediction": 0.0}, {"uuid": "cc49d369-5e8f-49c5-b4ce-8f889f091e69", "depth": 14, "parent_uuid": "566f70b7-7157-484d-bbe4-df5af8bb94c0", "splittingValue": "1.0", "children": [], "isLeaf": true, "prediction": 1.0}], "isLeaf": false}, {"uuid": "1d26c6d1-cba8-45b1-8b58-82d5c53e1c13", "depth": 13, "parent_uuid": "645a8fda-6061-482e-b570-7734ca0e6cd2", "splittingValue": "1.0", "children": [], "isLeaf": true, "prediction": 1.0}], "isLeaf": false}, {"uuid": "2f9de7d8-a33c-4ba1-a6a1-e7323b9edeaf", "depth": 12, "parent_uuid": "e1b94acb-aff7-4f58-ba07-79352bcf2063", "splittingValue": "1.0", "children": [], "isLeaf": true, "prediction": 1.0}], "isLeaf": false}, {"uuid": "a0865926-ba32-4c89-a4df-942b90520cd9", "depth": 11, "parent_uuid": "a1762cbe-e84d-484c-9cb6-220c61f2d739", "splittingValue": "1.0", "children": [], "isLeaf": true, "prediction": 1.0}], "isLeaf": false}, {"uuid": "cc6ba581-970f-4627-a50e-912afe0f64b4", "depth": 10, "parent_uuid": "7bfdabf3-266b-429d-9ea3-c66f0187c334", "splittingValue": "1.0", "children": [], "isLeaf": true, "prediction": 1.0}], "isLeaf": false}, {"uuid": "684709b0-b3c4-49e4-8253-109ff4cc5e6c", "depth": 9, "parent_uuid": "907a128f-1107-4c44-9a86-e615569c7e31", "splittingValue": "1.0", "children": [], "isLeaf": true, "prediction": 1.0}], "isLeaf": false}, {"uuid": "159c8fed-dac9-4a59-a063-880279035406", "depth": 8, "parent_uuid": "fe6b8dff-f4e9-4cab-b00e-32efeee622e6", "splittingValue": "1.0", "children": [], "isLeaf": true, "prediction": 1.0}], "isLeaf": false}, {"uuid": "b7a157b6-0938-4340-bc1c-2f4f27725a9b", "depth": 7, "parent_uuid": "1a669d3f-9db9-4257-9eab-744ca9e6c6bd", "splittingValue": "1.0", "children": [], "isLeaf": true, "prediction": 1.0}], "isLeaf": false}, {"uuid": "63f22115-ce94-479c-ac6b-af4053e187ed", "depth": 6, "parent_uuid": "25cbf9af-126d-4a23-92cd-737a577c76e5", "splittingValue": "(0.999, 25.0]", "splittingAttirbute": "ancurl.download", "children": [{"uuid": "8fce894e-9c68-4d57-ac3c-38f2b05f71e9", "depth": 7, "parent_uuid": "63f22115-ce94-479c-ac6b-af4053e187ed", "splittingValue": "0.0", "children": [], "isLeaf": true, "prediction": 0.0}, {"uuid": "6c6be8d9-b855-4e66-97e1-b16c1a5a7583", "depth": 7, "parent_uuid": "63f22115-ce94-479c-ac6b-af4053e187ed", "splittingValue": "1.0", "children": [], "isLeaf": true, "prediction": 1.0}], "isLeaf": false}, {"uuid": "eafe2c2d-5c52-4d0e-865d-bcb8c7aa43a6", "depth": 6, "parent_uuid": "25cbf9af-126d-4a23-92cd-737a577c76e5", "splittingValue": "(51.0, 84.0]", "splittingAttirbute": "url.gifs", "children": [{"uuid": "6ade34c2-52fc-4f80-81c3-bf8bc1110937", "depth": 7, "parent_uuid": "eafe2c2d-5c52-4d0e-865d-bcb8c7aa43a6", "splittingValue": "0.0", "splittingAttirbute": "url.zueri.ch", "children": [{"uuid": "0be915e7-aa3a-46ca-8a30-55a0d901b448", "depth": 8, "parent_uuid": "6ade34c2-52fc-4f80-81c3-bf8bc1110937", "splittingValue": "0.0", "splittingAttirbute": "origurl.www.innotts.co.uk", "children": [{"uuid": "35eeb191-d321-4334-bb4f-84617ff334b2", "depth": 9, "parent_uuid": "0be915e7-aa3a-46ca-8a30-55a0d901b448", "splittingValue": "0.0", "splittingAttirbute": "local", "children": [{"uuid": "7afbaf82-a516-488c-b03e-935e6a1303e6", "depth": 10, "parent_uuid": "35eeb191-d321-4334-bb4f-84617ff334b2", "splittingValue": "1.0", "children": [], "isLeaf": true, "prediction": 1.0}, {"uuid": "4c5810a6-44f6-451f-b841-150457d1db8f", "depth": 10, "parent_uuid": "35eeb191-d321-4334-bb4f-84617ff334b2", "splittingValue": "0.0", "splittingAttirbute": "url.lycos.de", "children": [{"uuid": "35efdb5c-9334-46c1-bc5d-cd0177c9be08", "depth": 11, "parent_uuid": "4c5810a6-44f6-451f-b841-150457d1db8f", "splittingValue": "0.0", "splittingAttirbute": "url.ng.spacedesc", "children": [{"uuid": "f86dae83-332b-4efd-98a8-f6b594a4033d", "depth": 12, "parent_uuid": "35efdb5c-9334-46c1-bc5d-cd0177c9be08", "splittingValue": "0.0", "children": [], "isLeaf": true, "prediction": 0.0}, {"uuid": "7d6e27d0-6eab-476d-990a-18591b18123a", "depth": 12, "parent_uuid": "35efdb5c-9334-46c1-bc5d-cd0177c9be08", "splittingValue": "1.0", "children": [], "isLeaf": true, "prediction": 1.0}], "isLeaf": false}, {"uuid": "6a6b0c94-597f-40d8-8952-8c218868c856", "depth": 11, "parent_uuid": "4c5810a6-44f6-451f-b841-150457d1db8f", "splittingValue": "1.0", "children": [], "isLeaf": true, "prediction": 1.0}], "isLeaf": false}], "isLeaf": false}, {"uuid": "2a9c4825-1d1a-4ff2-beca-592fced6c116", "depth": 9, "parent_uuid": "0be915e7-aa3a-46ca-8a30-55a0d901b448", "splittingValue": "1.0", "children": [], "isLeaf": true, "prediction": 0.0}], "isLeaf": false}, {"uuid": "c19b52e4-d567-4393-8ecc-67e776266b02", "depth": 8, "parent_uuid": "6ade34c2-52fc-4f80-81c3-bf8bc1110937", "splittingValue": "1.0", "children": [], "isLeaf": true, "prediction": 0.0}], "isLeaf": false}, {"uuid": "c2d9cb4e-f7c5-419a-84a1-3819476ec306", "depth": 7, "parent_uuid": "eafe2c2d-5c52-4d0e-865d-bcb8c7aa43a6", "splittingValue": "1.0", "children": [], "isLeaf": true, "prediction": 0.0}], "isLeaf": false}, {"uuid": "20a00782-6725-46b3-b550-84a4daac9122", "depth": 6, "parent_uuid": "25cbf9af-126d-4a23-92cd-737a577c76e5", "splittingValue": "(84.0, 640.0]", "children": [], "isLeaf": true, "prediction": 1.0}], "isLeaf": false}, {"uuid": "7107b54c-34f2-4533-971f-a7fe890489da", "depth": 5, "parent_uuid": "f0806616-5c32-44c1-b74e-2d7b62253443", "splittingValue": "(1.036, 2.102]", "children": [], "isLeaf": true, "prediction": 0.0}, {"uuid": "13096647-7e0c-4f52-bf48-515cc67c9872", "depth": 5, "parent_uuid": "f0806616-5c32-44c1-b74e-2d7b62253443", "splittingValue": "(2.102, 5.333]", "splittingAttirbute": "url.home", "children": [{"uuid": "8c1c8e3f-0a94-42f2-9e3a-549e3ddd26cd", "depth": 6, "parent_uuid": "13096647-7e0c-4f52-bf48-515cc67c9872", "splittingValue": "0.0", "splittingAttirbute": "url.banner", "children": [{"uuid": "7bce8bd9-92d8-4a6b-8f8b-29051747b51e", "depth": 7, "parent_uuid": "8c1c8e3f-0a94-42f2-9e3a-549e3ddd26cd", "splittingValue": "0.0", "splittingAttirbute": "ancurl.default", "children": [{"uuid": "6cc56632-4546-49a5-8ac2-d0742910e537", "depth": 8, "parent_uuid": "7bce8bd9-92d8-4a6b-8f8b-29051747b51e", "splittingValue": "0.0", "splittingAttirbute": "origurl.index.html", "children": [{"uuid": "4abbe6fa-35d5-4a15-b0ff-824079f10742", "depth": 9, "parent_uuid": "6cc56632-4546-49a5-8ac2-d0742910e537", "splittingValue": "0.0", "children": [], "isLeaf": true, "prediction": 0.0}, {"uuid": "657531e8-cbc7-4417-969b-db3e173c7453", "depth": 9, "parent_uuid": "6cc56632-4546-49a5-8ac2-d0742910e537", "splittingValue": "1.0", "splittingAttirbute": "height", "children": [{"uuid": "c7dbe1c2-8cd7-4032-8bd9-c0c852c2ce40", "depth": 10, "parent_uuid": "657531e8-cbc7-4417-969b-db3e173c7453", "splittingValue": "(25.0, 51.0]", "children": [], "isLeaf": true, "prediction": 0.0}, {"uuid": "c78f5ce8-d59a-4a7b-b390-10deb7014327", "depth": 10, "parent_uuid": "657531e8-cbc7-4417-969b-db3e173c7453", "splittingValue": "(84.0, 640.0]", "children": [], "isLeaf": true, "prediction": 1.0}], "isLeaf": false}], "isLeaf": false}, {"uuid": "8f8bde43-b597-4186-9456-c2c3228e39ba", "depth": 8, "parent_uuid": "7bce8bd9-92d8-4a6b-8f8b-29051747b51e", "splittingValue": "1.0", "children": [], "isLeaf": true, "prediction": 1.0}], "isLeaf": false}, {"uuid": "ba9f4ab3-db54-4919-b028-e2debe2ed30e", "depth": 7, "parent_uuid": "8c1c8e3f-0a94-42f2-9e3a-549e3ddd26cd", "splittingValue": "1.0", "children": [], "isLeaf": true, "prediction": 1.0}], "isLeaf": false}, {"uuid": "636b9af7-d105-4a7c-b6cc-168f623ae727", "depth": 6, "parent_uuid": "13096647-7e0c-4f52-bf48-515cc67c9872", "splittingValue": "1.0", "children": [], "isLeaf": true, "prediction": 1.0}], "isLeaf": false}, {"uuid": "49dc2ddf-560e-42e9-afd0-0abf67f9747d", "depth": 5, "parent_uuid": "f0806616-5c32-44c1-b74e-2d7b62253443", "splittingValue": "(0.0005, 1.036]", "children": [], "isLeaf": true, "prediction": 0.0}], "isLeaf": false}, {"uuid": "54953030-4f5c-4b10-abef-35925890df5e", "depth": 4, "parent_uuid": "bb1a9744-caaf-4b48-aa20-ec7ffa2d71ed", "splittingValue": "(0.999, 81.0]", "splittingAttirbute": "url.times", "children": [{"uuid": "4cbcd431-7011-4fd5-a2b1-7230397b5554", "depth": 5, "parent_uuid": "54953030-4f5c-4b10-abef-35925890df5e", "splittingValue": "0.0", "splittingAttirbute": "url.it", "children": [{"uuid": "a01f3762-271e-4b91-96b1-5344c0792e45", "depth": 6, "parent_uuid": "4cbcd431-7011-4fd5-a2b1-7230397b5554", "splittingValue": "0.0", "splittingAttirbute": "ancurl.redirect", "children": [{"uuid": "1897f4d1-75ad-4dd9-a36d-cd4cc73faf4d", "depth": 7, "parent_uuid": "a01f3762-271e-4b91-96b1-5344c0792e45", "splittingValue": "0.0", "splittingAttirbute": "ancurl.download", "children": [{"uuid": "1e7d214f-9c17-4093-9770-46a03b030b5e", "depth": 8, "parent_uuid": "1897f4d1-75ad-4dd9-a36d-cd4cc73faf4d", "splittingValue": "0.0", "splittingAttirbute": "alt.of", "children": [{"uuid": "91689629-0487-47cb-801e-04671c4d154f", "depth": 9, "parent_uuid": "1e7d214f-9c17-4093-9770-46a03b030b5e", "splittingValue": "0.0", "children": [], "isLeaf": true, "prediction": 0.0}, {"uuid": "3e194f8a-8a85-40b6-bb6e-1dd4b1cebd6b", "depth": 9, "parent_uuid": "1e7d214f-9c17-4093-9770-46a03b030b5e", "splittingValue": "1.0", "splittingAttirbute": "height", "children": [{"uuid": "d45379a0-80cf-46ed-941c-361529e17997", "depth": 10, "parent_uuid": "3e194f8a-8a85-40b6-bb6e-1dd4b1cebd6b", "splittingValue": "(0.999, 25.0]", "children": [], "isLeaf": true, "prediction": 0.0}, {"uuid": "39fd5bee-56f6-4350-99a7-0e9d6baff921", "depth": 10, "parent_uuid": "3e194f8a-8a85-40b6-bb6e-1dd4b1cebd6b", "splittingValue": "(51.0, 84.0]", "splittingAttirbute": "aratio", "children": [{"uuid": "46a0b3e1-ff7b-4c14-9333-bd506e0418ba", "depth": 11, "parent_uuid": "39fd5bee-56f6-4350-99a7-0e9d6baff921", "splittingValue": "(0.0005, 1.036]", "children": [], "isLeaf": true, "prediction": 1.0}, {"uuid": "268ff700-05cb-4c48-869f-caced9d64982", "depth": 11, "parent_uuid": "39fd5bee-56f6-4350-99a7-0e9d6baff921", "splittingValue": "(1.036, 2.102]", "children": [], "isLeaf": true, "prediction": 0.0}], "isLeaf": false}, {"uuid": "229ddb82-b26c-4d1f-8dd3-9785c5095f8a", "depth": 10, "parent_uuid": "3e194f8a-8a85-40b6-bb6e-1dd4b1cebd6b", "splittingValue": "(25.0, 51.0]", "children": [], "isLeaf": true, "prediction": 0.0}], "isLeaf": false}], "isLeaf": false}, {"uuid": "9af06ff1-7c69-4ed1-ab81-7bd9d030a152", "depth": 8, "parent_uuid": "1897f4d1-75ad-4dd9-a36d-cd4cc73faf4d", "splittingValue": "1.0", "splittingAttirbute": "aratio", "children": [{"uuid": "56ff740c-991c-4313-a1f0-9f6126b3effa", "depth": 9, "parent_uuid": "9af06ff1-7c69-4ed1-ab81-7bd9d030a152", "splittingValue": "(2.102, 5.333]", "children": [], "isLeaf": true, "prediction": 1.0}, {"uuid": "ed5b452b-b3a4-4bf8-8e0d-1df8032ef60d", "depth": 9, "parent_uuid": "9af06ff1-7c69-4ed1-ab81-7bd9d030a152", "splittingValue": "(0.0005, 1.036]", "children": [], "isLeaf": true, "prediction": 0.0}, {"uuid": "3406f0b8-4473-416b-8e42-78a44e3ae261", "depth": 9, "parent_uuid": "9af06ff1-7c69-4ed1-ab81-7bd9d030a152", "splittingValue": "(1.036, 2.102]", "children": [], "isLeaf": true, "prediction": 0.0}], "isLeaf": false}], "isLeaf": false}, {"uuid": "3ba0393b-96c3-40ca-80b0-f8194aa94eeb", "depth": 7, "parent_uuid": "a01f3762-271e-4b91-96b1-5344c0792e45", "splittingValue": "1.0", "children": [], "isLeaf": true, "prediction": 1.0}], "isLeaf": false}, {"uuid": "2839f754-b517-43ee-8815-510fb29d4aea", "depth": 6, "parent_uuid": "4cbcd431-7011-4fd5-a2b1-7230397b5554", "splittingValue": "1.0", "children": [], "isLeaf": true, "prediction": 1.0}], "isLeaf": false}, {"uuid": "346d588b-dec6-4578-ac10-9fc329d6459c", "depth": 5, "parent_uuid": "54953030-4f5c-4b10-abef-35925890df5e", "splittingValue": "1.0", "children": [], "isLeaf": true, "prediction": 1.0}], "isLeaf": false}, {"uuid": "2bab4011-f2f7-4aaa-bd1b-abe67cfd9943", "depth": 4, "parent_uuid": "bb1a9744-caaf-4b48-aa20-ec7ffa2d71ed", "splittingValue": "(110.0, 184.0]", "splittingAttirbute": "url.marketing", "children": [{"uuid": "a91a6111-e4fb-44e7-9589-a4bad4705438", "depth": 5, "parent_uuid": "2bab4011-f2f7-4aaa-bd1b-abe67cfd9943", "splittingValue": "0.0", "splittingAttirbute": "alt.free", "children": [{"uuid": "85651ace-7018-42b4-97de-ab3675a2bc16", "depth": 6, "parent_uuid": "a91a6111-e4fb-44e7-9589-a4bad4705438", "splittingValue": "0.0", "splittingAttirbute": "url.time.1998", "children": [{"uuid": "ca3d8fb2-79c3-4f9a-b7e5-5ec825869de5", "depth": 7, "parent_uuid": "85651ace-7018-42b4-97de-ab3675a2bc16", "splittingValue": "0.0", "splittingAttirbute": "url.home.netscape.com", "children": [{"uuid": "cd00f837-ee3e-4e66-9707-3e8c1611af6f", "depth": 8, "parent_uuid": "ca3d8fb2-79c3-4f9a-b7e5-5ec825869de5", "splittingValue": "0.0", "splittingAttirbute": "url.doubleclick.net", "children": [{"uuid": "dfd43730-d41d-4c10-8ea8-ae92c84587b3", "depth": 9, "parent_uuid": "cd00f837-ee3e-4e66-9707-3e8c1611af6f", "splittingValue": "0.0", "splittingAttirbute": "url.thejeep.com", "children": [{"uuid": "20d4d45c-ae2b-43e4-876f-b018a0278450", "depth": 10, "parent_uuid": "dfd43730-d41d-4c10-8ea8-ae92c84587b3", "splittingValue": "0.0", "splittingAttirbute": "url.bin", "children": [{"uuid": "c68d7489-d2f6-485b-8100-d3a4b300f96a", "depth": 11, "parent_uuid": "20d4d45c-ae2b-43e4-876f-b018a0278450", "splittingValue": "0.0", "children": [], "isLeaf": true, "prediction": 0.0}, {"uuid": "f4379bb0-b716-4ce7-9c8e-d9158a128347", "depth": 11, "parent_uuid": "20d4d45c-ae2b-43e4-876f-b018a0278450", "splittingValue": "1.0", "children": [], "isLeaf": true, "prediction": 1.0}], "isLeaf": false}, {"uuid": "ea6a5159-f10f-4f13-b6ac-d4e5f4d60df0", "depth": 10, "parent_uuid": "dfd43730-d41d-4c10-8ea8-ae92c84587b3", "splittingValue": "1.0", "children": [], "isLeaf": true, "prediction": 1.0}], "isLeaf": false}, {"uuid": "94b8045c-36c0-48b5-b3fc-0e0023074d86", "depth": 9, "parent_uuid": "cd00f837-ee3e-4e66-9707-3e8c1611af6f", "splittingValue": "1.0", "children": [], "isLeaf": true, "prediction": 1.0}], "isLeaf": false}, {"uuid": "02d30ab7-6ee1-4922-9469-aac3d3b57dec", "depth": 8, "parent_uuid": "ca3d8fb2-79c3-4f9a-b7e5-5ec825869de5", "splittingValue": "1.0", "children": [], "isLeaf": true, "prediction": 1.0}], "isLeaf": false}, {"uuid": "820add2e-3452-490d-99de-1239582cc674", "depth": 7, "parent_uuid": "85651ace-7018-42b4-97de-ab3675a2bc16", "splittingValue": "1.0", "children": [], "isLeaf": true, "prediction": 1.0}], "isLeaf": false}, {"uuid": "71e8df18-09b2-495f-9ab5-1ed7e22fcbc0", "depth": 6, "parent_uuid": "a91a6111-e4fb-44e7-9589-a4bad4705438", "splittingValue": "1.0", "children": [], "isLeaf": true, "prediction": 1.0}], "isLeaf": false}, {"uuid": "791c0187-5a19-486f-8c41-69f5dd03d0d8", "depth": 5, "parent_uuid": "2bab4011-f2f7-4aaa-bd1b-abe67cfd9943", "splittingValue": "1.0", "splittingAttirbute": "height", "children": [{"uuid": "09442d65-80c2-4e87-8e37-ed6620288f43", "depth": 6, "parent_uuid": "791c0187-5a19-486f-8c41-69f5dd03d0d8", "splittingValue": "(25.0, 51.0]", "children": [], "isLeaf": true, "prediction": 1.0}, {"uuid": "f370000d-db92-4b2d-abc5-8549e2b0b65a", "depth": 6, "parent_uuid": "791c0187-5a19-486f-8c41-69f5dd03d0d8", "splittingValue": "(0.999, 25.0]", "children": [], "isLeaf": true, "prediction": 0.0}], "isLeaf": false}], "isLeaf": false}], "isLeaf": false}, {"uuid": "13abc3fb-20b8-47e5-a080-c511b5efaceb", "depth": 3, "parent_uuid": "5bdd7675-84a3-4dad-ae8b-136be6b408aa", "splittingValue": "1.0", "splittingAttirbute": "width", "children": [{"uuid": "f3b90c3f-fb46-474f-acf8-2f138f7eabb5", "depth": 4, "parent_uuid": "13abc3fb-20b8-47e5-a080-c511b5efaceb", "splittingValue": "(184.0, 640.0]", "children": [], "isLeaf": true, "prediction": 1.0}, {"uuid": "f9d520e7-15ec-47a9-83b8-224f64901c16", "depth": 4, "parent_uuid": "13abc3fb-20b8-47e5-a080-c511b5efaceb", "splittingValue": "(110.0, 184.0]", "children": [], "isLeaf": true, "prediction": 1.0}, {"uuid": "aebdda11-c637-4852-8106-723ac43347c6", "depth": 4, "parent_uuid": "13abc3fb-20b8-47e5-a080-c511b5efaceb", "splittingValue": "(81.0, 110.0]", "splittingAttirbute": "local", "children": [{"uuid": "908f825f-921c-4011-9be9-1ef9cd053022", "depth": 5, "parent_uuid": "aebdda11-c637-4852-8106-723ac43347c6", "splittingValue": "1.0", "children": [], "isLeaf": true, "prediction": 1.0}, {"uuid": "017b4b46-2272-4a22-b50a-1e52020e6685", "depth": 5, "parent_uuid": "aebdda11-c637-4852-8106-723ac43347c6", "splittingValue": "0.0", "children": [], "isLeaf": true, "prediction": 0.0}], "isLeaf": false}, {"uuid": "499fe6cd-826f-4839-a944-e01f3739028c", "depth": 4, "parent_uuid": "13abc3fb-20b8-47e5-a080-c511b5efaceb", "splittingValue": "(0.999, 81.0]", "children": [], "isLeaf": true, "prediction": 0.0}], "isLeaf": false}], "isLeaf": false}, {"uuid": "ec2ed97c-cbad-46e9-8241-2035efd07b3f", "depth": 2, "parent_uuid": "5facd689-0d68-45d6-b193-edda09321176", "splittingValue": "1.0", "splittingAttirbute": "height", "children": [{"uuid": "1dc0841a-2820-42fe-9e19-78157ee90b33", "depth": 3, "parent_uuid": "ec2ed97c-cbad-46e9-8241-2035efd07b3f", "splittingValue": "(51.0, 84.0]", "splittingAttirbute": "origurl.www.news.observer.com", "children": [{"uuid": "ffeb4d54-88de-4dc8-8158-6400b8ca4cd6", "depth": 4, "parent_uuid": "1dc0841a-2820-42fe-9e19-78157ee90b33", "splittingValue": "0.0", "children": [], "isLeaf": true, "prediction": 1.0}, {"uuid": "75fdab04-2c1e-467c-90bc-5e29777be20a", "depth": 4, "parent_uuid": "1dc0841a-2820-42fe-9e19-78157ee90b33", "splittingValue": "1.0", "children": [], "isLeaf": true, "prediction": 0.0}], "isLeaf": false}, {"uuid": "5e22a960-6587-4a20-9a9f-cb5ac851d96f", "depth": 3, "parent_uuid": "ec2ed97c-cbad-46e9-8241-2035efd07b3f", "splittingValue": "(84.0, 640.0]", "children": [], "isLeaf": true, "prediction": 1.0}, {"uuid": "9ba3edfd-08bd-422c-b865-7e3c34eaab7f", "depth": 3, "parent_uuid": "ec2ed97c-cbad-46e9-8241-2035efd07b3f", "splittingValue": "(25.0, 51.0]", "children": [], "isLeaf": true, "prediction": 1.0}, {"uuid": "1270ad8f-0f7e-461f-800e-fa7f1461a65b", "depth": 3, "parent_uuid": "ec2ed97c-cbad-46e9-8241-2035efd07b3f", "splittingValue": "(0.999, 25.0]", "children": [], "isLeaf": true, "prediction": 0.0}], "isLeaf": false}], "isLeaf": false}