{"uuid": "922c923b-bb12-43da-a4fb-1389a42d2ebc", "depth": 1, "splittingAttirbute": "ancurl.com", "children": [{"uuid": "46150a85-b29a-4ca0-a735-40b55b1359cc", "depth": 2, "parent_uuid": "922c923b-bb12-43da-a4fb-1389a42d2ebc", "splittingValue": "0.0", "splittingAttirbute": "url.ads", "children": [{"uuid": "f49e5c5e-19ae-48e2-a8f9-87e753eebc24", "depth": 3, "parent_uuid": "46150a85-b29a-4ca0-a735-40b55b1359cc", "splittingValue": "0.0", "splittingAttirbute": "width", "children": [{"uuid": "223a301a-cd3c-4171-ad20-3145fd7dd13c", "depth": 4, "parent_uuid": "f49e5c5e-19ae-48e2-a8f9-87e753eebc24", "splittingValue": "(81.0, 110.0]", "splittingAttirbute": "ancurl.click", "children": [{"uuid": "8bee4400-c224-4ba6-94d7-fb593a48748e", "depth": 5, "parent_uuid": "223a301a-cd3c-4171-ad20-3145fd7dd13c", "splittingValue": "0.0", "splittingAttirbute": "ancurl.exe", "children": [{"uuid": "e14b7230-d153-4d6d-8b33-30d64e715c50", "depth": 6, "parent_uuid": "8bee4400-c224-4ba6-94d7-fb593a48748e", "splittingValue": "0.0", "children": [], "isLeaf": true, "prediction": 0.0}, {"uuid": "546a5ac9-2f7c-4176-bfe2-292a77f72bf9", "depth": 6, "parent_uuid": "8bee4400-c224-4ba6-94d7-fb593a48748e", "splittingValue": "1.0", "children": [], "isLeaf": true, "prediction": 1.0}], "isLeaf": false}, {"uuid": "d39c0ea3-cf94-4c04-8547-d6b58ea45923", "depth": 5, "parent_uuid": "223a301a-cd3c-4171-ad20-3145fd7dd13c", "splittingValue": "1.0", "children": [], "isLeaf": true, "prediction": 1.0}], "isLeaf": false}, {"uuid": "407534ce-40d9-47aa-ada2-3287d43d2131", "depth": 4, "parent_uuid": "f49e5c5e-19ae-48e2-a8f9-87e753eebc24", "splittingValue": "(184.0, 640.0]", "splittingAttirbute": "aratio", "children": [{"uuid": "38590f95-895c-42b1-a7c4-01e00e67de0f", "depth": 5, "parent_uuid": "407534ce-40d9-47aa-ada2-3287d43d2131", "splittingValue": "(5.333, 60.0]", "splittingAttirbute": "height", "children": [{"uuid": "b887c821-2fd4-44df-9d15-e1ab4de563fb", "depth": 6, "parent_uuid": "38590f95-895c-42b1-a7c4-01e00e67de0f", "splittingValue": "(25.0, 51.0]", "children": [], "isLeaf": true, "prediction": 0.0}, {"uuid": "2ccd6965-8af7-479d-b236-2566a6229a01", "depth": 6, "parent_uuid": "38590f95-895c-42b1-a7c4-01e00e67de0f", "splittingValue": "(0.999, 25.0]", "children": [], "isLeaf": true, "prediction": 0.0}, {"uuid": "831a2535-156e-4576-8a75-d701821dff67", "depth": 6, "parent_uuid": "38590f95-895c-42b1-a7c4-01e00e67de0f", "splittingValue": "(51.0, 84.0]", "children": [], "isLeaf": true, "prediction": 1.0}, {"uuid": "ef657da1-7432-4ad1-a3bf-40843803f2ff", "depth": 6, "parent_uuid": "38590f95-895c-42b1-a7c4-01e00e67de0f", "splittingValue": "(84.0, 640.0]", "children": [], "isLeaf": true, "prediction": 1.0}], "isLeaf": false}, {"uuid": "78ff6051-d9e4-4af5-8220-4c824414926a", "depth": 5, "parent_uuid": "407534ce-40d9-47aa-ada2-3287d43d2131", "splittingValue": "(1.036, 2.102]", "children": [], "isLeaf": true, "prediction": 0.0}, {"uuid": "67aab5cf-32a3-4824-86ff-9ad3d106a390", "depth": 5, "parent_uuid": "407534ce-40d9-47aa-ada2-3287d43d2131", "splittingValue": "(2.102, 5.333]", "splittingAttirbute": "url.home", "children": [{"uuid": "1d8b3a1d-50d8-4348-9d4e-542297a4bd64", "depth": 6, "parent_uuid": "67aab5cf-32a3-4824-86ff-9ad3d106a390", "splittingValue": "0.0", "children": [], "isLeaf": true, "prediction": 0.0}, {"uuid": "7d9978e4-76d9-49c6-983d-a9ff0e3831d1", "depth": 6, "parent_uuid": "67aab5cf-32a3-4824-86ff-9ad3d106a390", "splittingValue": "1.0", "children": [], "isLeaf": true, "prediction": 1.0}], "isLeaf": false}, {"uuid": "ef65c53c-2e5c-4224-bf40-0c285ecd909a", "depth": 5, "parent_uuid": "407534ce-40d9-47aa-ada2-3287d43d2131", "splittingValue": "(0.0005, 1.036]", "children": [], "isLeaf": true, "prediction": 0.0}], "isLeaf": false}, {"uuid": "d2213092-a7b1-46ed-91ad-4b852cdc2fef", "depth": 4, "parent_uuid": "f49e5c5e-19ae-48e2-a8f9-87e753eebc24", "splittingValue": "(0.999, 81.0]", "splittingAttirbute": "url.times", "children": [{"uuid": "86ab168b-5486-4eef-a50d-ed6bdfd3fa08", "depth": 5, "parent_uuid": "d2213092-a7b1-46ed-91ad-4b852cdc2fef", "splittingValue": "0.0", "splittingAttirbute": "url.it", "children": [{"uuid": "3f31bb04-6e27-462a-aaf1-16d0cf4b2776", "depth": 6, "parent_uuid": "86ab168b-5486-4eef-a50d-ed6bdfd3fa08", "splittingValue": "0.0", "children": [], "isLeaf": true, "prediction": 0.0}, {"uuid": "c975aed8-5bde-4ae1-9742-d551971f061d", "depth": 6, "parent_uuid": "86ab168b-5486-4eef-a50d-ed6bdfd3fa08", "splittingValue": "1.0", "children": [], "isLeaf": true, "prediction": 1.0}], "isLeaf": false}, {"uuid": "19dc3a9a-57a4-46b5-9beb-906b3b720bbf", "depth": 5, "parent_uuid": "d2213092-a7b1-46ed-91ad-4b852cdc2fef", "splittingValue": "1.0", "children": [], "isLeaf": true, "prediction": 1.0}], "isLeaf": false}, {"uuid": "4984e222-0b56-4890-8440-c6e6c22fc2e9", "depth": 4, "parent_uuid": "f49e5c5e-19ae-48e2-a8f9-87e753eebc24", "splittingValue": "(110.0, 184.0]", "splittingAttirbute": "url.marketing", "children": [{"uuid": "9abd610a-743d-4ddc-98a6-98b82c449982", "depth": 5, "parent_uuid": "4984e222-0b56-4890-8440-c6e6c22fc2e9", "splittingValue": "0.0", "splittingAttirbute": "alt.free", "children": [{"uuid": "473487af-65f9-4ce7-bab6-23bc4f6f9d85", "depth": 6, "parent_uuid": "9abd610a-743d-4ddc-98a6-98b82c449982", "splittingValue": "0.0", "children": [], "isLeaf": true, "prediction": 0.0}, {"uuid": "a8c9f5ee-418b-467a-a2dd-d09a0dd396b4", "depth": 6, "parent_uuid": "9abd610a-743d-4ddc-98a6-98b82c449982", "splittingValue": "1.0", "children": [], "isLeaf": true, "prediction": 1.0}], "isLeaf": false}, {"uuid": "5afd6d50-159a-4570-81ee-dec4f5d3dc26", "depth": 5, "parent_uuid": "4984e222-0b56-4890-8440-c6e6c22fc2e9", "splittingValue": "1.0", "splittingAttirbute": "height", "children": [{"uuid": "1218cca7-0eb9-4726-8a86-7b043c8cb93b", "depth": 6, "parent_uuid": "5afd6d50-159a-4570-81ee-dec4f5d3dc26", "splittingValue": "(25.0, 51.0]", "children": [], "isLeaf": true, "prediction": 1.0}, {"uuid": "4edafba9-bbc7-4018-96fd-58c1aa1c1a02", "depth": 6, "parent_uuid": "5afd6d50-159a-4570-81ee-dec4f5d3dc26", "splittingValue": "(0.999, 25.0]", "children": [], "isLeaf": true, "prediction": 0.0}], "isLeaf": false}], "isLeaf": false}], "isLeaf": false}, {"uuid": "2ac2c8b8-2c4a-4d66-af80-5a99a39c633f", "depth": 3, "parent_uuid": "46150a85-b29a-4ca0-a735-40b55b1359cc", "splittingValue": "1.0", "splittingAttirbute": "width", "children": [{"uuid": "1544fc59-451f-44ab-b14f-a219cafec71e", "depth": 4, "parent_uuid": "2ac2c8b8-2c4a-4d66-af80-5a99a39c633f", "splittingValue": "(184.0, 640.0]", "children": [], "isLeaf": true, "prediction": 1.0}, {"uuid": "bc18e996-5ab1-49f8-8834-1a985fb4b8fa", "depth": 4, "parent_uuid": "2ac2c8b8-2c4a-4d66-af80-5a99a39c633f", "splittingValue": "(110.0, 184.0]", "children": [], "isLeaf": true, "prediction": 1.0}, {"uuid": "4adaf61d-7408-4b69-99fb-684e7dd23516", "depth": 4, "parent_uuid": "2ac2c8b8-2c4a-4d66-af80-5a99a39c633f", "splittingValue": "(81.0, 110.0]", "splittingAttirbute": "local", "children": [{"uuid": "3dd4d955-418f-40e0-9da0-c7ab917f2a72", "depth": 5, "parent_uuid": "4adaf61d-7408-4b69-99fb-684e7dd23516", "splittingValue": "1.0", "children": [], "isLeaf": true, "prediction": 1.0}, {"uuid": "eec066a9-389d-427c-8653-293e7cb58a27", "depth": 5, "parent_uuid": "4adaf61d-7408-4b69-99fb-684e7dd23516", "splittingValue": "0.0", "children": [], "isLeaf": true, "prediction": 0.0}], "isLeaf": false}, {"uuid": "9d446846-9d89-4ae4-b27c-d6f5847b2b7b", "depth": 4, "parent_uuid": "2ac2c8b8-2c4a-4d66-af80-5a99a39c633f", "splittingValue": "(0.999, 81.0]", "children": [], "isLeaf": true, "prediction": 0.0}], "isLeaf": false}], "isLeaf": false}, {"uuid": "53ed82e1-7e3a-44a4-9c88-d977df38c3c7", "depth": 2, "parent_uuid": "922c923b-bb12-43da-a4fb-1389a42d2ebc", "splittingValue": "1.0", "splittingAttirbute": "height", "children": [{"uuid": "2c3e4ec4-5839-49e6-9969-6569cd5f025e", "depth": 3, "parent_uuid": "53ed82e1-7e3a-44a4-9c88-d977df38c3c7", "splittingValue": "(51.0, 84.0]", "splittingAttirbute": "origurl.www.news.observer.com", "children": [{"uuid": "94d23f5d-b756-4b27-9ec6-9485853cba11", "depth": 4, "parent_uuid": "2c3e4ec4-5839-49e6-9969-6569cd5f025e", "splittingValue": "0.0", "children": [], "isLeaf": true, "prediction": 1.0}, {"uuid": "cf82752f-fae2-4b73-9c7f-8cc3ece0fdcd", "depth": 4, "parent_uuid": "2c3e4ec4-5839-49e6-9969-6569cd5f025e", "splittingValue": "1.0", "children": [], "isLeaf": true, "prediction": 0.0}], "isLeaf": false}, {"uuid": "19fec138-6836-4d24-a716-e1f8f48d01d5", "depth": 3, "parent_uuid": "53ed82e1-7e3a-44a4-9c88-d977df38c3c7", "splittingValue": "(84.0, 640.0]", "children": [], "isLeaf": true, "prediction": 1.0}, {"uuid": "6af65676-8548-4c74-a09b-dd4ae2527892", "depth": 3, "parent_uuid": "53ed82e1-7e3a-44a4-9c88-d977df38c3c7", "splittingValue": "(25.0, 51.0]", "children": [], "isLeaf": true, "prediction": 1.0}, {"uuid": "ba4d135a-15c7-4e50-b4e1-8cad790bb87d", "depth": 3, "parent_uuid": "53ed82e1-7e3a-44a4-9c88-d977df38c3c7", "splittingValue": "(0.999, 25.0]", "children": [], "isLeaf": true, "prediction": 0.0}], "isLeaf": false}], "isLeaf": false}