{"uuid": "20b09802-e8a2-4efd-8a24-3437fa4496ac", "depth": 1, "splittingAttirbute": "ancurl.com", "children": [{"uuid": "de5bd5f6-9236-4821-8eab-2361630142f4", "depth": 2, "parent_uuid": "20b09802-e8a2-4efd-8a24-3437fa4496ac", "splittingValue": "0.0", "splittingAttirbute": "url.ads", "children": [{"uuid": "bd970253-a1f6-423e-8f62-17ba7a459ff1", "depth": 3, "parent_uuid": "de5bd5f6-9236-4821-8eab-2361630142f4", "splittingValue": "0.0", "splittingAttirbute": "width", "children": [{"uuid": "35bf48bf-0839-4258-a060-b731db836748", "depth": 4, "parent_uuid": "bd970253-a1f6-423e-8f62-17ba7a459ff1", "splittingValue": "(81.0, 110.0]", "splittingAttirbute": "ancurl.click", "children": [{"uuid": "ef7cf5b3-0a65-476c-b22f-bb0b41d2c522", "depth": 5, "parent_uuid": "35bf48bf-0839-4258-a060-b731db836748", "splittingValue": "0.0", "splittingAttirbute": "ancurl.exe", "children": [{"uuid": "56892aef-003b-4c9b-ba57-3959a18f2849", "depth": 6, "parent_uuid": "ef7cf5b3-0a65-476c-b22f-bb0b41d2c522", "splittingValue": "0.0", "splittingAttirbute": "origurl.www.thriveonline.com", "children": [{"uuid": "32c24e47-1127-410f-9e67-0ab0b49eb194", "depth": 7, "parent_uuid": "56892aef-003b-4c9b-ba57-3959a18f2849", "splittingValue": "0.0", "splittingAttirbute": "url.logo.gif", "children": [{"uuid": "32ddc422-4aab-4559-af9e-9747f79d87f9", "depth": 8, "parent_uuid": "32c24e47-1127-410f-9e67-0ab0b49eb194", "splittingValue": "0.0", "splittingAttirbute": "alt.all", "children": [{"uuid": "e4c78a08-21a6-4439-b5cd-2106aa5a779f", "depth": 9, "parent_uuid": "32ddc422-4aab-4559-af9e-9747f79d87f9", "splittingValue": "0.0", "children": [], "isLeaf": true, "prediction": 0.0}, {"uuid": "048fb8a9-f9f6-47e3-8e9a-bb0f8cff1995", "depth": 9, "parent_uuid": "32ddc422-4aab-4559-af9e-9747f79d87f9", "splittingValue": "1.0", "splittingAttirbute": "height", "children": [{"uuid": "93dd8db7-803a-466f-bf7f-9561ed3a40d9", "depth": 10, "parent_uuid": "048fb8a9-f9f6-47e3-8e9a-bb0f8cff1995", "splittingValue": "(51.0, 84.0]", "children": [], "isLeaf": true, "prediction": 0.0}, {"uuid": "b1bf56a5-0359-415e-b0c4-1a5e8744cf45", "depth": 10, "parent_uuid": "048fb8a9-f9f6-47e3-8e9a-bb0f8cff1995", "splittingValue": "(84.0, 640.0]", "children": [], "isLeaf": true, "prediction": 1.0}], "isLeaf": false}], "isLeaf": false}, {"uuid": "6405c079-bf0d-424e-bf4f-7c1f6566fe51", "depth": 8, "parent_uuid": "32c24e47-1127-410f-9e67-0ab0b49eb194", "splittingValue": "1.0", "splittingAttirbute": "url.www.autotown.com", "children": [{"uuid": "f6891d43-44bc-4936-9f47-a029a287b5c4", "depth": 9, "parent_uuid": "6405c079-bf0d-424e-bf4f-7c1f6566fe51", "splittingValue": "1.0", "children": [], "isLeaf": true, "prediction": 0.0}, {"uuid": "8eec33cb-0377-4376-9420-09e888456789", "depth": 9, "parent_uuid": "6405c079-bf0d-424e-bf4f-7c1f6566fe51", "splittingValue": "0.0", "children": [], "isLeaf": true, "prediction": 1.0}], "isLeaf": false}], "isLeaf": false}, {"uuid": "46a67f4e-3075-4ed9-a2c8-c0cad2faa204", "depth": 7, "parent_uuid": "56892aef-003b-4c9b-ba57-3959a18f2849", "splittingValue": "1.0", "children": [], "isLeaf": true, "prediction": 1.0}], "isLeaf": false}, {"uuid": "c7f4ecb6-388d-45f5-87de-0e66e55e043a", "depth": 6, "parent_uuid": "ef7cf5b3-0a65-476c-b22f-bb0b41d2c522", "splittingValue": "1.0", "splittingAttirbute": "ancurl.bin", "children": [{"uuid": "c4a23ee9-7ce5-4095-9833-f18e52e9795a", "depth": 7, "parent_uuid": "c7f4ecb6-388d-45f5-87de-0e66e55e043a", "splittingValue": "1.0", "children": [], "isLeaf": true, "prediction": 1.0}, {"uuid": "6fc71385-8162-45c7-98e9-61051fd79080", "depth": 7, "parent_uuid": "c7f4ecb6-388d-45f5-87de-0e66e55e043a", "splittingValue": "0.0", "children": [], "isLeaf": true, "prediction": 0.0}], "isLeaf": false}], "isLeaf": false}, {"uuid": "931db8ad-1a39-402a-aba1-9afeaa2aa5fc", "depth": 5, "parent_uuid": "35bf48bf-0839-4258-a060-b731db836748", "splittingValue": "1.0", "children": [], "isLeaf": true, "prediction": 1.0}], "isLeaf": false}, {"uuid": "822cad2f-e324-4ed7-8079-7c5c1203959b", "depth": 4, "parent_uuid": "bd970253-a1f6-423e-8f62-17ba7a459ff1", "splittingValue": "(184.0, 640.0]", "splittingAttirbute": "aratio", "children": [{"uuid": "5713d44f-06d4-4651-8917-48a3bad8879c", "depth": 5, "parent_uuid": "822cad2f-e324-4ed7-8079-7c5c1203959b", "splittingValue": "(5.333, 60.0]", "splittingAttirbute": "height", "children": [{"uuid": "f4297206-19c2-4d8a-9ba9-39f8e2cac653", "depth": 6, "parent_uuid": "5713d44f-06d4-4651-8917-48a3bad8879c", "splittingValue": "(25.0, 51.0]", "splittingAttirbute": "ancurl.index.html", "children": [{"uuid": "999e8695-ab48-4eb9-92db-6d2e19a97b39", "depth": 7, "parent_uuid": "f4297206-19c2-4d8a-9ba9-39f8e2cac653", "splittingValue": "0.0", "splittingAttirbute": "alt.here", "children": [{"uuid": "38e4859f-1aca-418b-87dd-e8acd88b9a6e", "depth": 8, "parent_uuid": "999e8695-ab48-4eb9-92db-6d2e19a97b39", "splittingValue": "0.0", "splittingAttirbute": "url.images.home", "children": [{"uuid": "3179f318-a342-4668-994d-e2b16d01befa", "depth": 9, "parent_uuid": "38e4859f-1aca-418b-87dd-e8acd88b9a6e", "splittingValue": "0.0", "splittingAttirbute": "url.ng.spacedesc", "children": [{"uuid": "2ce889b4-1eab-4b5a-bbd7-b82697fca886", "depth": 10, "parent_uuid": "3179f318-a342-4668-994d-e2b16d01befa", "splittingValue": "0.0", "splittingAttirbute": "url.banners", "children": [{"uuid": "01a47b95-d7e8-4d3b-bc34-210b92ff988b", "depth": 11, "parent_uuid": "2ce889b4-1eab-4b5a-bbd7-b82697fca886", "splittingValue": "0.0", "splittingAttirbute": "url.thejeep.com", "children": [{"uuid": "de669f18-1448-4935-87ed-ff732008f561", "depth": 12, "parent_uuid": "01a47b95-d7e8-4d3b-bc34-210b92ff988b", "splittingValue": "0.0", "children": [], "isLeaf": true, "prediction": 0.0}, {"uuid": "6dfc095e-41f2-4075-8e30-62db5f3af800", "depth": 12, "parent_uuid": "01a47b95-d7e8-4d3b-bc34-210b92ff988b", "splittingValue": "1.0", "children": [], "isLeaf": true, "prediction": 1.0}], "isLeaf": false}, {"uuid": "97441eea-81fe-4b9b-82e2-2a19fb9c2a8f", "depth": 11, "parent_uuid": "2ce889b4-1eab-4b5a-bbd7-b82697fca886", "splittingValue": "1.0", "children": [], "isLeaf": true, "prediction": 1.0}], "isLeaf": false}, {"uuid": "e1d9e195-ddb1-4b16-a753-d1596d8e9f4d", "depth": 10, "parent_uuid": "3179f318-a342-4668-994d-e2b16d01befa", "splittingValue": "1.0", "children": [], "isLeaf": true, "prediction": 1.0}], "isLeaf": false}, {"uuid": "de0dc278-8353-4810-8dbd-e3cadf2c0cee", "depth": 9, "parent_uuid": "38e4859f-1aca-418b-87dd-e8acd88b9a6e", "splittingValue": "1.0", "children": [], "isLeaf": true, "prediction": 1.0}], "isLeaf": false}, {"uuid": "7d6f51ee-c267-440d-8b08-ca5c53d5c4c7", "depth": 8, "parent_uuid": "999e8695-ab48-4eb9-92db-6d2e19a97b39", "splittingValue": "1.0", "children": [], "isLeaf": true, "prediction": 1.0}], "isLeaf": false}, {"uuid": "75e700ee-ac33-463e-8797-4bfd02801e98", "depth": 7, "parent_uuid": "f4297206-19c2-4d8a-9ba9-39f8e2cac653", "splittingValue": "1.0", "children": [], "isLeaf": true, "prediction": 1.0}], "isLeaf": false}, {"uuid": "5fe52512-be50-490b-b973-24f8cb79d1df", "depth": 6, "parent_uuid": "5713d44f-06d4-4651-8917-48a3bad8879c", "splittingValue": "(0.999, 25.0]", "splittingAttirbute": "ancurl.download", "children": [{"uuid": "f3365f6a-808b-4346-ba23-6ab556d5467e", "depth": 7, "parent_uuid": "5fe52512-be50-490b-b973-24f8cb79d1df", "splittingValue": "0.0", "children": [], "isLeaf": true, "prediction": 0.0}, {"uuid": "b7a44946-27e5-44c4-be38-cacbbbb46a58", "depth": 7, "parent_uuid": "5fe52512-be50-490b-b973-24f8cb79d1df", "splittingValue": "1.0", "children": [], "isLeaf": true, "prediction": 1.0}], "isLeaf": false}, {"uuid": "018896ad-490b-43e7-ab9a-444c5f243c8c", "depth": 6, "parent_uuid": "5713d44f-06d4-4651-8917-48a3bad8879c", "splittingValue": "(51.0, 84.0]", "splittingAttirbute": "url.gifs", "children": [{"uuid": "d50a096f-b216-447c-a27e-014cc3e612a6", "depth": 7, "parent_uuid": "018896ad-490b-43e7-ab9a-444c5f243c8c", "splittingValue": "0.0", "splittingAttirbute": "url.zueri.ch", "children": [{"uuid": "3b9b1a1a-3b5c-46a2-9001-76e16c7abede", "depth": 8, "parent_uuid": "d50a096f-b216-447c-a27e-014cc3e612a6", "splittingValue": "0.0", "splittingAttirbute": "origurl.www.innotts.co.uk", "children": [{"uuid": "0d08f83f-314f-46a5-b4f8-4a62bb001888", "depth": 9, "parent_uuid": "3b9b1a1a-3b5c-46a2-9001-76e16c7abede", "splittingValue": "0.0", "splittingAttirbute": "local", "children": [{"uuid": "d8996141-7fef-4ec3-b5bd-a564419f755c", "depth": 10, "parent_uuid": "0d08f83f-314f-46a5-b4f8-4a62bb001888", "splittingValue": "1.0", "children": [], "isLeaf": true, "prediction": 1.0}, {"uuid": "22e3e328-4d64-40ae-935e-8ab806a3664d", "depth": 10, "parent_uuid": "0d08f83f-314f-46a5-b4f8-4a62bb001888", "splittingValue": "0.0", "splittingAttirbute": "url.lycos.de", "children": [{"uuid": "0ddbc98e-bf82-4c1f-93f7-bdb3f2fe1fab", "depth": 11, "parent_uuid": "22e3e328-4d64-40ae-935e-8ab806a3664d", "splittingValue": "0.0", "splittingAttirbute": "url.ng.spacedesc", "children": [{"uuid": "b9e31054-72bc-4043-9e52-18b6b2a36f50", "depth": 12, "parent_uuid": "0ddbc98e-bf82-4c1f-93f7-bdb3f2fe1fab", "splittingValue": "0.0", "children": [], "isLeaf": true, "prediction": 0.0}, {"uuid": "b7b7ac02-829e-4f95-b038-7d44674193d0", "depth": 12, "parent_uuid": "0ddbc98e-bf82-4c1f-93f7-bdb3f2fe1fab", "splittingValue": "1.0", "children": [], "isLeaf": true, "prediction": 1.0}], "isLeaf": false}, {"uuid": "962cf2bb-5217-46c5-a55c-48024a60a5f4", "depth": 11, "parent_uuid": "22e3e328-4d64-40ae-935e-8ab806a3664d", "splittingValue": "1.0", "children": [], "isLeaf": true, "prediction": 1.0}], "isLeaf": false}], "isLeaf": false}, {"uuid": "92bf217e-a7a0-45a1-b888-3038587bbc54", "depth": 9, "parent_uuid": "3b9b1a1a-3b5c-46a2-9001-76e16c7abede", "splittingValue": "1.0", "children": [], "isLeaf": true, "prediction": 0.0}], "isLeaf": false}, {"uuid": "37458ab0-c969-4349-babb-418c8c58481d", "depth": 8, "parent_uuid": "d50a096f-b216-447c-a27e-014cc3e612a6", "splittingValue": "1.0", "children": [], "isLeaf": true, "prediction": 0.0}], "isLeaf": false}, {"uuid": "c1e7088a-89b5-40cd-b429-9bf06a151408", "depth": 7, "parent_uuid": "018896ad-490b-43e7-ab9a-444c5f243c8c", "splittingValue": "1.0", "children": [], "isLeaf": true, "prediction": 0.0}], "isLeaf": false}, {"uuid": "02235e19-41e5-4776-9652-5c1cffda5ca7", "depth": 6, "parent_uuid": "5713d44f-06d4-4651-8917-48a3bad8879c", "splittingValue": "(84.0, 640.0]", "children": [], "isLeaf": true, "prediction": 1.0}], "isLeaf": false}, {"uuid": "987f3167-28b5-49af-956e-c12bbb6bf1d9", "depth": 5, "parent_uuid": "822cad2f-e324-4ed7-8079-7c5c1203959b", "splittingValue": "(1.036, 2.102]", "children": [], "isLeaf": true, "prediction": 0.0}, {"uuid": "eb9758e6-01ef-43b6-a843-a9046698765f", "depth": 5, "parent_uuid": "822cad2f-e324-4ed7-8079-7c5c1203959b", "splittingValue": "(2.102, 5.333]", "splittingAttirbute": "url.home", "children": [{"uuid": "6d159a74-762a-4713-a242-791fdecc7c94", "depth": 6, "parent_uuid": "eb9758e6-01ef-43b6-a843-a9046698765f", "splittingValue": "0.0", "splittingAttirbute": "url.banner", "children": [{"uuid": "3b4c771e-f767-44da-9439-1eb07bfd5966", "depth": 7, "parent_uuid": "6d159a74-762a-4713-a242-791fdecc7c94", "splittingValue": "0.0", "splittingAttirbute": "ancurl.default", "children": [{"uuid": "92ee313d-4b8f-4ef7-926c-ba4a8e2a587d", "depth": 8, "parent_uuid": "3b4c771e-f767-44da-9439-1eb07bfd5966", "splittingValue": "0.0", "splittingAttirbute": "origurl.index.html", "children": [{"uuid": "8aa44bc4-4b67-4d32-be64-50216e768921", "depth": 9, "parent_uuid": "92ee313d-4b8f-4ef7-926c-ba4a8e2a587d", "splittingValue": "0.0", "children": [], "isLeaf": true, "prediction": 0.0}, {"uuid": "afc34118-15a0-44dc-a6b2-a16cc54e169a", "depth": 9, "parent_uuid": "92ee313d-4b8f-4ef7-926c-ba4a8e2a587d", "splittingValue": "1.0", "splittingAttirbute": "height", "children": [{"uuid": "1145cb64-93d8-4b2d-ad13-620616422bbb", "depth": 10, "parent_uuid": "afc34118-15a0-44dc-a6b2-a16cc54e169a", "splittingValue": "(25.0, 51.0]", "children": [], "isLeaf": true, "prediction": 0.0}, {"uuid": "cf5f3552-1c8b-4787-a742-2458fdbdcd4e", "depth": 10, "parent_uuid": "afc34118-15a0-44dc-a6b2-a16cc54e169a", "splittingValue": "(84.0, 640.0]", "children": [], "isLeaf": true, "prediction": 1.0}], "isLeaf": false}], "isLeaf": false}, {"uuid": "0d012595-4ed6-480d-bbdf-e674a3d8529e", "depth": 8, "parent_uuid": "3b4c771e-f767-44da-9439-1eb07bfd5966", "splittingValue": "1.0", "children": [], "isLeaf": true, "prediction": 1.0}], "isLeaf": false}, {"uuid": "7828f2d3-529d-465c-8100-98ebee1ddf85", "depth": 7, "parent_uuid": "6d159a74-762a-4713-a242-791fdecc7c94", "splittingValue": "1.0", "children": [], "isLeaf": true, "prediction": 1.0}], "isLeaf": false}, {"uuid": "e3b2ed34-ed71-408d-a439-3f53f6acae9e", "depth": 6, "parent_uuid": "eb9758e6-01ef-43b6-a843-a9046698765f", "splittingValue": "1.0", "children": [], "isLeaf": true, "prediction": 1.0}], "isLeaf": false}, {"uuid": "6d76dc2b-7836-499a-8017-88e3388a8ee0", "depth": 5, "parent_uuid": "822cad2f-e324-4ed7-8079-7c5c1203959b", "splittingValue": "(0.0005, 1.036]", "children": [], "isLeaf": true, "prediction": 0.0}], "isLeaf": false}, {"uuid": "d6ab2589-b79e-44a2-9060-cb208fbc098c", "depth": 4, "parent_uuid": "bd970253-a1f6-423e-8f62-17ba7a459ff1", "splittingValue": "(0.999, 81.0]", "splittingAttirbute": "url.times", "children": [{"uuid": "18e198a0-a2bb-4898-8be7-d624803e6058", "depth": 5, "parent_uuid": "d6ab2589-b79e-44a2-9060-cb208fbc098c", "splittingValue": "0.0", "splittingAttirbute": "url.it", "children": [{"uuid": "c659eca3-414a-457b-937d-10c69db6ab22", "depth": 6, "parent_uuid": "18e198a0-a2bb-4898-8be7-d624803e6058", "splittingValue": "0.0", "splittingAttirbute": "ancurl.redirect", "children": [{"uuid": "49816839-80ff-41f3-8679-a5cf09bc285f", "depth": 7, "parent_uuid": "c659eca3-414a-457b-937d-10c69db6ab22", "splittingValue": "0.0", "splittingAttirbute": "ancurl.download", "children": [{"uuid": "ed3d5234-5210-40fb-b3a8-ab2341b52d19", "depth": 8, "parent_uuid": "49816839-80ff-41f3-8679-a5cf09bc285f", "splittingValue": "0.0", "splittingAttirbute": "alt.of", "children": [{"uuid": "a2182b20-faa5-4668-a186-a50ef3794cfe", "depth": 9, "parent_uuid": "ed3d5234-5210-40fb-b3a8-ab2341b52d19", "splittingValue": "0.0", "children": [], "isLeaf": true, "prediction": 0.0}, {"uuid": "6e591586-d940-42f2-9748-89c1114004ab", "depth": 9, "parent_uuid": "ed3d5234-5210-40fb-b3a8-ab2341b52d19", "splittingValue": "1.0", "splittingAttirbute": "height", "children": [{"uuid": "71abf471-aadf-4a3d-8fc2-ea75c9823c2b", "depth": 10, "parent_uuid": "6e591586-d940-42f2-9748-89c1114004ab", "splittingValue": "(0.999, 25.0]", "children": [], "isLeaf": true, "prediction": 0.0}, {"uuid": "ddd67c73-b239-4bfa-80e8-c8c8497c7a90", "depth": 10, "parent_uuid": "6e591586-d940-42f2-9748-89c1114004ab", "splittingValue": "(51.0, 84.0]", "splittingAttirbute": "aratio", "children": [{"uuid": "103e441b-9b64-44a9-a2be-afe1b633f990", "depth": 11, "parent_uuid": "ddd67c73-b239-4bfa-80e8-c8c8497c7a90", "splittingValue": "(0.0005, 1.036]", "children": [], "isLeaf": true, "prediction": 1.0}, {"uuid": "80acf85e-f119-4624-96a7-c099e71452c3", "depth": 11, "parent_uuid": "ddd67c73-b239-4bfa-80e8-c8c8497c7a90", "splittingValue": "(1.036, 2.102]", "children": [], "isLeaf": true, "prediction": 0.0}], "isLeaf": false}, {"uuid": "77c1fa1c-c439-437e-9727-bd45fa14e7ce", "depth": 10, "parent_uuid": "6e591586-d940-42f2-9748-89c1114004ab", "splittingValue": "(25.0, 51.0]", "children": [], "isLeaf": true, "prediction": 0.0}], "isLeaf": false}], "isLeaf": false}, {"uuid": "be02e128-32f7-4708-a071-db2f4fb5dbb0", "depth": 8, "parent_uuid": "49816839-80ff-41f3-8679-a5cf09bc285f", "splittingValue": "1.0", "splittingAttirbute": "aratio", "children": [{"uuid": "ce227c63-6ac6-41c1-a521-922802105c39", "depth": 9, "parent_uuid": "be02e128-32f7-4708-a071-db2f4fb5dbb0", "splittingValue": "(2.102, 5.333]", "children": [], "isLeaf": true, "prediction": 1.0}, {"uuid": "8c6fb376-ae5c-4dfd-935a-a4ff4856fe74", "depth": 9, "parent_uuid": "be02e128-32f7-4708-a071-db2f4fb5dbb0", "splittingValue": "(0.0005, 1.036]", "children": [], "isLeaf": true, "prediction": 0.0}, {"uuid": "5bd0fec5-c188-4860-8120-0441b6345bd4", "depth": 9, "parent_uuid": "be02e128-32f7-4708-a071-db2f4fb5dbb0", "splittingValue": "(1.036, 2.102]", "children": [], "isLeaf": true, "prediction": 0.0}], "isLeaf": false}], "isLeaf": false}, {"uuid": "f5af6e2f-b843-480e-807e-eb55f8d4853d", "depth": 7, "parent_uuid": "c659eca3-414a-457b-937d-10c69db6ab22", "splittingValue": "1.0", "children": [], "isLeaf": true, "prediction": 1.0}], "isLeaf": false}, {"uuid": "efad05aa-8429-42f1-9fac-ee8a22437c41", "depth": 6, "parent_uuid": "18e198a0-a2bb-4898-8be7-d624803e6058", "splittingValue": "1.0", "children": [], "isLeaf": true, "prediction": 1.0}], "isLeaf": false}, {"uuid": "51573212-5202-44eb-a438-ddb05e4ff116", "depth": 5, "parent_uuid": "d6ab2589-b79e-44a2-9060-cb208fbc098c", "splittingValue": "1.0", "children": [], "isLeaf": true, "prediction": 1.0}], "isLeaf": false}, {"uuid": "06426143-243b-4df2-9084-d064edce1caa", "depth": 4, "parent_uuid": "bd970253-a1f6-423e-8f62-17ba7a459ff1", "splittingValue": "(110.0, 184.0]", "splittingAttirbute": "url.marketing", "children": [{"uuid": "1201396f-2b91-4fb3-ac19-3d80d27c22ad", "depth": 5, "parent_uuid": "06426143-243b-4df2-9084-d064edce1caa", "splittingValue": "0.0", "splittingAttirbute": "alt.free", "children": [{"uuid": "a4acb9d7-fb8e-4d98-970c-5b5487b272fc", "depth": 6, "parent_uuid": "1201396f-2b91-4fb3-ac19-3d80d27c22ad", "splittingValue": "0.0", "splittingAttirbute": "url.time.1998", "children": [{"uuid": "86e0d8d3-8f91-4675-af23-a6cbe65e6e3e", "depth": 7, "parent_uuid": "a4acb9d7-fb8e-4d98-970c-5b5487b272fc", "splittingValue": "0.0", "splittingAttirbute": "url.home.netscape.com", "children": [{"uuid": "ca80c97a-734e-47f3-a5b5-9fe390ce342b", "depth": 8, "parent_uuid": "86e0d8d3-8f91-4675-af23-a6cbe65e6e3e", "splittingValue": "0.0", "splittingAttirbute": "url.doubleclick.net", "children": [{"uuid": "59479f84-e891-481c-83c3-e1644fec53bf", "depth": 9, "parent_uuid": "ca80c97a-734e-47f3-a5b5-9fe390ce342b", "splittingValue": "0.0", "splittingAttirbute": "url.thejeep.com", "children": [{"uuid": "d116bb70-33d2-460f-ab3f-d972789d0bd2", "depth": 10, "parent_uuid": "59479f84-e891-481c-83c3-e1644fec53bf", "splittingValue": "0.0", "splittingAttirbute": "url.bin", "children": [{"uuid": "30f9a942-8795-4ce1-be6e-b839c1a5c3c1", "depth": 11, "parent_uuid": "d116bb70-33d2-460f-ab3f-d972789d0bd2", "splittingValue": "0.0", "children": [], "isLeaf": true, "prediction": 0.0}, {"uuid": "bc1573d6-dc60-4ab4-a622-968b62572833", "depth": 11, "parent_uuid": "d116bb70-33d2-460f-ab3f-d972789d0bd2", "splittingValue": "1.0", "children": [], "isLeaf": true, "prediction": 1.0}], "isLeaf": false}, {"uuid": "82463c0c-baa4-41f9-bcbe-2c12b3113a79", "depth": 10, "parent_uuid": "59479f84-e891-481c-83c3-e1644fec53bf", "splittingValue": "1.0", "children": [], "isLeaf": true, "prediction": 1.0}], "isLeaf": false}, {"uuid": "f636cd08-193b-47af-9f79-27f525b165ff", "depth": 9, "parent_uuid": "ca80c97a-734e-47f3-a5b5-9fe390ce342b", "splittingValue": "1.0", "children": [], "isLeaf": true, "prediction": 1.0}], "isLeaf": false}, {"uuid": "fee8f512-dc75-45d7-9e8f-23e055206047", "depth": 8, "parent_uuid": "86e0d8d3-8f91-4675-af23-a6cbe65e6e3e", "splittingValue": "1.0", "children": [], "isLeaf": true, "prediction": 1.0}], "isLeaf": false}, {"uuid": "677ac837-ff5e-4f08-b09f-00fb91d4e91c", "depth": 7, "parent_uuid": "a4acb9d7-fb8e-4d98-970c-5b5487b272fc", "splittingValue": "1.0", "children": [], "isLeaf": true, "prediction": 1.0}], "isLeaf": false}, {"uuid": "47acce09-a0c5-4cb6-8664-5c15f8554c29", "depth": 6, "parent_uuid": "1201396f-2b91-4fb3-ac19-3d80d27c22ad", "splittingValue": "1.0", "children": [], "isLeaf": true, "prediction": 1.0}], "isLeaf": false}, {"uuid": "9918122a-dc26-460a-8289-e46d706f87e1", "depth": 5, "parent_uuid": "06426143-243b-4df2-9084-d064edce1caa", "splittingValue": "1.0", "splittingAttirbute": "height", "children": [{"uuid": "fe788574-43e0-4177-bd1f-03b846a605a7", "depth": 6, "parent_uuid": "9918122a-dc26-460a-8289-e46d706f87e1", "splittingValue": "(25.0, 51.0]", "children": [], "isLeaf": true, "prediction": 1.0}, {"uuid": "d3d7382a-6778-4696-a774-83fc0b6a940e", "depth": 6, "parent_uuid": "9918122a-dc26-460a-8289-e46d706f87e1", "splittingValue": "(0.999, 25.0]", "children": [], "isLeaf": true, "prediction": 0.0}], "isLeaf": false}], "isLeaf": false}], "isLeaf": false}, {"uuid": "ddc8ee7b-a7dd-4dfd-bb85-485610d8ffe1", "depth": 3, "parent_uuid": "de5bd5f6-9236-4821-8eab-2361630142f4", "splittingValue": "1.0", "splittingAttirbute": "width", "children": [{"uuid": "56608c87-5297-4a3b-a5b2-84c0d061c0df", "depth": 4, "parent_uuid": "ddc8ee7b-a7dd-4dfd-bb85-485610d8ffe1", "splittingValue": "(184.0, 640.0]", "children": [], "isLeaf": true, "prediction": 1.0}, {"uuid": "d4bb26d1-5f15-4390-82f4-792f3b3d7495", "depth": 4, "parent_uuid": "ddc8ee7b-a7dd-4dfd-bb85-485610d8ffe1", "splittingValue": "(110.0, 184.0]", "children": [], "isLeaf": true, "prediction": 1.0}, {"uuid": "7138200a-169f-4784-85c6-c85c2e918065", "depth": 4, "parent_uuid": "ddc8ee7b-a7dd-4dfd-bb85-485610d8ffe1", "splittingValue": "(81.0, 110.0]", "splittingAttirbute": "local", "children": [{"uuid": "8f240172-48be-4892-9f5b-e6fc88458beb", "depth": 5, "parent_uuid": "7138200a-169f-4784-85c6-c85c2e918065", "splittingValue": "1.0", "children": [], "isLeaf": true, "prediction": 1.0}, {"uuid": "59af14b4-769e-401f-b146-138391a4618e", "depth": 5, "parent_uuid": "7138200a-169f-4784-85c6-c85c2e918065", "splittingValue": "0.0", "children": [], "isLeaf": true, "prediction": 0.0}], "isLeaf": false}, {"uuid": "3fb534ab-c149-4cb2-a25e-688cf64f495e", "depth": 4, "parent_uuid": "ddc8ee7b-a7dd-4dfd-bb85-485610d8ffe1", "splittingValue": "(0.999, 81.0]", "children": [], "isLeaf": true, "prediction": 0.0}], "isLeaf": false}], "isLeaf": false}, {"uuid": "8303f71f-c8e2-426d-842a-cdbf93ee827f", "depth": 2, "parent_uuid": "20b09802-e8a2-4efd-8a24-3437fa4496ac", "splittingValue": "1.0", "splittingAttirbute": "height", "children": [{"uuid": "22bdbe3c-f429-43b3-bc65-898d1359de01", "depth": 3, "parent_uuid": "8303f71f-c8e2-426d-842a-cdbf93ee827f", "splittingValue": "(51.0, 84.0]", "splittingAttirbute": "origurl.www.news.observer.com", "children": [{"uuid": "fcccf3a9-978e-48e0-95eb-bf3360c50399", "depth": 4, "parent_uuid": "22bdbe3c-f429-43b3-bc65-898d1359de01", "splittingValue": "0.0", "children": [], "isLeaf": true, "prediction": 1.0}, {"uuid": "877dacd3-f4f7-43ca-84d6-753fa41886b2", "depth": 4, "parent_uuid": "22bdbe3c-f429-43b3-bc65-898d1359de01", "splittingValue": "1.0", "children": [], "isLeaf": true, "prediction": 0.0}], "isLeaf": false}, {"uuid": "8f7447c9-e251-46a1-a0a1-46afd728a2be", "depth": 3, "parent_uuid": "8303f71f-c8e2-426d-842a-cdbf93ee827f", "splittingValue": "(84.0, 640.0]", "children": [], "isLeaf": true, "prediction": 1.0}, {"uuid": "7819bb5b-1e78-42c3-a414-8d3717fb9d3c", "depth": 3, "parent_uuid": "8303f71f-c8e2-426d-842a-cdbf93ee827f", "splittingValue": "(25.0, 51.0]", "children": [], "isLeaf": true, "prediction": 1.0}, {"uuid": "7aaef4aa-03f7-43ec-aead-2535d38bb35d", "depth": 3, "parent_uuid": "8303f71f-c8e2-426d-842a-cdbf93ee827f", "splittingValue": "(0.999, 25.0]", "children": [], "isLeaf": true, "prediction": 0.0}], "isLeaf": false}], "isLeaf": false}