{"uuid": "f1ff47ed-a82d-42f1-9671-68fff7f21eca", "depth": 1, "splittingAttirbute": "ancurl.com", "children": [{"uuid": "c3db41c5-4a29-409b-9633-2974a01c8d9e", "depth": 2, "parent_uuid": "f1ff47ed-a82d-42f1-9671-68fff7f21eca", "splittingValue": "0.0", "splittingAttirbute": "url.ads", "children": [{"uuid": "2181970b-9a04-4334-bf53-114abb96d900", "depth": 3, "parent_uuid": "c3db41c5-4a29-409b-9633-2974a01c8d9e", "splittingValue": "0.0", "splittingAttirbute": "width", "children": [{"uuid": "01634ec4-f3dd-49af-8a0e-7b07d4f865ea", "depth": 4, "parent_uuid": "2181970b-9a04-4334-bf53-114abb96d900", "splittingValue": "(81.0, 110.0]", "splittingAttirbute": "ancurl.click", "children": [{"uuid": "e7383d42-db90-468b-84ce-174362ba3b13", "depth": 5, "parent_uuid": "01634ec4-f3dd-49af-8a0e-7b07d4f865ea", "splittingValue": "0.0", "splittingAttirbute": "ancurl.exe", "children": [{"uuid": "e6fb27ae-0df7-40c4-b057-3cdc29c2367e", "depth": 6, "parent_uuid": "e7383d42-db90-468b-84ce-174362ba3b13", "splittingValue": "0.0", "splittingAttirbute": "origurl.www.thriveonline.com", "children": [{"uuid": "0c48dcdd-ac25-4f6d-a7a9-c042d5150820", "depth": 7, "parent_uuid": "e6fb27ae-0df7-40c4-b057-3cdc29c2367e", "splittingValue": "0.0", "splittingAttirbute": "url.logo.gif", "children": [{"uuid": "0125a9b8-d470-4408-9d98-6a06a3e62237", "depth": 8, "parent_uuid": "0c48dcdd-ac25-4f6d-a7a9-c042d5150820", "splittingValue": "0.0", "splittingAttirbute": "alt.all", "children": [{"uuid": "f7e78bed-3b8d-48e9-a5a5-36341cba2fbd", "depth": 9, "parent_uuid": "0125a9b8-d470-4408-9d98-6a06a3e62237", "splittingValue": "0.0", "children": [], "isLeaf": true, "prediction": 0.0}, {"uuid": "ed9aeb61-7817-465c-be6e-943a92a33c15", "depth": 9, "parent_uuid": "0125a9b8-d470-4408-9d98-6a06a3e62237", "splittingValue": "1.0", "splittingAttirbute": "height", "children": [{"uuid": "a9b01b88-f03e-457f-ac85-74b68e5c7f9b", "depth": 10, "parent_uuid": "ed9aeb61-7817-465c-be6e-943a92a33c15", "splittingValue": "(51.0, 84.0]", "children": [], "isLeaf": true, "prediction": 0.0}, {"uuid": "38700e37-e405-4778-b9fb-fdd0a59a9938", "depth": 10, "parent_uuid": "ed9aeb61-7817-465c-be6e-943a92a33c15", "splittingValue": "(84.0, 640.0]", "children": [], "isLeaf": true, "prediction": 1.0}], "isLeaf": false}], "isLeaf": false}, {"uuid": "ee1901b3-192f-4e29-ab51-ab58e8deed1f", "depth": 8, "parent_uuid": "0c48dcdd-ac25-4f6d-a7a9-c042d5150820", "splittingValue": "1.0", "splittingAttirbute": "url.www.autotown.com", "children": [{"uuid": "2de0c200-aaa3-45b2-8b19-8abfe41c9ace", "depth": 9, "parent_uuid": "ee1901b3-192f-4e29-ab51-ab58e8deed1f", "splittingValue": "1.0", "children": [], "isLeaf": true, "prediction": 0.0}, {"uuid": "6764b625-342c-4c63-a69d-740c997cb383", "depth": 9, "parent_uuid": "ee1901b3-192f-4e29-ab51-ab58e8deed1f", "splittingValue": "0.0", "children": [], "isLeaf": true, "prediction": 1.0}], "isLeaf": false}], "isLeaf": false}, {"uuid": "c602002a-c40f-4908-a162-f993d7fcead0", "depth": 7, "parent_uuid": "e6fb27ae-0df7-40c4-b057-3cdc29c2367e", "splittingValue": "1.0", "children": [], "isLeaf": true, "prediction": 1.0}], "isLeaf": false}, {"uuid": "c6bfbc8c-9804-4dbe-a4b1-2f0125c8b75c", "depth": 6, "parent_uuid": "e7383d42-db90-468b-84ce-174362ba3b13", "splittingValue": "1.0", "splittingAttirbute": "ancurl.bin", "children": [{"uuid": "1ce0a3f0-a77c-45f4-b192-d84c8329a135", "depth": 7, "parent_uuid": "c6bfbc8c-9804-4dbe-a4b1-2f0125c8b75c", "splittingValue": "1.0", "children": [], "isLeaf": true, "prediction": 1.0}, {"uuid": "3a3ad8ec-cf41-4a9c-9706-4b31f0d4860a", "depth": 7, "parent_uuid": "c6bfbc8c-9804-4dbe-a4b1-2f0125c8b75c", "splittingValue": "0.0", "children": [], "isLeaf": true, "prediction": 0.0}], "isLeaf": false}], "isLeaf": false}, {"uuid": "d1e29f61-fded-4d50-8d5d-cd4c8093bed5", "depth": 5, "parent_uuid": "01634ec4-f3dd-49af-8a0e-7b07d4f865ea", "splittingValue": "1.0", "children": [], "isLeaf": true, "prediction": 1.0}], "isLeaf": false}, {"uuid": "17e61efd-4c38-4587-bd1c-c2df092ed093", "depth": 4, "parent_uuid": "2181970b-9a04-4334-bf53-114abb96d900", "splittingValue": "(184.0, 640.0]", "splittingAttirbute": "aratio", "children": [{"uuid": "1915af40-cb48-4ade-b97e-9cfcad9503e4", "depth": 5, "parent_uuid": "17e61efd-4c38-4587-bd1c-c2df092ed093", "splittingValue": "(5.333, 60.0]", "splittingAttirbute": "height", "children": [{"uuid": "9cd7a5bd-2415-434c-90d1-ecd0b449775a", "depth": 6, "parent_uuid": "1915af40-cb48-4ade-b97e-9cfcad9503e4", "splittingValue": "(25.0, 51.0]", "splittingAttirbute": "ancurl.index.html", "children": [{"uuid": "43e8f538-0cd9-4903-988d-91563264a1b3", "depth": 7, "parent_uuid": "9cd7a5bd-2415-434c-90d1-ecd0b449775a", "splittingValue": "0.0", "splittingAttirbute": "alt.here", "children": [{"uuid": "07039d29-4511-4dc7-b03b-c1efb9e9716b", "depth": 8, "parent_uuid": "43e8f538-0cd9-4903-988d-91563264a1b3", "splittingValue": "0.0", "splittingAttirbute": "url.images.home", "children": [{"uuid": "e89bc47c-6de4-40d7-8e0f-68030a26bf4d", "depth": 9, "parent_uuid": "07039d29-4511-4dc7-b03b-c1efb9e9716b", "splittingValue": "0.0", "splittingAttirbute": "url.ng.spacedesc", "children": [{"uuid": "1e93e5b5-6d7b-4741-98da-f5a0fbbcb02f", "depth": 10, "parent_uuid": "e89bc47c-6de4-40d7-8e0f-68030a26bf4d", "splittingValue": "0.0", "splittingAttirbute": "url.banners", "children": [{"uuid": "3571a073-95e7-4be5-94ff-8275bb364f74", "depth": 11, "parent_uuid": "1e93e5b5-6d7b-4741-98da-f5a0fbbcb02f", "splittingValue": "0.0", "splittingAttirbute": "url.thejeep.com", "children": [{"uuid": "65672d18-217e-4dde-8b6d-6ff678b336c3", "depth": 12, "parent_uuid": "3571a073-95e7-4be5-94ff-8275bb364f74", "splittingValue": "0.0", "splittingAttirbute": "url.ad", "children": [{"uuid": "f0860bbc-f684-4db9-8f2d-90e9019c8d4b", "depth": 13, "parent_uuid": "65672d18-217e-4dde-8b6d-6ff678b336c3", "splittingValue": "0.0", "splittingAttirbute": "origurl.chapel", "children": [{"uuid": "454aa13e-a3ef-42a8-92a2-8060a75db540", "depth": 14, "parent_uuid": "f0860bbc-f684-4db9-8f2d-90e9019c8d4b", "splittingValue": "0.0", "splittingAttirbute": "origurl.zdnet.com", "children": [{"uuid": "b07f1b00-aea1-4760-a4cc-f0d92adfa479", "depth": 15, "parent_uuid": "454aa13e-a3ef-42a8-92a2-8060a75db540", "splittingValue": "0.0", "splittingAttirbute": "ancurl.page", "children": [{"uuid": "8423e85c-6d2c-407d-b7e6-22aa1df4b020", "depth": 16, "parent_uuid": "b07f1b00-aea1-4760-a4cc-f0d92adfa479", "splittingValue": "0.0", "children": [], "isLeaf": true, "prediction": 0.0}, {"uuid": "751c6214-1443-4f22-a4c7-e253ed0a06ff", "depth": 16, "parent_uuid": "b07f1b00-aea1-4760-a4cc-f0d92adfa479", "splittingValue": "1.0", "children": [], "isLeaf": true, "prediction": 1.0}], "isLeaf": false}, {"uuid": "6d5040fa-aecc-40de-b9e1-7732df8d4608", "depth": 15, "parent_uuid": "454aa13e-a3ef-42a8-92a2-8060a75db540", "splittingValue": "1.0", "children": [], "isLeaf": true, "prediction": 1.0}], "isLeaf": false}, {"uuid": "0341452c-794e-4681-b86e-2062b2cb383b", "depth": 14, "parent_uuid": "f0860bbc-f684-4db9-8f2d-90e9019c8d4b", "splittingValue": "1.0", "children": [], "isLeaf": true, "prediction": 1.0}], "isLeaf": false}, {"uuid": "1d5c48bd-ca66-49fd-83c2-0dd831e9bd56", "depth": 13, "parent_uuid": "65672d18-217e-4dde-8b6d-6ff678b336c3", "splittingValue": "1.0", "children": [], "isLeaf": true, "prediction": 1.0}], "isLeaf": false}, {"uuid": "1e3bdc5a-acb9-4d47-8c1a-73cafbc5868b", "depth": 12, "parent_uuid": "3571a073-95e7-4be5-94ff-8275bb364f74", "splittingValue": "1.0", "children": [], "isLeaf": true, "prediction": 1.0}], "isLeaf": false}, {"uuid": "4feb6eb6-ee9d-47cc-abc7-a69a049c8886", "depth": 11, "parent_uuid": "1e93e5b5-6d7b-4741-98da-f5a0fbbcb02f", "splittingValue": "1.0", "children": [], "isLeaf": true, "prediction": 1.0}], "isLeaf": false}, {"uuid": "4cdc1071-0155-4541-9027-8bc7947067cd", "depth": 10, "parent_uuid": "e89bc47c-6de4-40d7-8e0f-68030a26bf4d", "splittingValue": "1.0", "children": [], "isLeaf": true, "prediction": 1.0}], "isLeaf": false}, {"uuid": "beda0db5-f3ad-4f65-9ad2-2ca843ed063a", "depth": 9, "parent_uuid": "07039d29-4511-4dc7-b03b-c1efb9e9716b", "splittingValue": "1.0", "children": [], "isLeaf": true, "prediction": 1.0}], "isLeaf": false}, {"uuid": "c2ae0e68-90eb-431b-9688-39729aead8ec", "depth": 8, "parent_uuid": "43e8f538-0cd9-4903-988d-91563264a1b3", "splittingValue": "1.0", "children": [], "isLeaf": true, "prediction": 1.0}], "isLeaf": false}, {"uuid": "aa0928a2-3a7d-47a2-9949-37e657046cee", "depth": 7, "parent_uuid": "9cd7a5bd-2415-434c-90d1-ecd0b449775a", "splittingValue": "1.0", "children": [], "isLeaf": true, "prediction": 1.0}], "isLeaf": false}, {"uuid": "b3accfac-6610-4727-93de-444ae1cd68fb", "depth": 6, "parent_uuid": "1915af40-cb48-4ade-b97e-9cfcad9503e4", "splittingValue": "(0.999, 25.0]", "splittingAttirbute": "ancurl.download", "children": [{"uuid": "8bb83c8f-90e3-4500-80f7-24ec4b9d943d", "depth": 7, "parent_uuid": "b3accfac-6610-4727-93de-444ae1cd68fb", "splittingValue": "0.0", "children": [], "isLeaf": true, "prediction": 0.0}, {"uuid": "b904d8f8-fedf-4a03-9bd3-90e1ea0218d9", "depth": 7, "parent_uuid": "b3accfac-6610-4727-93de-444ae1cd68fb", "splittingValue": "1.0", "children": [], "isLeaf": true, "prediction": 1.0}], "isLeaf": false}, {"uuid": "98600e0c-13a8-43f5-bbab-bac0624fa0d7", "depth": 6, "parent_uuid": "1915af40-cb48-4ade-b97e-9cfcad9503e4", "splittingValue": "(51.0, 84.0]", "splittingAttirbute": "url.gifs", "children": [{"uuid": "4fa7be11-f1bd-4060-84cf-ad57735d83b2", "depth": 7, "parent_uuid": "98600e0c-13a8-43f5-bbab-bac0624fa0d7", "splittingValue": "0.0", "splittingAttirbute": "url.zueri.ch", "children": [{"uuid": "bfe92243-1336-4a69-a184-ca9c36f71e46", "depth": 8, "parent_uuid": "4fa7be11-f1bd-4060-84cf-ad57735d83b2", "splittingValue": "0.0", "splittingAttirbute": "origurl.www.innotts.co.uk", "children": [{"uuid": "a36390f7-3134-43f6-8f68-789796aedc7b", "depth": 9, "parent_uuid": "bfe92243-1336-4a69-a184-ca9c36f71e46", "splittingValue": "0.0", "splittingAttirbute": "local", "children": [{"uuid": "c02f84bb-2967-4e52-8581-0aeda5ce3b8e", "depth": 10, "parent_uuid": "a36390f7-3134-43f6-8f68-789796aedc7b", "splittingValue": "1.0", "children": [], "isLeaf": true, "prediction": 1.0}, {"uuid": "94fcebc9-7090-4a20-af4a-b8edeca4b2d9", "depth": 10, "parent_uuid": "a36390f7-3134-43f6-8f68-789796aedc7b", "splittingValue": "0.0", "splittingAttirbute": "url.lycos.de", "children": [{"uuid": "7dc9f4e1-fb30-41f0-b66e-875a56378bed", "depth": 11, "parent_uuid": "94fcebc9-7090-4a20-af4a-b8edeca4b2d9", "splittingValue": "0.0", "splittingAttirbute": "url.ng.spacedesc", "children": [{"uuid": "de94efe9-bb55-4d52-9c1c-65603b6bdf94", "depth": 12, "parent_uuid": "7dc9f4e1-fb30-41f0-b66e-875a56378bed", "splittingValue": "0.0", "children": [], "isLeaf": true, "prediction": 0.0}, {"uuid": "16defdc0-ad6a-486f-8634-fc952780413e", "depth": 12, "parent_uuid": "7dc9f4e1-fb30-41f0-b66e-875a56378bed", "splittingValue": "1.0", "children": [], "isLeaf": true, "prediction": 1.0}], "isLeaf": false}, {"uuid": "140ddaa3-577e-40a2-875b-a73050a6a5a3", "depth": 11, "parent_uuid": "94fcebc9-7090-4a20-af4a-b8edeca4b2d9", "splittingValue": "1.0", "children": [], "isLeaf": true, "prediction": 1.0}], "isLeaf": false}], "isLeaf": false}, {"uuid": "e450dd64-47ce-4ae2-a3df-392b7af8ad2e", "depth": 9, "parent_uuid": "bfe92243-1336-4a69-a184-ca9c36f71e46", "splittingValue": "1.0", "children": [], "isLeaf": true, "prediction": 0.0}], "isLeaf": false}, {"uuid": "854ba6b2-3dee-4002-b40a-99c1b8b02a99", "depth": 8, "parent_uuid": "4fa7be11-f1bd-4060-84cf-ad57735d83b2", "splittingValue": "1.0", "children": [], "isLeaf": true, "prediction": 0.0}], "isLeaf": false}, {"uuid": "722231c1-bf5b-4f9c-8987-3e30bfb0cf99", "depth": 7, "parent_uuid": "98600e0c-13a8-43f5-bbab-bac0624fa0d7", "splittingValue": "1.0", "children": [], "isLeaf": true, "prediction": 0.0}], "isLeaf": false}, {"uuid": "4a21e2df-e2e2-414e-bdf8-0faf9c88a045", "depth": 6, "parent_uuid": "1915af40-cb48-4ade-b97e-9cfcad9503e4", "splittingValue": "(84.0, 640.0]", "children": [], "isLeaf": true, "prediction": 1.0}], "isLeaf": false}, {"uuid": "6b10e48b-4608-44a6-8ab3-af466d6e9d52", "depth": 5, "parent_uuid": "17e61efd-4c38-4587-bd1c-c2df092ed093", "splittingValue": "(1.036, 2.102]", "children": [], "isLeaf": true, "prediction": 0.0}, {"uuid": "c70594bb-4381-4cf0-a37c-a33217cef610", "depth": 5, "parent_uuid": "17e61efd-4c38-4587-bd1c-c2df092ed093", "splittingValue": "(2.102, 5.333]", "splittingAttirbute": "url.home", "children": [{"uuid": "25d3616f-463f-4eed-baf4-699caa572d8d", "depth": 6, "parent_uuid": "c70594bb-4381-4cf0-a37c-a33217cef610", "splittingValue": "0.0", "splittingAttirbute": "url.banner", "children": [{"uuid": "f0049843-b9d3-41ba-8335-130cfcf9a7de", "depth": 7, "parent_uuid": "25d3616f-463f-4eed-baf4-699caa572d8d", "splittingValue": "0.0", "splittingAttirbute": "ancurl.default", "children": [{"uuid": "ecb0b365-146e-4b60-92ef-c10e280e3ec3", "depth": 8, "parent_uuid": "f0049843-b9d3-41ba-8335-130cfcf9a7de", "splittingValue": "0.0", "splittingAttirbute": "origurl.index.html", "children": [{"uuid": "f3b52f13-b2aa-4568-9c1c-ca174ffd38e3", "depth": 9, "parent_uuid": "ecb0b365-146e-4b60-92ef-c10e280e3ec3", "splittingValue": "0.0", "children": [], "isLeaf": true, "prediction": 0.0}, {"uuid": "93643332-f52d-41a9-bb9b-60bf0f816410", "depth": 9, "parent_uuid": "ecb0b365-146e-4b60-92ef-c10e280e3ec3", "splittingValue": "1.0", "splittingAttirbute": "height", "children": [{"uuid": "e5d70625-1d80-49fd-afbc-1477824dc6f8", "depth": 10, "parent_uuid": "93643332-f52d-41a9-bb9b-60bf0f816410", "splittingValue": "(25.0, 51.0]", "children": [], "isLeaf": true, "prediction": 0.0}, {"uuid": "9969fa8f-75b2-4d59-a8f5-bb861bf5410f", "depth": 10, "parent_uuid": "93643332-f52d-41a9-bb9b-60bf0f816410", "splittingValue": "(84.0, 640.0]", "children": [], "isLeaf": true, "prediction": 1.0}], "isLeaf": false}], "isLeaf": false}, {"uuid": "22d7c3f8-b0c2-4969-9f4e-9b1cdb2b68bd", "depth": 8, "parent_uuid": "f0049843-b9d3-41ba-8335-130cfcf9a7de", "splittingValue": "1.0", "children": [], "isLeaf": true, "prediction": 1.0}], "isLeaf": false}, {"uuid": "b34e0895-a76f-4c8f-ab51-f54901c08941", "depth": 7, "parent_uuid": "25d3616f-463f-4eed-baf4-699caa572d8d", "splittingValue": "1.0", "children": [], "isLeaf": true, "prediction": 1.0}], "isLeaf": false}, {"uuid": "b4012b8e-93a7-4f68-9f21-fb3ad31ba2d1", "depth": 6, "parent_uuid": "c70594bb-4381-4cf0-a37c-a33217cef610", "splittingValue": "1.0", "children": [], "isLeaf": true, "prediction": 1.0}], "isLeaf": false}, {"uuid": "6919370a-7ee0-45fa-adde-1f189d34767c", "depth": 5, "parent_uuid": "17e61efd-4c38-4587-bd1c-c2df092ed093", "splittingValue": "(0.0005, 1.036]", "children": [], "isLeaf": true, "prediction": 0.0}], "isLeaf": false}, {"uuid": "3ee49b9f-a45c-43d8-9fda-c95d86a632a1", "depth": 4, "parent_uuid": "2181970b-9a04-4334-bf53-114abb96d900", "splittingValue": "(0.999, 81.0]", "splittingAttirbute": "url.times", "children": [{"uuid": "82e15541-5f21-4ab8-9668-d34e61e64b46", "depth": 5, "parent_uuid": "3ee49b9f-a45c-43d8-9fda-c95d86a632a1", "splittingValue": "0.0", "splittingAttirbute": "url.it", "children": [{"uuid": "51ec2106-66fd-4981-9192-97214662d11a", "depth": 6, "parent_uuid": "82e15541-5f21-4ab8-9668-d34e61e64b46", "splittingValue": "0.0", "splittingAttirbute": "ancurl.redirect", "children": [{"uuid": "31fbbbfc-03be-4575-8c79-b24fe081af09", "depth": 7, "parent_uuid": "51ec2106-66fd-4981-9192-97214662d11a", "splittingValue": "0.0", "splittingAttirbute": "ancurl.download", "children": [{"uuid": "b210e094-a4a1-41c4-a3ac-8f56351bdd5c", "depth": 8, "parent_uuid": "31fbbbfc-03be-4575-8c79-b24fe081af09", "splittingValue": "0.0", "splittingAttirbute": "alt.of", "children": [{"uuid": "b256229e-6050-4cbf-a9a8-41d5016bd40a", "depth": 9, "parent_uuid": "b210e094-a4a1-41c4-a3ac-8f56351bdd5c", "splittingValue": "0.0", "children": [], "isLeaf": true, "prediction": 0.0}, {"uuid": "a9706fab-22ac-4af1-987a-c6feeec4454e", "depth": 9, "parent_uuid": "b210e094-a4a1-41c4-a3ac-8f56351bdd5c", "splittingValue": "1.0", "splittingAttirbute": "height", "children": [{"uuid": "82c2b324-9896-4a6c-8a2c-046966d73f75", "depth": 10, "parent_uuid": "a9706fab-22ac-4af1-987a-c6feeec4454e", "splittingValue": "(0.999, 25.0]", "children": [], "isLeaf": true, "prediction": 0.0}, {"uuid": "b3ec4d94-e0c7-4c5c-9207-847e4faec6b4", "depth": 10, "parent_uuid": "a9706fab-22ac-4af1-987a-c6feeec4454e", "splittingValue": "(51.0, 84.0]", "splittingAttirbute": "aratio", "children": [{"uuid": "8a370090-4605-4276-807a-1865ab3a931b", "depth": 11, "parent_uuid": "b3ec4d94-e0c7-4c5c-9207-847e4faec6b4", "splittingValue": "(0.0005, 1.036]", "children": [], "isLeaf": true, "prediction": 1.0}, {"uuid": "df9375c9-e3b8-4060-87dc-511b48156d95", "depth": 11, "parent_uuid": "b3ec4d94-e0c7-4c5c-9207-847e4faec6b4", "splittingValue": "(1.036, 2.102]", "children": [], "isLeaf": true, "prediction": 0.0}], "isLeaf": false}, {"uuid": "4d58ac65-7d31-4a5a-b404-77a2cad283e7", "depth": 10, "parent_uuid": "a9706fab-22ac-4af1-987a-c6feeec4454e", "splittingValue": "(25.0, 51.0]", "children": [], "isLeaf": true, "prediction": 0.0}], "isLeaf": false}], "isLeaf": false}, {"uuid": "f3c36e1f-38a9-4fea-a2fa-172d9ab6551d", "depth": 8, "parent_uuid": "31fbbbfc-03be-4575-8c79-b24fe081af09", "splittingValue": "1.0", "splittingAttirbute": "aratio", "children": [{"uuid": "f91449ff-a6c9-4a6e-bc1b-775acb9d6e50", "depth": 9, "parent_uuid": "f3c36e1f-38a9-4fea-a2fa-172d9ab6551d", "splittingValue": "(2.102, 5.333]", "children": [], "isLeaf": true, "prediction": 1.0}, {"uuid": "1a263d3c-b4f1-4b06-9a69-8d7678833524", "depth": 9, "parent_uuid": "f3c36e1f-38a9-4fea-a2fa-172d9ab6551d", "splittingValue": "(0.0005, 1.036]", "children": [], "isLeaf": true, "prediction": 0.0}, {"uuid": "8afc3733-c392-4ad8-a98e-b9e12af995f3", "depth": 9, "parent_uuid": "f3c36e1f-38a9-4fea-a2fa-172d9ab6551d", "splittingValue": "(1.036, 2.102]", "children": [], "isLeaf": true, "prediction": 0.0}], "isLeaf": false}], "isLeaf": false}, {"uuid": "65e348c7-fd48-43cb-9799-e3b2d8d36153", "depth": 7, "parent_uuid": "51ec2106-66fd-4981-9192-97214662d11a", "splittingValue": "1.0", "children": [], "isLeaf": true, "prediction": 1.0}], "isLeaf": false}, {"uuid": "cf646cc6-242b-49a1-9d9c-0094132e9b3e", "depth": 6, "parent_uuid": "82e15541-5f21-4ab8-9668-d34e61e64b46", "splittingValue": "1.0", "children": [], "isLeaf": true, "prediction": 1.0}], "isLeaf": false}, {"uuid": "166ab41c-8d00-4b76-803a-d10037bcc813", "depth": 5, "parent_uuid": "3ee49b9f-a45c-43d8-9fda-c95d86a632a1", "splittingValue": "1.0", "children": [], "isLeaf": true, "prediction": 1.0}], "isLeaf": false}, {"uuid": "dd1fdefc-4d84-4683-a0e3-8c3c6fb4b798", "depth": 4, "parent_uuid": "2181970b-9a04-4334-bf53-114abb96d900", "splittingValue": "(110.0, 184.0]", "splittingAttirbute": "url.marketing", "children": [{"uuid": "7d03e5ae-9589-418f-bc9e-566695288a02", "depth": 5, "parent_uuid": "dd1fdefc-4d84-4683-a0e3-8c3c6fb4b798", "splittingValue": "0.0", "splittingAttirbute": "alt.free", "children": [{"uuid": "3db1b027-f820-45ee-8cb7-09be4b105705", "depth": 6, "parent_uuid": "7d03e5ae-9589-418f-bc9e-566695288a02", "splittingValue": "0.0", "splittingAttirbute": "url.time.1998", "children": [{"uuid": "c7ccf6b1-f5ce-49a0-b6a8-0e01db75e290", "depth": 7, "parent_uuid": "3db1b027-f820-45ee-8cb7-09be4b105705", "splittingValue": "0.0", "splittingAttirbute": "url.home.netscape.com", "children": [{"uuid": "801913a3-ac8b-4e83-b8ce-7abf582ea8da", "depth": 8, "parent_uuid": "c7ccf6b1-f5ce-49a0-b6a8-0e01db75e290", "splittingValue": "0.0", "splittingAttirbute": "url.doubleclick.net", "children": [{"uuid": "2d8b6e2a-4603-4257-9968-6416990f85a9", "depth": 9, "parent_uuid": "801913a3-ac8b-4e83-b8ce-7abf582ea8da", "splittingValue": "0.0", "splittingAttirbute": "url.thejeep.com", "children": [{"uuid": "14463523-ec86-43dc-a026-303330a233a9", "depth": 10, "parent_uuid": "2d8b6e2a-4603-4257-9968-6416990f85a9", "splittingValue": "0.0", "splittingAttirbute": "url.bin", "children": [{"uuid": "417b0516-0393-4f02-a200-8d576d48b23e", "depth": 11, "parent_uuid": "14463523-ec86-43dc-a026-303330a233a9", "splittingValue": "0.0", "children": [], "isLeaf": true, "prediction": 0.0}, {"uuid": "ca676f05-f26c-4215-931b-16b1269fd88a", "depth": 11, "parent_uuid": "14463523-ec86-43dc-a026-303330a233a9", "splittingValue": "1.0", "children": [], "isLeaf": true, "prediction": 1.0}], "isLeaf": false}, {"uuid": "54e04992-f4f1-45c4-b6ac-6807457eec72", "depth": 10, "parent_uuid": "2d8b6e2a-4603-4257-9968-6416990f85a9", "splittingValue": "1.0", "children": [], "isLeaf": true, "prediction": 1.0}], "isLeaf": false}, {"uuid": "690e5efd-9b02-44d9-939d-9205bc3e59fd", "depth": 9, "parent_uuid": "801913a3-ac8b-4e83-b8ce-7abf582ea8da", "splittingValue": "1.0", "children": [], "isLeaf": true, "prediction": 1.0}], "isLeaf": false}, {"uuid": "ce244560-f265-4325-9326-4cda75ccbaaa", "depth": 8, "parent_uuid": "c7ccf6b1-f5ce-49a0-b6a8-0e01db75e290", "splittingValue": "1.0", "children": [], "isLeaf": true, "prediction": 1.0}], "isLeaf": false}, {"uuid": "2c8f83d1-252d-468e-8df6-721f92d288ff", "depth": 7, "parent_uuid": "3db1b027-f820-45ee-8cb7-09be4b105705", "splittingValue": "1.0", "children": [], "isLeaf": true, "prediction": 1.0}], "isLeaf": false}, {"uuid": "6c739ffe-472f-4b08-9d3d-55bb5a6e58ce", "depth": 6, "parent_uuid": "7d03e5ae-9589-418f-bc9e-566695288a02", "splittingValue": "1.0", "children": [], "isLeaf": true, "prediction": 1.0}], "isLeaf": false}, {"uuid": "bc108997-cb0b-4235-8834-12fe4d83f73d", "depth": 5, "parent_uuid": "dd1fdefc-4d84-4683-a0e3-8c3c6fb4b798", "splittingValue": "1.0", "splittingAttirbute": "height", "children": [{"uuid": "ff6671a0-1264-447c-84e0-4edce0bb37ad", "depth": 6, "parent_uuid": "bc108997-cb0b-4235-8834-12fe4d83f73d", "splittingValue": "(25.0, 51.0]", "children": [], "isLeaf": true, "prediction": 1.0}, {"uuid": "66c963a4-46bd-4f28-b825-569a5b980ee6", "depth": 6, "parent_uuid": "bc108997-cb0b-4235-8834-12fe4d83f73d", "splittingValue": "(0.999, 25.0]", "children": [], "isLeaf": true, "prediction": 0.0}], "isLeaf": false}], "isLeaf": false}], "isLeaf": false}, {"uuid": "9befedb8-ecc1-44b9-ac2d-79b4ac4dd4d1", "depth": 3, "parent_uuid": "c3db41c5-4a29-409b-9633-2974a01c8d9e", "splittingValue": "1.0", "splittingAttirbute": "width", "children": [{"uuid": "7bb619e3-5da0-462e-8471-58373e3f3fce", "depth": 4, "parent_uuid": "9befedb8-ecc1-44b9-ac2d-79b4ac4dd4d1", "splittingValue": "(184.0, 640.0]", "children": [], "isLeaf": true, "prediction": 1.0}, {"uuid": "5249fd03-ec22-4c49-a09a-cc9d0cd5c230", "depth": 4, "parent_uuid": "9befedb8-ecc1-44b9-ac2d-79b4ac4dd4d1", "splittingValue": "(110.0, 184.0]", "children": [], "isLeaf": true, "prediction": 1.0}, {"uuid": "f77e633f-4fcd-4db2-b456-ea4a3c516ca9", "depth": 4, "parent_uuid": "9befedb8-ecc1-44b9-ac2d-79b4ac4dd4d1", "splittingValue": "(81.0, 110.0]", "splittingAttirbute": "local", "children": [{"uuid": "9b11e7dc-ad6d-4367-9bd5-45de89b81437", "depth": 5, "parent_uuid": "f77e633f-4fcd-4db2-b456-ea4a3c516ca9", "splittingValue": "1.0", "children": [], "isLeaf": true, "prediction": 1.0}, {"uuid": "a9b2f45e-648e-429a-9d3a-d447579e09a6", "depth": 5, "parent_uuid": "f77e633f-4fcd-4db2-b456-ea4a3c516ca9", "splittingValue": "0.0", "children": [], "isLeaf": true, "prediction": 0.0}], "isLeaf": false}, {"uuid": "b1d71e04-a35c-4f3a-8abb-b84f2310c35b", "depth": 4, "parent_uuid": "9befedb8-ecc1-44b9-ac2d-79b4ac4dd4d1", "splittingValue": "(0.999, 81.0]", "children": [], "isLeaf": true, "prediction": 0.0}], "isLeaf": false}], "isLeaf": false}, {"uuid": "87a28554-fec2-4e93-a43a-0abbb517aeeb", "depth": 2, "parent_uuid": "f1ff47ed-a82d-42f1-9671-68fff7f21eca", "splittingValue": "1.0", "splittingAttirbute": "height", "children": [{"uuid": "1551ef50-592b-4a9c-9c61-38b04c7646fa", "depth": 3, "parent_uuid": "87a28554-fec2-4e93-a43a-0abbb517aeeb", "splittingValue": "(51.0, 84.0]", "splittingAttirbute": "origurl.www.news.observer.com", "children": [{"uuid": "a712bda2-a6af-42f4-aa2e-33df9a08bf80", "depth": 4, "parent_uuid": "1551ef50-592b-4a9c-9c61-38b04c7646fa", "splittingValue": "0.0", "children": [], "isLeaf": true, "prediction": 1.0}, {"uuid": "bd986233-e0c2-4544-9ee5-1284010dfc34", "depth": 4, "parent_uuid": "1551ef50-592b-4a9c-9c61-38b04c7646fa", "splittingValue": "1.0", "children": [], "isLeaf": true, "prediction": 0.0}], "isLeaf": false}, {"uuid": "48eba080-43c7-49a7-99f5-d11badfa309e", "depth": 3, "parent_uuid": "87a28554-fec2-4e93-a43a-0abbb517aeeb", "splittingValue": "(84.0, 640.0]", "children": [], "isLeaf": true, "prediction": 1.0}, {"uuid": "b5ff63bd-2a7b-41a2-8f53-2afb57cab231", "depth": 3, "parent_uuid": "87a28554-fec2-4e93-a43a-0abbb517aeeb", "splittingValue": "(25.0, 51.0]", "children": [], "isLeaf": true, "prediction": 1.0}, {"uuid": "28b7bf1e-9586-4ef7-8e4f-2ce82c6e23ff", "depth": 3, "parent_uuid": "87a28554-fec2-4e93-a43a-0abbb517aeeb", "splittingValue": "(0.999, 25.0]", "children": [], "isLeaf": true, "prediction": 0.0}], "isLeaf": false}], "isLeaf": false}