{"uuid": "06e4041a-140b-46d1-a2f3-067ace507653", "depth": 1, "splittingAttirbute": "ancurl.com", "children": [{"uuid": "043aa4e0-6ca0-44d1-9848-57c1332ed4d1", "depth": 2, "parent_uuid": "06e4041a-140b-46d1-a2f3-067ace507653", "splittingValue": "0.0", "splittingAttirbute": "url.ads", "children": [{"uuid": "31aae2ae-61a6-47c5-8803-f60379b5fe0f", "depth": 3, "parent_uuid": "043aa4e0-6ca0-44d1-9848-57c1332ed4d1", "splittingValue": "0.0", "splittingAttirbute": "width", "children": [{"uuid": "2ef8473a-4e2a-4439-a533-d8c9fad7fc7e", "depth": 4, "parent_uuid": "31aae2ae-61a6-47c5-8803-f60379b5fe0f", "splittingValue": "(81.0, 110.0]", "splittingAttirbute": "ancurl.click", "children": [{"uuid": "dbb683f6-6a53-4227-9bae-84d178af67fc", "depth": 5, "parent_uuid": "2ef8473a-4e2a-4439-a533-d8c9fad7fc7e", "splittingValue": "0.0", "splittingAttirbute": "ancurl.exe", "children": [{"uuid": "7f02127f-1991-4f08-bc61-9e2171697dc5", "depth": 6, "parent_uuid": "dbb683f6-6a53-4227-9bae-84d178af67fc", "splittingValue": "0.0", "splittingAttirbute": "origurl.www.thriveonline.com", "children": [{"uuid": "3ca8249d-bf90-4b75-96fd-6bd3debaa39c", "depth": 7, "parent_uuid": "7f02127f-1991-4f08-bc61-9e2171697dc5", "splittingValue": "0.0", "splittingAttirbute": "url.logo.gif", "children": [{"uuid": "d3a8f430-d356-461b-a9ab-0e60be7e43a8", "depth": 8, "parent_uuid": "3ca8249d-bf90-4b75-96fd-6bd3debaa39c", "splittingValue": "0.0", "children": [], "isLeaf": true, "prediction": 0.0}, {"uuid": "90d32ac8-3f6d-4d80-ad91-387c98a87a03", "depth": 8, "parent_uuid": "3ca8249d-bf90-4b75-96fd-6bd3debaa39c", "splittingValue": "1.0", "children": [], "isLeaf": true, "prediction": 1.0}], "isLeaf": false}, {"uuid": "02bccf59-6095-4003-9efb-17a0964e1e4b", "depth": 7, "parent_uuid": "7f02127f-1991-4f08-bc61-9e2171697dc5", "splittingValue": "1.0", "children": [], "isLeaf": true, "prediction": 1.0}], "isLeaf": false}, {"uuid": "eef32ec2-c35f-44c6-95f7-eafc488d18e8", "depth": 6, "parent_uuid": "dbb683f6-6a53-4227-9bae-84d178af67fc", "splittingValue": "1.0", "splittingAttirbute": "ancurl.bin", "children": [{"uuid": "3e5e585c-8bc1-4a8a-9583-3539154f74a0", "depth": 7, "parent_uuid": "eef32ec2-c35f-44c6-95f7-eafc488d18e8", "splittingValue": "1.0", "children": [], "isLeaf": true, "prediction": 1.0}, {"uuid": "642de6b7-c67e-484c-af0c-b3ba442551fd", "depth": 7, "parent_uuid": "eef32ec2-c35f-44c6-95f7-eafc488d18e8", "splittingValue": "0.0", "children": [], "isLeaf": true, "prediction": 0.0}], "isLeaf": false}], "isLeaf": false}, {"uuid": "3840187d-1dbd-4668-b4f4-e78f9a46305b", "depth": 5, "parent_uuid": "2ef8473a-4e2a-4439-a533-d8c9fad7fc7e", "splittingValue": "1.0", "children": [], "isLeaf": true, "prediction": 1.0}], "isLeaf": false}, {"uuid": "e5c6e59f-cc01-4284-b47d-5f9cc27c423f", "depth": 4, "parent_uuid": "31aae2ae-61a6-47c5-8803-f60379b5fe0f", "splittingValue": "(184.0, 640.0]", "splittingAttirbute": "aratio", "children": [{"uuid": "69f174d2-1a33-44da-b24c-7c4fdddd6445", "depth": 5, "parent_uuid": "e5c6e59f-cc01-4284-b47d-5f9cc27c423f", "splittingValue": "(5.333, 60.0]", "splittingAttirbute": "height", "children": [{"uuid": "a11fc772-8aaf-4c9f-8ecb-83cdcc0db6db", "depth": 6, "parent_uuid": "69f174d2-1a33-44da-b24c-7c4fdddd6445", "splittingValue": "(25.0, 51.0]", "splittingAttirbute": "ancurl.index.html", "children": [{"uuid": "dc16e39f-2e9c-43cb-831e-2d03982ce4bb", "depth": 7, "parent_uuid": "a11fc772-8aaf-4c9f-8ecb-83cdcc0db6db", "splittingValue": "0.0", "splittingAttirbute": "alt.here", "children": [{"uuid": "5b78b78e-4bae-4f51-b432-6a89b280a2df", "depth": 8, "parent_uuid": "dc16e39f-2e9c-43cb-831e-2d03982ce4bb", "splittingValue": "0.0", "children": [], "isLeaf": true, "prediction": 0.0}, {"uuid": "e2b3209d-994f-4ec0-a516-6dbf59cb6bb4", "depth": 8, "parent_uuid": "dc16e39f-2e9c-43cb-831e-2d03982ce4bb", "splittingValue": "1.0", "children": [], "isLeaf": true, "prediction": 1.0}], "isLeaf": false}, {"uuid": "ab9a80b9-816d-450a-88b5-1e1e3ff928ed", "depth": 7, "parent_uuid": "a11fc772-8aaf-4c9f-8ecb-83cdcc0db6db", "splittingValue": "1.0", "children": [], "isLeaf": true, "prediction": 1.0}], "isLeaf": false}, {"uuid": "74a687cc-f9cf-421e-839b-311a70be848f", "depth": 6, "parent_uuid": "69f174d2-1a33-44da-b24c-7c4fdddd6445", "splittingValue": "(0.999, 25.0]", "splittingAttirbute": "ancurl.download", "children": [{"uuid": "4282bda0-5385-4ade-a7e5-f2117b0bd263", "depth": 7, "parent_uuid": "74a687cc-f9cf-421e-839b-311a70be848f", "splittingValue": "0.0", "children": [], "isLeaf": true, "prediction": 0.0}, {"uuid": "c255e4dc-7497-4cbf-bb59-0dc350c989c7", "depth": 7, "parent_uuid": "74a687cc-f9cf-421e-839b-311a70be848f", "splittingValue": "1.0", "children": [], "isLeaf": true, "prediction": 1.0}], "isLeaf": false}, {"uuid": "53491f1c-9883-46eb-b07f-af40b793ea22", "depth": 6, "parent_uuid": "69f174d2-1a33-44da-b24c-7c4fdddd6445", "splittingValue": "(51.0, 84.0]", "splittingAttirbute": "url.gifs", "children": [{"uuid": "02daf671-ded9-4c39-9d8f-a7008e5a5bc9", "depth": 7, "parent_uuid": "53491f1c-9883-46eb-b07f-af40b793ea22", "splittingValue": "0.0", "splittingAttirbute": "url.zueri.ch", "children": [{"uuid": "d3ee8fdd-00b6-457f-85b6-24bbfe0e3c31", "depth": 8, "parent_uuid": "02daf671-ded9-4c39-9d8f-a7008e5a5bc9", "splittingValue": "0.0", "children": [], "isLeaf": true, "prediction": 1.0}, {"uuid": "454eceb6-174a-4d0a-9456-8a454dd67f0f", "depth": 8, "parent_uuid": "02daf671-ded9-4c39-9d8f-a7008e5a5bc9", "splittingValue": "1.0", "children": [], "isLeaf": true, "prediction": 0.0}], "isLeaf": false}, {"uuid": "6d2f6e1b-c721-4f4c-a234-3008a7485424", "depth": 7, "parent_uuid": "53491f1c-9883-46eb-b07f-af40b793ea22", "splittingValue": "1.0", "children": [], "isLeaf": true, "prediction": 0.0}], "isLeaf": false}, {"uuid": "37177bc7-93d7-4b22-9c1d-b5c1739b4ce4", "depth": 6, "parent_uuid": "69f174d2-1a33-44da-b24c-7c4fdddd6445", "splittingValue": "(84.0, 640.0]", "children": [], "isLeaf": true, "prediction": 1.0}], "isLeaf": false}, {"uuid": "b948154e-0276-4a73-a7c7-b1a051cfaa86", "depth": 5, "parent_uuid": "e5c6e59f-cc01-4284-b47d-5f9cc27c423f", "splittingValue": "(1.036, 2.102]", "children": [], "isLeaf": true, "prediction": 0.0}, {"uuid": "217c5756-3f6b-42c9-869f-95089304a16a", "depth": 5, "parent_uuid": "e5c6e59f-cc01-4284-b47d-5f9cc27c423f", "splittingValue": "(2.102, 5.333]", "splittingAttirbute": "url.home", "children": [{"uuid": "822cb59e-bca9-4e33-aeaa-3c966d8e6816", "depth": 6, "parent_uuid": "217c5756-3f6b-42c9-869f-95089304a16a", "splittingValue": "0.0", "splittingAttirbute": "url.banner", "children": [{"uuid": "c97bd279-79e9-44a9-8deb-5ef1194fd6a7", "depth": 7, "parent_uuid": "822cb59e-bca9-4e33-aeaa-3c966d8e6816", "splittingValue": "0.0", "splittingAttirbute": "ancurl.default", "children": [{"uuid": "18a9e88e-c724-47f9-89f7-4c97fa6f3ba4", "depth": 8, "parent_uuid": "c97bd279-79e9-44a9-8deb-5ef1194fd6a7", "splittingValue": "0.0", "children": [], "isLeaf": true, "prediction": 0.0}, {"uuid": "e04abc01-47fe-4cd4-8984-81ff05530389", "depth": 8, "parent_uuid": "c97bd279-79e9-44a9-8deb-5ef1194fd6a7", "splittingValue": "1.0", "children": [], "isLeaf": true, "prediction": 1.0}], "isLeaf": false}, {"uuid": "ca8584d9-96a2-474b-853f-c018740a5279", "depth": 7, "parent_uuid": "822cb59e-bca9-4e33-aeaa-3c966d8e6816", "splittingValue": "1.0", "children": [], "isLeaf": true, "prediction": 1.0}], "isLeaf": false}, {"uuid": "7f7c1eaf-a124-4ed1-a031-b2b133873770", "depth": 6, "parent_uuid": "217c5756-3f6b-42c9-869f-95089304a16a", "splittingValue": "1.0", "children": [], "isLeaf": true, "prediction": 1.0}], "isLeaf": false}, {"uuid": "6fc11914-2237-488d-83cf-b02cebc7e1b9", "depth": 5, "parent_uuid": "e5c6e59f-cc01-4284-b47d-5f9cc27c423f", "splittingValue": "(0.0005, 1.036]", "children": [], "isLeaf": true, "prediction": 0.0}], "isLeaf": false}, {"uuid": "c4bafc7b-b0fb-414a-a397-c127b3287979", "depth": 4, "parent_uuid": "31aae2ae-61a6-47c5-8803-f60379b5fe0f", "splittingValue": "(0.999, 81.0]", "splittingAttirbute": "url.times", "children": [{"uuid": "7ad82909-fbea-4e4e-a19f-4765744c9dbf", "depth": 5, "parent_uuid": "c4bafc7b-b0fb-414a-a397-c127b3287979", "splittingValue": "0.0", "splittingAttirbute": "url.it", "children": [{"uuid": "e79e5273-99ed-4aa3-bc56-62647060df99", "depth": 6, "parent_uuid": "7ad82909-fbea-4e4e-a19f-4765744c9dbf", "splittingValue": "0.0", "splittingAttirbute": "ancurl.redirect", "children": [{"uuid": "6b55ddad-6331-4b18-adbd-e33d225bf036", "depth": 7, "parent_uuid": "e79e5273-99ed-4aa3-bc56-62647060df99", "splittingValue": "0.0", "splittingAttirbute": "ancurl.download", "children": [{"uuid": "1ab5b803-7175-48f0-839d-f0b61e0ecdce", "depth": 8, "parent_uuid": "6b55ddad-6331-4b18-adbd-e33d225bf036", "splittingValue": "0.0", "children": [], "isLeaf": true, "prediction": 0.0}, {"uuid": "74b370c9-7d1a-458e-87a6-c5ce7b7795b7", "depth": 8, "parent_uuid": "6b55ddad-6331-4b18-adbd-e33d225bf036", "splittingValue": "1.0", "children": [], "isLeaf": true, "prediction": 0.0}], "isLeaf": false}, {"uuid": "cd9c596a-8f14-4df5-9e9e-fe3f391ec2a6", "depth": 7, "parent_uuid": "e79e5273-99ed-4aa3-bc56-62647060df99", "splittingValue": "1.0", "children": [], "isLeaf": true, "prediction": 1.0}], "isLeaf": false}, {"uuid": "422a2203-a5b8-4b72-b604-6a4395c377d6", "depth": 6, "parent_uuid": "7ad82909-fbea-4e4e-a19f-4765744c9dbf", "splittingValue": "1.0", "children": [], "isLeaf": true, "prediction": 1.0}], "isLeaf": false}, {"uuid": "a2fefa2d-1dd1-4462-b1b5-1c687f6d98e4", "depth": 5, "parent_uuid": "c4bafc7b-b0fb-414a-a397-c127b3287979", "splittingValue": "1.0", "children": [], "isLeaf": true, "prediction": 1.0}], "isLeaf": false}, {"uuid": "7bdf07a2-6bf8-4135-84f7-d22014a019f9", "depth": 4, "parent_uuid": "31aae2ae-61a6-47c5-8803-f60379b5fe0f", "splittingValue": "(110.0, 184.0]", "splittingAttirbute": "url.marketing", "children": [{"uuid": "b8a5637f-669f-49a0-84aa-80cc8c58e660", "depth": 5, "parent_uuid": "7bdf07a2-6bf8-4135-84f7-d22014a019f9", "splittingValue": "0.0", "splittingAttirbute": "alt.free", "children": [{"uuid": "1ebcdb38-cf2c-472c-94fb-efc908c37a24", "depth": 6, "parent_uuid": "b8a5637f-669f-49a0-84aa-80cc8c58e660", "splittingValue": "0.0", "splittingAttirbute": "url.time.1998", "children": [{"uuid": "a61337cf-8c8f-4692-9db4-55fee8fbfba9", "depth": 7, "parent_uuid": "1ebcdb38-cf2c-472c-94fb-efc908c37a24", "splittingValue": "0.0", "splittingAttirbute": "url.home.netscape.com", "children": [{"uuid": "1fb396b4-dcbc-43e6-8078-ed48b01764e0", "depth": 8, "parent_uuid": "a61337cf-8c8f-4692-9db4-55fee8fbfba9", "splittingValue": "0.0", "children": [], "isLeaf": true, "prediction": 0.0}, {"uuid": "ed33b074-86f5-416e-b9ef-bf6fa1b626c1", "depth": 8, "parent_uuid": "a61337cf-8c8f-4692-9db4-55fee8fbfba9", "splittingValue": "1.0", "children": [], "isLeaf": true, "prediction": 1.0}], "isLeaf": false}, {"uuid": "0b5d1c1f-8243-4084-a7b8-d65cc02f8bff", "depth": 7, "parent_uuid": "1ebcdb38-cf2c-472c-94fb-efc908c37a24", "splittingValue": "1.0", "children": [], "isLeaf": true, "prediction": 1.0}], "isLeaf": false}, {"uuid": "e606d0b7-5a2c-4396-b9ab-4fcb708fd011", "depth": 6, "parent_uuid": "b8a5637f-669f-49a0-84aa-80cc8c58e660", "splittingValue": "1.0", "children": [], "isLeaf": true, "prediction": 1.0}], "isLeaf": false}, {"uuid": "2322436d-cd09-493b-9f80-f70daaeae1bb", "depth": 5, "parent_uuid": "7bdf07a2-6bf8-4135-84f7-d22014a019f9", "splittingValue": "1.0", "splittingAttirbute": "height", "children": [{"uuid": "6b5cfd03-5cb1-4f40-90ef-87ec45a8479b", "depth": 6, "parent_uuid": "2322436d-cd09-493b-9f80-f70daaeae1bb", "splittingValue": "(25.0, 51.0]", "children": [], "isLeaf": true, "prediction": 1.0}, {"uuid": "4ea37d83-3cc1-47d8-9c07-3719741dd39f", "depth": 6, "parent_uuid": "2322436d-cd09-493b-9f80-f70daaeae1bb", "splittingValue": "(0.999, 25.0]", "children": [], "isLeaf": true, "prediction": 0.0}], "isLeaf": false}], "isLeaf": false}], "isLeaf": false}, {"uuid": "d85ff247-8e11-4498-801a-fd8cdba58b47", "depth": 3, "parent_uuid": "043aa4e0-6ca0-44d1-9848-57c1332ed4d1", "splittingValue": "1.0", "splittingAttirbute": "width", "children": [{"uuid": "3780de07-3fde-4f8b-b13a-7c719be9c055", "depth": 4, "parent_uuid": "d85ff247-8e11-4498-801a-fd8cdba58b47", "splittingValue": "(184.0, 640.0]", "children": [], "isLeaf": true, "prediction": 1.0}, {"uuid": "caf89ac3-0327-4d0b-9fae-6b664182cb71", "depth": 4, "parent_uuid": "d85ff247-8e11-4498-801a-fd8cdba58b47", "splittingValue": "(110.0, 184.0]", "children": [], "isLeaf": true, "prediction": 1.0}, {"uuid": "bcc327f6-8e8c-4236-baa9-99906c3b721a", "depth": 4, "parent_uuid": "d85ff247-8e11-4498-801a-fd8cdba58b47", "splittingValue": "(81.0, 110.0]", "splittingAttirbute": "local", "children": [{"uuid": "b7846f51-b441-421e-a193-53f6a9a28962", "depth": 5, "parent_uuid": "bcc327f6-8e8c-4236-baa9-99906c3b721a", "splittingValue": "1.0", "children": [], "isLeaf": true, "prediction": 1.0}, {"uuid": "25fe1c8d-95da-4b8d-b400-f19a3f306fa1", "depth": 5, "parent_uuid": "bcc327f6-8e8c-4236-baa9-99906c3b721a", "splittingValue": "0.0", "children": [], "isLeaf": true, "prediction": 0.0}], "isLeaf": false}, {"uuid": "7f25aad9-0f8e-4751-9437-4f728a1c5cce", "depth": 4, "parent_uuid": "d85ff247-8e11-4498-801a-fd8cdba58b47", "splittingValue": "(0.999, 81.0]", "children": [], "isLeaf": true, "prediction": 0.0}], "isLeaf": false}], "isLeaf": false}, {"uuid": "8fa22de0-0b74-4592-b95d-eebc25a3597d", "depth": 2, "parent_uuid": "06e4041a-140b-46d1-a2f3-067ace507653", "splittingValue": "1.0", "splittingAttirbute": "height", "children": [{"uuid": "ad4172b6-d2dc-443f-9f0a-e072ce28f109", "depth": 3, "parent_uuid": "8fa22de0-0b74-4592-b95d-eebc25a3597d", "splittingValue": "(51.0, 84.0]", "splittingAttirbute": "origurl.www.news.observer.com", "children": [{"uuid": "576893c1-ef49-445f-a12e-aaf087459b49", "depth": 4, "parent_uuid": "ad4172b6-d2dc-443f-9f0a-e072ce28f109", "splittingValue": "0.0", "children": [], "isLeaf": true, "prediction": 1.0}, {"uuid": "965c47fb-08b0-4d16-8edc-cada8ca964dd", "depth": 4, "parent_uuid": "ad4172b6-d2dc-443f-9f0a-e072ce28f109", "splittingValue": "1.0", "children": [], "isLeaf": true, "prediction": 0.0}], "isLeaf": false}, {"uuid": "17f526e6-4e47-4ad1-bad2-50d02544fe73", "depth": 3, "parent_uuid": "8fa22de0-0b74-4592-b95d-eebc25a3597d", "splittingValue": "(84.0, 640.0]", "children": [], "isLeaf": true, "prediction": 1.0}, {"uuid": "8881647b-09a0-492d-8f34-8f1a241bbeb4", "depth": 3, "parent_uuid": "8fa22de0-0b74-4592-b95d-eebc25a3597d", "splittingValue": "(25.0, 51.0]", "children": [], "isLeaf": true, "prediction": 1.0}, {"uuid": "09b26cf1-d60b-4d45-a878-dd6afd96c44f", "depth": 3, "parent_uuid": "8fa22de0-0b74-4592-b95d-eebc25a3597d", "splittingValue": "(0.999, 25.0]", "children": [], "isLeaf": true, "prediction": 0.0}], "isLeaf": false}], "isLeaf": false}