{"uuid": "328e78e5-8bf4-42d8-8390-453b7cfb57e8", "depth": 1, "splittingAttirbute": "ancurl.com", "children": [{"uuid": "126a096e-18e2-4262-8110-9d9487523532", "depth": 2, "parent_uuid": "328e78e5-8bf4-42d8-8390-453b7cfb57e8", "splittingValue": "0.0", "splittingAttirbute": "url.ads", "children": [{"uuid": "eaf3bccf-77d2-4d5a-a26a-544f27bdc148", "depth": 3, "parent_uuid": "126a096e-18e2-4262-8110-9d9487523532", "splittingValue": "0.0", "splittingAttirbute": "ancurl.uk", "children": [{"uuid": "00978e6a-cefc-410a-a381-5700d7837b58", "depth": 4, "parent_uuid": "eaf3bccf-77d2-4d5a-a26a-544f27bdc148", "splittingValue": "0.0", "splittingAttirbute": "ancurl.click", "children": [{"uuid": "f329730f-e6b0-419f-a1a3-f456b2bae5da", "depth": 5, "parent_uuid": "00978e6a-cefc-410a-a381-5700d7837b58", "splittingValue": "0.0", "splittingAttirbute": "alt.visit.our", "children": [{"uuid": "4afbe2fa-1331-4371-936c-a914310702dc", "depth": 6, "parent_uuid": "f329730f-e6b0-419f-a1a3-f456b2bae5da", "splittingValue": "0.0", "splittingAttirbute": "ancurl.http.www", "children": [{"uuid": "13471415-c05b-487e-9870-3cd54d9d8207", "depth": 7, "parent_uuid": "4afbe2fa-1331-4371-936c-a914310702dc", "splittingValue": "0.0", "splittingAttirbute": "ancurl.adclick", "children": [{"uuid": "9cfe27a5-6225-4194-b562-ea96f4f97aa8", "depth": 8, "parent_uuid": "13471415-c05b-487e-9870-3cd54d9d8207", "splittingValue": "0.0", "splittingAttirbute": "url.doubleclick.net", "children": [{"uuid": "223f183a-0688-4b2e-96e0-101721d4de35", "depth": 9, "parent_uuid": "9cfe27a5-6225-4194-b562-ea96f4f97aa8", "splittingValue": "0.0", "splittingAttirbute": "origurl.jun", "children": [{"uuid": "d3d9cc74-8546-47c3-8775-2cee8f890e19", "depth": 10, "parent_uuid": "223f183a-0688-4b2e-96e0-101721d4de35", "splittingValue": "0.0", "splittingAttirbute": "origurl.zdnet.com", "children": [{"uuid": "6efab024-dc06-4e52-83e0-4dd07931fbad", "depth": 11, "parent_uuid": "d3d9cc74-8546-47c3-8775-2cee8f890e19", "splittingValue": "0.0", "splittingAttirbute": "ancurl.go", "children": [{"uuid": "51d0881d-a664-4701-98d8-8c1357d8ba68", "depth": 12, "parent_uuid": "6efab024-dc06-4e52-83e0-4dd07931fbad", "splittingValue": "0.0", "splittingAttirbute": "ancurl.plx", "children": [{"uuid": "0cbcd517-4d62-4916-ae58-30bdce01a3fd", "depth": 13, "parent_uuid": "51d0881d-a664-4701-98d8-8c1357d8ba68", "splittingValue": "0.0", "splittingAttirbute": "url.times", "children": [{"uuid": "54744095-7c74-4da7-a141-436f1453e160", "depth": 14, "parent_uuid": "0cbcd517-4d62-4916-ae58-30bdce01a3fd", "splittingValue": "0.0", "splittingAttirbute": "origurl.home.netscape.com", "children": [{"uuid": "4538f53c-74bb-4a6c-b4fe-c6d568a42c0b", "depth": 15, "parent_uuid": "54744095-7c74-4da7-a141-436f1453e160", "splittingValue": "0.0", "splittingAttirbute": "ancurl.clickthru", "children": [{"uuid": "be0fd5f9-32bf-4774-bede-60ceb2a74522", "depth": 16, "parent_uuid": "4538f53c-74bb-4a6c-b4fe-c6d568a42c0b", "splittingValue": "0.0", "children": [], "isLeaf": true, "prediction": 0.0}, {"uuid": "16862e26-b733-4e5f-a680-79498a2d1dc9", "depth": 16, "parent_uuid": "4538f53c-74bb-4a6c-b4fe-c6d568a42c0b", "splittingValue": "1.0", "children": [], "isLeaf": true, "prediction": 1.0}], "isLeaf": false}, {"uuid": "b13b7b87-b9ce-4443-8024-6796153cf853", "depth": 15, "parent_uuid": "54744095-7c74-4da7-a141-436f1453e160", "splittingValue": "1.0", "children": [], "isLeaf": true, "prediction": 1.0}], "isLeaf": false}, {"uuid": "5bfa98be-dc3d-45bc-a5aa-96fb1242c4c3", "depth": 14, "parent_uuid": "0cbcd517-4d62-4916-ae58-30bdce01a3fd", "splittingValue": "1.0", "children": [], "isLeaf": true, "prediction": 1.0}], "isLeaf": false}, {"uuid": "9f0f8749-792f-4833-b996-37e2bb5df33f", "depth": 13, "parent_uuid": "51d0881d-a664-4701-98d8-8c1357d8ba68", "splittingValue": "1.0", "children": [], "isLeaf": true, "prediction": 1.0}], "isLeaf": false}, {"uuid": "a1e322a0-e5c5-4d28-aef9-5c788e8cbd95", "depth": 12, "parent_uuid": "6efab024-dc06-4e52-83e0-4dd07931fbad", "splittingValue": "1.0", "children": [], "isLeaf": true, "prediction": 1.0}], "isLeaf": false}, {"uuid": "7e0894fb-38b7-4e64-913b-0c31d7d4ca6c", "depth": 11, "parent_uuid": "d3d9cc74-8546-47c3-8775-2cee8f890e19", "splittingValue": "1.0", "children": [], "isLeaf": true, "prediction": 1.0}], "isLeaf": false}, {"uuid": "fcd908ef-2a51-468e-a2a2-6b1c39c450ea", "depth": 10, "parent_uuid": "223f183a-0688-4b2e-96e0-101721d4de35", "splittingValue": "1.0", "children": [], "isLeaf": true, "prediction": 1.0}], "isLeaf": false}, {"uuid": "ae1a6e11-dd3c-45ed-adc2-f756130993cd", "depth": 9, "parent_uuid": "9cfe27a5-6225-4194-b562-ea96f4f97aa8", "splittingValue": "1.0", "children": [], "isLeaf": true, "prediction": 1.0}], "isLeaf": false}, {"uuid": "59ab3165-2878-4983-9e91-6a88901a00a3", "depth": 8, "parent_uuid": "13471415-c05b-487e-9870-3cd54d9d8207", "splittingValue": "1.0", "children": [], "isLeaf": true, "prediction": 1.0}], "isLeaf": false}, {"uuid": "d90b4f2f-909d-4669-91d4-6e85c01ddace", "depth": 7, "parent_uuid": "4afbe2fa-1331-4371-936c-a914310702dc", "splittingValue": "1.0", "children": [], "isLeaf": true, "prediction": 1.0}], "isLeaf": false}, {"uuid": "0bbdab19-8318-4b08-8837-cb341410cd20", "depth": 6, "parent_uuid": "f329730f-e6b0-419f-a1a3-f456b2bae5da", "splittingValue": "1.0", "children": [], "isLeaf": true, "prediction": 1.0}], "isLeaf": false}, {"uuid": "9603f4b4-b3c6-425d-83b9-25aa300c3a1a", "depth": 5, "parent_uuid": "00978e6a-cefc-410a-a381-5700d7837b58", "splittingValue": "1.0", "children": [], "isLeaf": true, "prediction": 1.0}], "isLeaf": false}, {"uuid": "a9640128-e1ce-44be-927c-cac1cdd6e5fc", "depth": 4, "parent_uuid": "eaf3bccf-77d2-4d5a-a26a-544f27bdc148", "splittingValue": "1.0", "splittingAttirbute": "url.buttons", "children": [{"uuid": "ea66c530-54a9-4031-9e9d-99f099f5e58e", "depth": 5, "parent_uuid": "a9640128-e1ce-44be-927c-cac1cdd6e5fc", "splittingValue": "0.0", "children": [], "isLeaf": true, "prediction": 1.0}, {"uuid": "866fd024-749a-44be-97d3-c7b9f131ad53", "depth": 5, "parent_uuid": "a9640128-e1ce-44be-927c-cac1cdd6e5fc", "splittingValue": "1.0", "children": [], "isLeaf": true, "prediction": 0.0}], "isLeaf": false}], "isLeaf": false}, {"uuid": "96c5a78c-81e0-478f-90f7-f3a7bb8b0f5d", "depth": 3, "parent_uuid": "126a096e-18e2-4262-8110-9d9487523532", "splittingValue": "1.0", "splittingAttirbute": "origurl.football", "children": [{"uuid": "b536c994-fbb1-43bd-a2ce-544a3dc041da", "depth": 4, "parent_uuid": "96c5a78c-81e0-478f-90f7-f3a7bb8b0f5d", "splittingValue": "0.0", "splittingAttirbute": "url.logo", "children": [{"uuid": "34bcbed0-3182-4986-8f78-b61e6da36a77", "depth": 5, "parent_uuid": "b536c994-fbb1-43bd-a2ce-544a3dc041da", "splittingValue": "0.0", "children": [], "isLeaf": true, "prediction": 1.0}, {"uuid": "384702d8-2a9e-4b7e-8da6-6054d1cf5342", "depth": 5, "parent_uuid": "b536c994-fbb1-43bd-a2ce-544a3dc041da", "splittingValue": "1.0", "splittingAttirbute": "height", "children": [{"uuid": "c80b37be-8d56-498d-b85c-6473896524dd", "depth": 6, "parent_uuid": "384702d8-2a9e-4b7e-8da6-6054d1cf5342", "splittingValue": "(25.0, 51.0]", "children": [], "isLeaf": true, "prediction": 1.0}, {"uuid": "8e6991ca-c485-4608-99b3-36b5c89c2e3b", "depth": 6, "parent_uuid": "384702d8-2a9e-4b7e-8da6-6054d1cf5342", "splittingValue": "(84.0, 640.0]", "children": [], "isLeaf": true, "prediction": 0.0}], "isLeaf": false}], "isLeaf": false}, {"uuid": "c33ab83b-c3d7-4e65-9a84-f331e3e5fd5e", "depth": 4, "parent_uuid": "96c5a78c-81e0-478f-90f7-f3a7bb8b0f5d", "splittingValue": "1.0", "children": [], "isLeaf": true, "prediction": 0.0}], "isLeaf": false}], "isLeaf": false}, {"uuid": "c0f96a30-2da0-429f-820b-a989c6526b67", "depth": 2, "parent_uuid": "328e78e5-8bf4-42d8-8390-453b7cfb57e8", "splittingValue": "1.0", "splittingAttirbute": "url.members.tripod.com", "children": [{"uuid": "fbf29f91-b7ff-433b-a7ac-f7c0bfb2feca", "depth": 3, "parent_uuid": "c0f96a30-2da0-429f-820b-a989c6526b67", "splittingValue": "0.0", "splittingAttirbute": "origurl.www.news.observer.com", "children": [{"uuid": "796f188c-0c35-42d2-b6d7-0b43fe9501dd", "depth": 4, "parent_uuid": "fbf29f91-b7ff-433b-a7ac-f7c0bfb2feca", "splittingValue": "0.0", "splittingAttirbute": "url.pacific.net.sg", "children": [{"uuid": "0b62cbd8-b018-4fcf-861e-f3ad697c2fa8", "depth": 5, "parent_uuid": "796f188c-0c35-42d2-b6d7-0b43fe9501dd", "splittingValue": "0.0", "children": [], "isLeaf": true, "prediction": 1.0}, {"uuid": "cce6f811-6cc0-4df6-a601-0e065afe13da", "depth": 5, "parent_uuid": "796f188c-0c35-42d2-b6d7-0b43fe9501dd", "splittingValue": "1.0", "splittingAttirbute": "height", "children": [{"uuid": "3540fe3b-f600-431f-b654-e65069b22d79", "depth": 6, "parent_uuid": "cce6f811-6cc0-4df6-a601-0e065afe13da", "splittingValue": "(51.0, 84.0]", "splittingAttirbute": "width", "children": [{"uuid": "1bfd90cc-d5b1-48a6-bd65-8028e917765c", "depth": 7, "parent_uuid": "3540fe3b-f600-431f-b654-e65069b22d79", "splittingValue": "(110.0, 184.0]", "splittingAttirbute": "aratio", "children": [{"uuid": "830027a6-227f-44b4-9be3-6a987c6c49f2", "depth": 8, "parent_uuid": "1bfd90cc-d5b1-48a6-bd65-8028e917765c", "splittingValue": "(2.102, 5.333]", "splittingAttirbute": "local", "children": [{"uuid": "35a654c3-e61e-43d4-8f82-c281823a0ef5", "depth": 9, "parent_uuid": "830027a6-227f-44b4-9be3-6a987c6c49f2", "splittingValue": "1.0", "splittingAttirbute": "url.images.buttons", "children": [{"uuid": "1c13a922-f43e-47e2-ba5a-4b88503c28d3", "depth": 10, "parent_uuid": "35a654c3-e61e-43d4-8f82-c281823a0ef5", "splittingValue": "0.0", "splittingAttirbute": "url.likesbooks.com", "children": [{"uuid": "17055eb9-b884-4bdc-bd7c-25239df03a64", "depth": 11, "parent_uuid": "1c13a922-f43e-47e2-ba5a-4b88503c28d3", "splittingValue": "0.0", "splittingAttirbute": "url.www.slake.com", "children": [{"uuid": "fba33573-c68c-4e40-b523-e3263267bee8", "depth": 12, "parent_uuid": "17055eb9-b884-4bdc-bd7c-25239df03a64", "splittingValue": "0.0", "splittingAttirbute": "url.hydrogeologist", "children": [{"uuid": "1df4dafe-b5be-4f81-8b20-fdf240d5b2a4", "depth": 13, "parent_uuid": "fba33573-c68c-4e40-b523-e3263267bee8", "splittingValue": "0.0", "splittingAttirbute": "url.oso", "children": [{"uuid": "5f14fb0c-ce7e-458a-af71-63bb7f5927f2", "depth": 14, "parent_uuid": "1df4dafe-b5be-4f81-8b20-fdf240d5b2a4", "splittingValue": "0.0", "splittingAttirbute": "url.media", "children": [{"uuid": "2e4272b1-e44b-47fd-87ed-b077986e41d3", "depth": 15, "parent_uuid": "5f14fb0c-ce7e-458a-af71-63bb7f5927f2", "splittingValue": "0.0", "splittingAttirbute": "url.peace.images", "children": [{"uuid": "3b3e52d0-68ff-4535-80de-98caab83a2a7", "depth": 16, "parent_uuid": "2e4272b1-e44b-47fd-87ed-b077986e41d3", "splittingValue": "0.0", "children": [], "isLeaf": true, "prediction": 1.0}], "isLeaf": false}], "isLeaf": false}], "isLeaf": false}], "isLeaf": false}], "isLeaf": false}], "isLeaf": false}], "isLeaf": false}], "isLeaf": false}], "isLeaf": false}], "isLeaf": false}], "isLeaf": false}], "isLeaf": false}, {"uuid": "a088c0f2-3efd-4a14-8b6c-3993665abaaa", "depth": 4, "parent_uuid": "fbf29f91-b7ff-433b-a7ac-f7c0bfb2feca", "splittingValue": "1.0", "children": [], "isLeaf": true, "prediction": 0.0}], "isLeaf": false}, {"uuid": "6b1c8067-3b9f-4ae4-9e12-5a11ac45b088", "depth": 3, "parent_uuid": "c0f96a30-2da0-429f-820b-a989c6526b67", "splittingValue": "1.0", "children": [], "isLeaf": true, "prediction": 0.0}], "isLeaf": false}], "isLeaf": false}