{"uuid": "d852cca2-45e4-4bb2-8697-ca94e2c45524", "depth": 1, "splittingAttirbute": "ancurl.com", "children": [{"uuid": "65abceee-f562-4f47-97e6-f5d438decf0f", "depth": 2, "parent_uuid": "d852cca2-45e4-4bb2-8697-ca94e2c45524", "splittingValue": "0.0", "splittingAttirbute": "url.ads", "children": [{"uuid": "a9d258cd-badd-4b02-8972-406d26488b65", "depth": 3, "parent_uuid": "65abceee-f562-4f47-97e6-f5d438decf0f", "splittingValue": "0.0", "splittingAttirbute": "ancurl.click", "children": [{"uuid": "38e78847-f2fa-4bc1-bf27-04a9b10856a9", "depth": 4, "parent_uuid": "a9d258cd-badd-4b02-8972-406d26488b65", "splittingValue": "0.0", "splittingAttirbute": "ancurl.uk", "children": [{"uuid": "e711ca57-533a-4643-a375-1f5d9bd8d22c", "depth": 5, "parent_uuid": "38e78847-f2fa-4bc1-bf27-04a9b10856a9", "splittingValue": "0.0", "splittingAttirbute": "ancurl.http.www", "children": [{"uuid": "bb074791-18c9-445d-ad7b-ffa7da367550", "depth": 6, "parent_uuid": "e711ca57-533a-4643-a375-1f5d9bd8d22c", "splittingValue": "0.0", "splittingAttirbute": "url.memberbanners", "children": [{"uuid": "64e15d6e-7dc7-4199-91bf-203fb225c0f8", "depth": 7, "parent_uuid": "bb074791-18c9-445d-ad7b-ffa7da367550", "splittingValue": "0.0", "splittingAttirbute": "ancurl.adclick", "children": [{"uuid": "4f0f8cdb-e570-46f5-a96f-76af2c7a1980", "depth": 8, "parent_uuid": "64e15d6e-7dc7-4199-91bf-203fb225c0f8", "splittingValue": "0.0", "splittingAttirbute": "origurl.jun", "children": [{"uuid": "84aaff60-a8ff-47f1-a56c-ae300b6ee1b7", "depth": 9, "parent_uuid": "4f0f8cdb-e570-46f5-a96f-76af2c7a1980", "splittingValue": "0.0", "splittingAttirbute": "alt.visit.our", "children": [{"uuid": "8d1a9d0e-cba7-42d8-b313-3a70d922a8e0", "depth": 10, "parent_uuid": "84aaff60-a8ff-47f1-a56c-ae300b6ee1b7", "splittingValue": "0.0", "splittingAttirbute": "url.doubleclick.net", "children": [{"uuid": "eafcb9ed-b8e2-4958-9d4e-61478d606c1e", "depth": 11, "parent_uuid": "8d1a9d0e-cba7-42d8-b313-3a70d922a8e0", "splittingValue": "0.0", "splittingAttirbute": "url.banners", "children": [{"uuid": "ddfb99ac-fa85-4784-90e9-6c83b7c52784", "depth": 12, "parent_uuid": "eafcb9ed-b8e2-4958-9d4e-61478d606c1e", "splittingValue": "0.0", "splittingAttirbute": "ancurl.go", "children": [{"uuid": "92b1f18c-1886-4303-9f83-4459cd72292f", "depth": 13, "parent_uuid": "ddfb99ac-fa85-4784-90e9-6c83b7c52784", "splittingValue": "0.0", "splittingAttirbute": "url.site", "children": [{"uuid": "930ccc77-1e20-468b-b91f-c683b9b35ccd", "depth": 14, "parent_uuid": "92b1f18c-1886-4303-9f83-4459cd72292f", "splittingValue": "0.0", "splittingAttirbute": "url.msn.com", "children": [{"uuid": "b05e54a5-cb30-4cdf-9ce4-bdcc69c6ac90", "depth": 15, "parent_uuid": "930ccc77-1e20-468b-b91f-c683b9b35ccd", "splittingValue": "0.0", "splittingAttirbute": "origurl.www.thriveonline.com", "children": [{"uuid": "a15a75c8-2a59-4938-96a2-720e529afd92", "depth": 16, "parent_uuid": "b05e54a5-cb30-4cdf-9ce4-bdcc69c6ac90", "splittingValue": "0.0", "children": [], "isLeaf": true, "prediction": 0.0}, {"uuid": "d78acdd9-8e7f-44ff-9cbe-432f95658614", "depth": 16, "parent_uuid": "b05e54a5-cb30-4cdf-9ce4-bdcc69c6ac90", "splittingValue": "1.0", "children": [], "isLeaf": true, "prediction": 1.0}], "isLeaf": false}, {"uuid": "3341dea3-6a9b-46df-9cca-8e07a5509e9a", "depth": 15, "parent_uuid": "930ccc77-1e20-468b-b91f-c683b9b35ccd", "splittingValue": "1.0", "children": [], "isLeaf": true, "prediction": 1.0}], "isLeaf": false}, {"uuid": "ab3d6c3a-65ce-417c-a62e-819835d8783d", "depth": 14, "parent_uuid": "92b1f18c-1886-4303-9f83-4459cd72292f", "splittingValue": "1.0", "children": [], "isLeaf": true, "prediction": 1.0}], "isLeaf": false}, {"uuid": "ebcca73b-63fe-4a2c-8584-1715cf5b6e0e", "depth": 13, "parent_uuid": "ddfb99ac-fa85-4784-90e9-6c83b7c52784", "splittingValue": "1.0", "children": [], "isLeaf": true, "prediction": 1.0}], "isLeaf": false}, {"uuid": "79243550-2c3d-4b88-abf1-56c7d2db1f88", "depth": 12, "parent_uuid": "eafcb9ed-b8e2-4958-9d4e-61478d606c1e", "splittingValue": "1.0", "children": [], "isLeaf": true, "prediction": 1.0}], "isLeaf": false}, {"uuid": "7cd447b1-290b-4bba-b96f-b646d446f7fc", "depth": 11, "parent_uuid": "8d1a9d0e-cba7-42d8-b313-3a70d922a8e0", "splittingValue": "1.0", "children": [], "isLeaf": true, "prediction": 1.0}], "isLeaf": false}, {"uuid": "07d461fc-485a-4652-8d3d-b6600b984d13", "depth": 10, "parent_uuid": "84aaff60-a8ff-47f1-a56c-ae300b6ee1b7", "splittingValue": "1.0", "children": [], "isLeaf": true, "prediction": 1.0}], "isLeaf": false}, {"uuid": "cb49c7b2-be4f-48f1-9c8e-bd487e113421", "depth": 9, "parent_uuid": "4f0f8cdb-e570-46f5-a96f-76af2c7a1980", "splittingValue": "1.0", "children": [], "isLeaf": true, "prediction": 1.0}], "isLeaf": false}, {"uuid": "9163502d-113f-480e-897e-8c4e8164e53f", "depth": 8, "parent_uuid": "64e15d6e-7dc7-4199-91bf-203fb225c0f8", "splittingValue": "1.0", "children": [], "isLeaf": true, "prediction": 1.0}], "isLeaf": false}, {"uuid": "c40de65a-383d-4955-b29a-98d7ed90744e", "depth": 7, "parent_uuid": "bb074791-18c9-445d-ad7b-ffa7da367550", "splittingValue": "1.0", "children": [], "isLeaf": true, "prediction": 1.0}], "isLeaf": false}, {"uuid": "4fff288b-3827-426c-b73f-8b6b2de06225", "depth": 6, "parent_uuid": "e711ca57-533a-4643-a375-1f5d9bd8d22c", "splittingValue": "1.0", "children": [], "isLeaf": true, "prediction": 1.0}], "isLeaf": false}, {"uuid": "97315522-860e-4437-898d-7049fe97b451", "depth": 5, "parent_uuid": "38e78847-f2fa-4bc1-bf27-04a9b10856a9", "splittingValue": "1.0", "children": [], "isLeaf": true, "prediction": 1.0}], "isLeaf": false}, {"uuid": "1c55fa70-adb4-46ae-81ab-c970fbab78be", "depth": 4, "parent_uuid": "a9d258cd-badd-4b02-8972-406d26488b65", "splittingValue": "1.0", "children": [], "isLeaf": true, "prediction": 1.0}], "isLeaf": false}, {"uuid": "895db50f-bd31-4ea5-9095-fa0215f20bfe", "depth": 3, "parent_uuid": "65abceee-f562-4f47-97e6-f5d438decf0f", "splittingValue": "1.0", "splittingAttirbute": "url.www.wednet.com", "children": [{"uuid": "3a6748c5-d7ea-4ace-a183-ac152dfa54db", "depth": 4, "parent_uuid": "895db50f-bd31-4ea5-9095-fa0215f20bfe", "splittingValue": "0.0", "splittingAttirbute": "origurl.football", "children": [{"uuid": "6b40baa6-da20-47e1-8708-4ddecaf7602f", "depth": 5, "parent_uuid": "3a6748c5-d7ea-4ace-a183-ac152dfa54db", "splittingValue": "0.0", "children": [], "isLeaf": true, "prediction": 1.0}, {"uuid": "b0cfd233-86b0-4721-a0c2-2b665f18baec", "depth": 5, "parent_uuid": "3a6748c5-d7ea-4ace-a183-ac152dfa54db", "splittingValue": "1.0", "children": [], "isLeaf": true, "prediction": 0.0}], "isLeaf": false}, {"uuid": "35719e7a-dfca-452f-bcc7-5464a7d07c3f", "depth": 4, "parent_uuid": "895db50f-bd31-4ea5-9095-fa0215f20bfe", "splittingValue": "1.0", "children": [], "isLeaf": true, "prediction": 0.0}], "isLeaf": false}], "isLeaf": false}, {"uuid": "b81c77a3-7bf7-48b2-9f24-f40b9172fc56", "depth": 2, "parent_uuid": "d852cca2-45e4-4bb2-8697-ca94e2c45524", "splittingValue": "1.0", "splittingAttirbute": "url.members.tripod.com", "children": [{"uuid": "02e644c1-8c37-4627-9899-0cc200b6dd57", "depth": 3, "parent_uuid": "b81c77a3-7bf7-48b2-9f24-f40b9172fc56", "splittingValue": "0.0", "splittingAttirbute": "ancurl.news", "children": [{"uuid": "b19349b4-1b0b-41c4-ab00-3f6c0be143dc", "depth": 4, "parent_uuid": "02e644c1-8c37-4627-9899-0cc200b6dd57", "splittingValue": "0.0", "splittingAttirbute": "origurl.4301.misfits2", "children": [{"uuid": "7c0e4309-bf2c-4652-b4c6-897603c77abc", "depth": 5, "parent_uuid": "b19349b4-1b0b-41c4-ab00-3f6c0be143dc", "splittingValue": "0.0", "children": [], "isLeaf": true, "prediction": 1.0}, {"uuid": "a319371c-c206-4f48-9b24-8b13737130b0", "depth": 5, "parent_uuid": "b19349b4-1b0b-41c4-ab00-3f6c0be143dc", "splittingValue": "1.0", "children": [], "isLeaf": true, "prediction": 0.0}], "isLeaf": false}, {"uuid": "0da263cf-4e15-4e01-bc9c-c59d659c81c4", "depth": 4, "parent_uuid": "02e644c1-8c37-4627-9899-0cc200b6dd57", "splittingValue": "1.0", "children": [], "isLeaf": true, "prediction": 0.0}], "isLeaf": false}, {"uuid": "36909cb1-94e9-41c4-87ed-3d5017e0df6d", "depth": 3, "parent_uuid": "b81c77a3-7bf7-48b2-9f24-f40b9172fc56", "splittingValue": "1.0", "children": [], "isLeaf": true, "prediction": 0.0}], "isLeaf": false}], "isLeaf": false}