{"uuid": "c8b48be9-e23d-4dc6-9055-3ebe7d1c4a4b", "depth": 1, "splittingAttirbute": "ancurl.com", "children": [{"uuid": "64eb673d-5842-4bd0-b2f1-4487159a3f4a", "depth": 2, "parent_uuid": "c8b48be9-e23d-4dc6-9055-3ebe7d1c4a4b", "splittingValue": "0.0", "splittingAttirbute": "url.ads", "children": [{"uuid": "6af0d24f-ab9e-4e2e-9ff5-15d44cd97c15", "depth": 3, "parent_uuid": "64eb673d-5842-4bd0-b2f1-4487159a3f4a", "splittingValue": "0.0", "splittingAttirbute": "ancurl.click", "children": [{"uuid": "a3d9dbe0-ad6e-4220-83f9-08fd718a4b3f", "depth": 4, "parent_uuid": "6af0d24f-ab9e-4e2e-9ff5-15d44cd97c15", "splittingValue": "0.0", "splittingAttirbute": "ancurl.adclick", "children": [{"uuid": "63bb597f-ef9d-4940-a90c-ba257ebef3b7", "depth": 5, "parent_uuid": "a3d9dbe0-ad6e-4220-83f9-08fd718a4b3f", "splittingValue": "0.0", "splittingAttirbute": "ancurl.http.www", "children": [{"uuid": "4dd8950f-9218-47ad-991b-6525e6870b01", "depth": 6, "parent_uuid": "63bb597f-ef9d-4940-a90c-ba257ebef3b7", "splittingValue": "0.0", "splittingAttirbute": "url.doubleclick.net", "children": [{"uuid": "c49d3367-9410-4c01-abdf-719658e5cb32", "depth": 7, "parent_uuid": "4dd8950f-9218-47ad-991b-6525e6870b01", "splittingValue": "0.0", "splittingAttirbute": "alt.visit.our", "children": [{"uuid": "3d62e8d6-f096-4101-8806-156859f81348", "depth": 8, "parent_uuid": "c49d3367-9410-4c01-abdf-719658e5cb32", "splittingValue": "0.0", "splittingAttirbute": "origurl.jun", "children": [{"uuid": "d48ea9d2-da27-4825-82d3-f715e6fb80a8", "depth": 9, "parent_uuid": "3d62e8d6-f096-4101-8806-156859f81348", "splittingValue": "0.0", "splittingAttirbute": "alt.ad", "children": [{"uuid": "192d395a-96d9-49af-8ccb-60d4073f37e7", "depth": 10, "parent_uuid": "d48ea9d2-da27-4825-82d3-f715e6fb80a8", "splittingValue": "0.0", "splittingAttirbute": "origurl.zdnet.com", "children": [{"uuid": "3c1d6e52-8931-471e-ad05-2d573edad8aa", "depth": 11, "parent_uuid": "192d395a-96d9-49af-8ccb-60d4073f37e7", "splittingValue": "0.0", "splittingAttirbute": "ancurl.cfm", "children": [{"uuid": "b6892948-c119-4420-a1f6-0c21fd06b2ac", "depth": 12, "parent_uuid": "3c1d6e52-8931-471e-ad05-2d573edad8aa", "splittingValue": "0.0", "splittingAttirbute": "ancurl.url", "children": [{"uuid": "26a8a3f7-5f63-4c16-9ff3-4986417d59cf", "depth": 13, "parent_uuid": "b6892948-c119-4420-a1f6-0c21fd06b2ac", "splittingValue": "0.0", "splittingAttirbute": "ancurl.plx", "children": [{"uuid": "cd4abdea-e179-46d2-9249-39b3e24da826", "depth": 14, "parent_uuid": "26a8a3f7-5f63-4c16-9ff3-4986417d59cf", "splittingValue": "0.0", "splittingAttirbute": "url.memberbanners", "children": [{"uuid": "2a0b42bb-72d9-425f-b7ca-a607eac5d33e", "depth": 15, "parent_uuid": "cd4abdea-e179-46d2-9249-39b3e24da826", "splittingValue": "0.0", "splittingAttirbute": "url.site", "children": [{"uuid": "4a87ab4f-95bd-40e7-bebc-cc58168bc19a", "depth": 16, "parent_uuid": "2a0b42bb-72d9-425f-b7ca-a607eac5d33e", "splittingValue": "0.0", "children": [], "isLeaf": true, "prediction": 0.0}, {"uuid": "74296f18-c676-47bd-963c-3742dc849c5d", "depth": 16, "parent_uuid": "2a0b42bb-72d9-425f-b7ca-a607eac5d33e", "splittingValue": "1.0", "children": [], "isLeaf": true, "prediction": 1.0}], "isLeaf": false}, {"uuid": "999ce504-d6b9-410f-80a0-ee10378bbb07", "depth": 15, "parent_uuid": "cd4abdea-e179-46d2-9249-39b3e24da826", "splittingValue": "1.0", "splittingAttirbute": "origurl.hollywood.9662", "children": [{"uuid": "c0480ae4-1705-4103-be68-c70b1239e472", "depth": 16, "parent_uuid": "999ce504-d6b9-410f-80a0-ee10378bbb07", "splittingValue": "0.0", "children": [], "isLeaf": true, "prediction": 1.0}, {"uuid": "5a785437-8861-4419-b58f-23fa1096a10d", "depth": 16, "parent_uuid": "999ce504-d6b9-410f-80a0-ee10378bbb07", "splittingValue": "1.0", "children": [], "isLeaf": true, "prediction": 0.0}], "isLeaf": false}], "isLeaf": false}, {"uuid": "522b9bb8-70fb-47f9-aadf-2ce3b26cf7a2", "depth": 14, "parent_uuid": "26a8a3f7-5f63-4c16-9ff3-4986417d59cf", "splittingValue": "1.0", "children": [], "isLeaf": true, "prediction": 1.0}], "isLeaf": false}, {"uuid": "1a3eab51-3e35-4221-b192-55df9b68e737", "depth": 13, "parent_uuid": "b6892948-c119-4420-a1f6-0c21fd06b2ac", "splittingValue": "1.0", "children": [], "isLeaf": true, "prediction": 1.0}], "isLeaf": false}, {"uuid": "71d7dce6-398b-45d9-a154-0797049ed658", "depth": 12, "parent_uuid": "3c1d6e52-8931-471e-ad05-2d573edad8aa", "splittingValue": "1.0", "children": [], "isLeaf": true, "prediction": 1.0}], "isLeaf": false}, {"uuid": "74b6ee79-2134-450a-938c-c03fc9225011", "depth": 11, "parent_uuid": "192d395a-96d9-49af-8ccb-60d4073f37e7", "splittingValue": "1.0", "children": [], "isLeaf": true, "prediction": 1.0}], "isLeaf": false}, {"uuid": "949d7e63-9ca0-4658-8090-9ced3a2d7696", "depth": 10, "parent_uuid": "d48ea9d2-da27-4825-82d3-f715e6fb80a8", "splittingValue": "1.0", "children": [], "isLeaf": true, "prediction": 1.0}], "isLeaf": false}, {"uuid": "48795651-db64-4ec8-bb05-377670b4f2b0", "depth": 9, "parent_uuid": "3d62e8d6-f096-4101-8806-156859f81348", "splittingValue": "1.0", "children": [], "isLeaf": true, "prediction": 1.0}], "isLeaf": false}, {"uuid": "bb6adaa0-d75e-41bf-9bb9-fae7c1834d8d", "depth": 8, "parent_uuid": "c49d3367-9410-4c01-abdf-719658e5cb32", "splittingValue": "1.0", "children": [], "isLeaf": true, "prediction": 1.0}], "isLeaf": false}, {"uuid": "47dc2e76-00d1-44d4-aec0-acadadc6fe32", "depth": 7, "parent_uuid": "4dd8950f-9218-47ad-991b-6525e6870b01", "splittingValue": "1.0", "children": [], "isLeaf": true, "prediction": 1.0}], "isLeaf": false}, {"uuid": "2bd77d91-6687-4305-b7d8-baf3cceab9c2", "depth": 6, "parent_uuid": "63bb597f-ef9d-4940-a90c-ba257ebef3b7", "splittingValue": "1.0", "children": [], "isLeaf": true, "prediction": 1.0}], "isLeaf": false}, {"uuid": "4b0c8a5d-a62d-44e6-b8c5-ddcc1a0e7c47", "depth": 5, "parent_uuid": "a3d9dbe0-ad6e-4220-83f9-08fd718a4b3f", "splittingValue": "1.0", "children": [], "isLeaf": true, "prediction": 1.0}], "isLeaf": false}, {"uuid": "32581473-01f6-4735-bd24-455a5847dac8", "depth": 4, "parent_uuid": "6af0d24f-ab9e-4e2e-9ff5-15d44cd97c15", "splittingValue": "1.0", "children": [], "isLeaf": true, "prediction": 1.0}], "isLeaf": false}, {"uuid": "e7c9d11d-77ef-49bc-ad4a-1169bc92c0d9", "depth": 3, "parent_uuid": "64eb673d-5842-4bd0-b2f1-4487159a3f4a", "splittingValue": "1.0", "splittingAttirbute": "url.www.wednet.com", "children": [{"uuid": "3230f289-8155-414a-8df5-21175a743dae", "depth": 4, "parent_uuid": "e7c9d11d-77ef-49bc-ad4a-1169bc92c0d9", "splittingValue": "0.0", "splittingAttirbute": "url.logo", "children": [{"uuid": "96342e9f-f80b-4f8c-aef9-14baf4e17ca3", "depth": 5, "parent_uuid": "3230f289-8155-414a-8df5-21175a743dae", "splittingValue": "0.0", "children": [], "isLeaf": true, "prediction": 1.0}, {"uuid": "04a1512a-a389-49df-a2a6-461c473ed449", "depth": 5, "parent_uuid": "3230f289-8155-414a-8df5-21175a743dae", "splittingValue": "1.0", "splittingAttirbute": "height", "children": [{"uuid": "757bba58-34d3-4455-9274-328d0c9e6da1", "depth": 6, "parent_uuid": "04a1512a-a389-49df-a2a6-461c473ed449", "splittingValue": "(25.0, 51.0]", "children": [], "isLeaf": true, "prediction": 1.0}, {"uuid": "6c46e797-5d0e-400b-8c67-c70931789e27", "depth": 6, "parent_uuid": "04a1512a-a389-49df-a2a6-461c473ed449", "splittingValue": "(84.0, 640.0]", "children": [], "isLeaf": true, "prediction": 0.0}], "isLeaf": false}], "isLeaf": false}, {"uuid": "302c2450-1a38-4e8d-b255-9dca7adf4487", "depth": 4, "parent_uuid": "e7c9d11d-77ef-49bc-ad4a-1169bc92c0d9", "splittingValue": "1.0", "children": [], "isLeaf": true, "prediction": 0.0}], "isLeaf": false}], "isLeaf": false}, {"uuid": "f6cc55f0-8613-4831-85ae-1acec979c47c", "depth": 2, "parent_uuid": "c8b48be9-e23d-4dc6-9055-3ebe7d1c4a4b", "splittingValue": "1.0", "splittingAttirbute": "url.members.tripod.com", "children": [{"uuid": "f92f6277-5313-4ca1-af1a-d6eaf06f4197", "depth": 3, "parent_uuid": "f6cc55f0-8613-4831-85ae-1acec979c47c", "splittingValue": "0.0", "splittingAttirbute": "origurl.4301.misfits2", "children": [{"uuid": "72d58888-9d40-45c1-8517-cb72a67dc079", "depth": 4, "parent_uuid": "f92f6277-5313-4ca1-af1a-d6eaf06f4197", "splittingValue": "0.0", "splittingAttirbute": "alt.news", "children": [{"uuid": "1b48269d-a765-4629-9fd1-d02d9cf793b7", "depth": 5, "parent_uuid": "72d58888-9d40-45c1-8517-cb72a67dc079", "splittingValue": "0.0", "splittingAttirbute": "origurl.www.news.observer.com", "children": [{"uuid": "287bcd85-f0a3-4098-bbb3-619c267c1c75", "depth": 6, "parent_uuid": "1b48269d-a765-4629-9fd1-d02d9cf793b7", "splittingValue": "0.0", "splittingAttirbute": "url.pacific.net.sg", "children": [{"uuid": "23630456-bebc-412d-adfe-470b455bf80c", "depth": 7, "parent_uuid": "287bcd85-f0a3-4098-bbb3-619c267c1c75", "splittingValue": "0.0", "children": [], "isLeaf": true, "prediction": 1.0}, {"uuid": "a422c5b4-1dd3-467e-bfc7-902a27ca6427", "depth": 7, "parent_uuid": "287bcd85-f0a3-4098-bbb3-619c267c1c75", "splittingValue": "1.0", "splittingAttirbute": "width", "children": [{"uuid": "a723d8c3-a215-4d10-b34c-78f350391071", "depth": 8, "parent_uuid": "a422c5b4-1dd3-467e-bfc7-902a27ca6427", "splittingValue": "(110.0, 184.0]", "splittingAttirbute": "height", "children": [{"uuid": "3ce8ec5f-70c8-4f17-9776-4fb0173a8b46", "depth": 9, "parent_uuid": "a723d8c3-a215-4d10-b34c-78f350391071", "splittingValue": "(51.0, 84.0]", "splittingAttirbute": "aratio", "children": [{"uuid": "9a2f0520-e301-4a6c-9d97-5f3110b0f08e", "depth": 10, "parent_uuid": "3ce8ec5f-70c8-4f17-9776-4fb0173a8b46", "splittingValue": "(2.102, 5.333]", "splittingAttirbute": "local", "children": [{"uuid": "6448f2e3-b9a3-4ebf-bcb5-e48bfb664724", "depth": 11, "parent_uuid": "9a2f0520-e301-4a6c-9d97-5f3110b0f08e", "splittingValue": "1.0", "splittingAttirbute": "url.images.buttons", "children": [{"uuid": "288c23ac-b0a2-4ec3-af02-530e11fdf6a5", "depth": 12, "parent_uuid": "6448f2e3-b9a3-4ebf-bcb5-e48bfb664724", "splittingValue": "0.0", "splittingAttirbute": "url.likesbooks.com", "children": [{"uuid": "b9418554-d0c4-4756-aa97-e31d0b910c21", "depth": 13, "parent_uuid": "288c23ac-b0a2-4ec3-af02-530e11fdf6a5", "splittingValue": "0.0", "splittingAttirbute": "url.www.slake.com", "children": [{"uuid": "5d1cd62b-6155-4547-8764-589f8cab158d", "depth": 14, "parent_uuid": "b9418554-d0c4-4756-aa97-e31d0b910c21", "splittingValue": "0.0", "splittingAttirbute": "url.hydrogeologist", "children": [{"uuid": "b8c68a2f-ca75-4d92-aedb-4ad4383c4878", "depth": 15, "parent_uuid": "5d1cd62b-6155-4547-8764-589f8cab158d", "splittingValue": "0.0", "splittingAttirbute": "url.oso", "children": [{"uuid": "3c5e59da-b191-4f63-a3aa-11da0ee07d16", "depth": 16, "parent_uuid": "b8c68a2f-ca75-4d92-aedb-4ad4383c4878", "splittingValue": "0.0", "children": [], "isLeaf": true, "prediction": 1.0}], "isLeaf": false}], "isLeaf": false}], "isLeaf": false}], "isLeaf": false}], "isLeaf": false}], "isLeaf": false}], "isLeaf": false}], "isLeaf": false}, {"uuid": "a4344ae9-9523-4c0c-b225-03acd29424d6", "depth": 8, "parent_uuid": "a422c5b4-1dd3-467e-bfc7-902a27ca6427", "splittingValue": "(184.0, 640.0]", "children": [], "isLeaf": true, "prediction": 1.0}], "isLeaf": false}], "isLeaf": false}, {"uuid": "00aa3854-4400-4c53-a25f-75d545508e80", "depth": 6, "parent_uuid": "1b48269d-a765-4629-9fd1-d02d9cf793b7", "splittingValue": "1.0", "splittingAttirbute": "height", "children": [{"uuid": "901d1a00-4cce-45bc-a6df-507eab703a2b", "depth": 7, "parent_uuid": "00aa3854-4400-4c53-a25f-75d545508e80", "splittingValue": "(51.0, 84.0]", "children": [], "isLeaf": true, "prediction": 0.0}, {"uuid": "1df00b47-3abd-497b-b187-d457c130ba3a", "depth": 7, "parent_uuid": "00aa3854-4400-4c53-a25f-75d545508e80", "splittingValue": "(84.0, 640.0]", "children": [], "isLeaf": true, "prediction": 1.0}], "isLeaf": false}], "isLeaf": false}, {"uuid": "01ed65c4-6f58-4184-9fa2-ef145193a79e", "depth": 5, "parent_uuid": "72d58888-9d40-45c1-8517-cb72a67dc079", "splittingValue": "1.0", "children": [], "isLeaf": true, "prediction": 0.0}], "isLeaf": false}, {"uuid": "1b04b8e5-8ac4-4cc5-886e-04052511c362", "depth": 4, "parent_uuid": "f92f6277-5313-4ca1-af1a-d6eaf06f4197", "splittingValue": "1.0", "children": [], "isLeaf": true, "prediction": 0.0}], "isLeaf": false}, {"uuid": "c65bab33-6706-4e59-9a81-ed8de264966a", "depth": 3, "parent_uuid": "f6cc55f0-8613-4831-85ae-1acec979c47c", "splittingValue": "1.0", "children": [], "isLeaf": true, "prediction": 0.0}], "isLeaf": false}], "isLeaf": false}