{"uuid": "6ee287ba-ccfe-4ea4-bd6b-cb4bcf538e7c", "depth": 1, "splittingAttirbute": "ancurl.com", "children": [{"uuid": "28d06501-1791-47ed-ae0b-30092e000074", "depth": 2, "parent_uuid": "6ee287ba-ccfe-4ea4-bd6b-cb4bcf538e7c", "splittingValue": "0.0", "splittingAttirbute": "url.ads", "children": [{"uuid": "3983f137-1056-4bbe-b5ac-893d7fbd1723", "depth": 3, "parent_uuid": "28d06501-1791-47ed-ae0b-30092e000074", "splittingValue": "0.0", "splittingAttirbute": "ancurl.http.www", "children": [{"uuid": "037ada78-ef37-4df5-b8a5-320c272bd125", "depth": 4, "parent_uuid": "3983f137-1056-4bbe-b5ac-893d7fbd1723", "splittingValue": "0.0", "splittingAttirbute": "ancurl.click", "children": [{"uuid": "aeb0e083-997b-4e8b-af8d-af9f7daa32ff", "depth": 5, "parent_uuid": "037ada78-ef37-4df5-b8a5-320c272bd125", "splittingValue": "0.0", "splittingAttirbute": "ancurl.adclick", "children": [{"uuid": "722add2f-3659-4d51-a6eb-927a8f467d3a", "depth": 6, "parent_uuid": "aeb0e083-997b-4e8b-af8d-af9f7daa32ff", "splittingValue": "0.0", "splittingAttirbute": "ancurl.redirect.cgi", "children": [{"uuid": "acbeb1a9-ac00-425f-9cea-42e89061c4c8", "depth": 7, "parent_uuid": "722add2f-3659-4d51-a6eb-927a8f467d3a", "splittingValue": "0.0", "splittingAttirbute": "url.doubleclick.net", "children": [{"uuid": "b4bd34c0-6982-46a2-a76f-aa0c39fdbd97", "depth": 8, "parent_uuid": "acbeb1a9-ac00-425f-9cea-42e89061c4c8", "splittingValue": "0.0", "splittingAttirbute": "alt.your", "children": [{"uuid": "03831ef3-b618-4e32-9203-449f11b1786d", "depth": 9, "parent_uuid": "b4bd34c0-6982-46a2-a76f-aa0c39fdbd97", "splittingValue": "0.0", "splittingAttirbute": "alt.visit.our", "children": [{"uuid": "3ea75cfc-1002-4285-8b4f-6c2d0c848dce", "depth": 10, "parent_uuid": "03831ef3-b618-4e32-9203-449f11b1786d", "splittingValue": "0.0", "splittingAttirbute": "url.www.ireland.today.ie", "children": [{"uuid": "06f1b89f-0318-481c-8b80-b17de1ae62e1", "depth": 11, "parent_uuid": "3ea75cfc-1002-4285-8b4f-6c2d0c848dce", "splittingValue": "0.0", "splittingAttirbute": "origurl.zdnet.com", "children": [{"uuid": "ca522eb4-41da-4d01-ba90-f0aaa73b0b2f", "depth": 12, "parent_uuid": "06f1b89f-0318-481c-8b80-b17de1ae62e1", "splittingValue": "0.0", "splittingAttirbute": "url.memberbanners", "children": [{"uuid": "646e018b-6459-423a-b01e-ea9725ce8a99", "depth": 13, "parent_uuid": "ca522eb4-41da-4d01-ba90-f0aaa73b0b2f", "splittingValue": "0.0", "splittingAttirbute": "url.site", "children": [{"uuid": "51ddd79c-cbaa-4ee8-b88a-81a60ede3089", "depth": 14, "parent_uuid": "646e018b-6459-423a-b01e-ea9725ce8a99", "splittingValue": "0.0", "splittingAttirbute": "url.times", "children": [{"uuid": "4ebe0abc-d05b-4408-b9b4-0a8dff0461ef", "depth": 15, "parent_uuid": "51ddd79c-cbaa-4ee8-b88a-81a60ede3089", "splittingValue": "0.0", "splittingAttirbute": "url.msn.com", "children": [{"uuid": "052e66c9-041c-44ed-bea1-58a2bd83c260", "depth": 16, "parent_uuid": "4ebe0abc-d05b-4408-b9b4-0a8dff0461ef", "splittingValue": "0.0", "children": [], "isLeaf": true, "prediction": 0.0}, {"uuid": "b6633119-41a0-4bdf-bcca-fd91af338afb", "depth": 16, "parent_uuid": "4ebe0abc-d05b-4408-b9b4-0a8dff0461ef", "splittingValue": "1.0", "children": [], "isLeaf": true, "prediction": 1.0}], "isLeaf": false}, {"uuid": "32b27a6d-e824-43ad-a0ce-deffefa23603", "depth": 15, "parent_uuid": "51ddd79c-cbaa-4ee8-b88a-81a60ede3089", "splittingValue": "1.0", "children": [], "isLeaf": true, "prediction": 1.0}], "isLeaf": false}, {"uuid": "44d608c1-ad73-4b79-8ece-72ca6e2b9b71", "depth": 14, "parent_uuid": "646e018b-6459-423a-b01e-ea9725ce8a99", "splittingValue": "1.0", "children": [], "isLeaf": true, "prediction": 1.0}], "isLeaf": false}, {"uuid": "264117ff-124b-4bf7-96e8-1c1d66f904f8", "depth": 13, "parent_uuid": "ca522eb4-41da-4d01-ba90-f0aaa73b0b2f", "splittingValue": "1.0", "splittingAttirbute": "origurl.hollywood.9662", "children": [{"uuid": "cc2c9f20-3c2f-475a-abab-a7d762822171", "depth": 14, "parent_uuid": "264117ff-124b-4bf7-96e8-1c1d66f904f8", "splittingValue": "0.0", "children": [], "isLeaf": true, "prediction": 1.0}, {"uuid": "7e19125e-ee71-4a1f-80e9-9e52fa13154c", "depth": 14, "parent_uuid": "264117ff-124b-4bf7-96e8-1c1d66f904f8", "splittingValue": "1.0", "children": [], "isLeaf": true, "prediction": 0.0}], "isLeaf": false}], "isLeaf": false}, {"uuid": "a7ce452e-c4df-4541-81d8-0f6a7a98d568", "depth": 12, "parent_uuid": "06f1b89f-0318-481c-8b80-b17de1ae62e1", "splittingValue": "1.0", "children": [], "isLeaf": true, "prediction": 1.0}], "isLeaf": false}, {"uuid": "0f7b5859-d895-4e80-bc88-c56cbd96380f", "depth": 11, "parent_uuid": "3ea75cfc-1002-4285-8b4f-6c2d0c848dce", "splittingValue": "1.0", "children": [], "isLeaf": true, "prediction": 1.0}], "isLeaf": false}, {"uuid": "8718220f-915a-41d7-8d33-4aab7b1faa49", "depth": 10, "parent_uuid": "03831ef3-b618-4e32-9203-449f11b1786d", "splittingValue": "1.0", "children": [], "isLeaf": true, "prediction": 1.0}], "isLeaf": false}, {"uuid": "ae0d0099-991b-40d3-8a48-7d280bb5bfc2", "depth": 9, "parent_uuid": "b4bd34c0-6982-46a2-a76f-aa0c39fdbd97", "splittingValue": "1.0", "children": [], "isLeaf": true, "prediction": 1.0}], "isLeaf": false}, {"uuid": "a03d5e15-da93-42fd-a9c1-728d291c7473", "depth": 8, "parent_uuid": "acbeb1a9-ac00-425f-9cea-42e89061c4c8", "splittingValue": "1.0", "children": [], "isLeaf": true, "prediction": 1.0}], "isLeaf": false}, {"uuid": "1a80bb32-ba86-421c-bad1-ed1bc2361d1a", "depth": 7, "parent_uuid": "722add2f-3659-4d51-a6eb-927a8f467d3a", "splittingValue": "1.0", "children": [], "isLeaf": true, "prediction": 1.0}], "isLeaf": false}, {"uuid": "80748062-864e-4a6a-bb7f-10266fcf3aaa", "depth": 6, "parent_uuid": "aeb0e083-997b-4e8b-af8d-af9f7daa32ff", "splittingValue": "1.0", "children": [], "isLeaf": true, "prediction": 1.0}], "isLeaf": false}, {"uuid": "bdd53640-fef5-45e6-b45a-0d3c5acdc098", "depth": 5, "parent_uuid": "037ada78-ef37-4df5-b8a5-320c272bd125", "splittingValue": "1.0", "children": [], "isLeaf": true, "prediction": 1.0}], "isLeaf": false}, {"uuid": "23894628-30f5-4ba8-a2f0-692d7c3456d1", "depth": 4, "parent_uuid": "3983f137-1056-4bbe-b5ac-893d7fbd1723", "splittingValue": "1.0", "children": [], "isLeaf": true, "prediction": 1.0}], "isLeaf": false}, {"uuid": "65ab96fb-1be1-4f54-b098-9e385b02cd80", "depth": 3, "parent_uuid": "28d06501-1791-47ed-ae0b-30092e000074", "splittingValue": "1.0", "splittingAttirbute": "local", "children": [{"uuid": "6638974e-d4e1-470b-bf90-9a84f15831f6", "depth": 4, "parent_uuid": "65ab96fb-1be1-4f54-b098-9e385b02cd80", "splittingValue": "1.0", "splittingAttirbute": "url.logo", "children": [{"uuid": "b58b36ad-9779-42ac-8fc5-e1520160bffc", "depth": 5, "parent_uuid": "6638974e-d4e1-470b-bf90-9a84f15831f6", "splittingValue": "0.0", "splittingAttirbute": "origurl.football", "children": [{"uuid": "9b4078d9-e79c-48b9-bc94-b38ddc15c8db", "depth": 6, "parent_uuid": "b58b36ad-9779-42ac-8fc5-e1520160bffc", "splittingValue": "0.0", "children": [], "isLeaf": true, "prediction": 1.0}, {"uuid": "20b01fc4-0c79-470b-bd3d-d2aa97c851c7", "depth": 6, "parent_uuid": "b58b36ad-9779-42ac-8fc5-e1520160bffc", "splittingValue": "1.0", "children": [], "isLeaf": true, "prediction": 0.0}], "isLeaf": false}, {"uuid": "d156acff-9292-4968-a5d2-7215962485a6", "depth": 5, "parent_uuid": "6638974e-d4e1-470b-bf90-9a84f15831f6", "splittingValue": "1.0", "children": [], "isLeaf": true, "prediction": 0.0}], "isLeaf": false}, {"uuid": "587f928d-618f-441e-8bac-77ef0d2441b1", "depth": 4, "parent_uuid": "65ab96fb-1be1-4f54-b098-9e385b02cd80", "splittingValue": "0.0", "children": [], "isLeaf": true, "prediction": 0.0}], "isLeaf": false}], "isLeaf": false}, {"uuid": "c137f116-cdb6-48fd-9e10-3421ac91745a", "depth": 2, "parent_uuid": "6ee287ba-ccfe-4ea4-bd6b-cb4bcf538e7c", "splittingValue": "1.0", "splittingAttirbute": "url.members.tripod.com", "children": [{"uuid": "b1a6eea2-a946-4ff2-a9e7-f1a2f0491c10", "depth": 3, "parent_uuid": "c137f116-cdb6-48fd-9e10-3421ac91745a", "splittingValue": "0.0", "splittingAttirbute": "origurl.4301.misfits2", "children": [{"uuid": "90c634f2-2455-4ea8-a100-38d2349ba062", "depth": 4, "parent_uuid": "b1a6eea2-a946-4ff2-a9e7-f1a2f0491c10", "splittingValue": "0.0", "splittingAttirbute": "alt.news", "children": [{"uuid": "14a5443e-12ed-4caa-90ea-cf3525e0de6c", "depth": 5, "parent_uuid": "90c634f2-2455-4ea8-a100-38d2349ba062", "splittingValue": "0.0", "splittingAttirbute": "origurl.www.news.observer.com", "children": [{"uuid": "fc106982-d663-45d0-bdb7-e191219169c6", "depth": 6, "parent_uuid": "14a5443e-12ed-4caa-90ea-cf3525e0de6c", "splittingValue": "0.0", "splittingAttirbute": "url.pacific.net.sg", "children": [{"uuid": "38489f31-c008-440c-be56-19da2452bf53", "depth": 7, "parent_uuid": "fc106982-d663-45d0-bdb7-e191219169c6", "splittingValue": "0.0", "children": [], "isLeaf": true, "prediction": 1.0}, {"uuid": "68b8d2f2-a820-4793-bf19-292db26c21fd", "depth": 7, "parent_uuid": "fc106982-d663-45d0-bdb7-e191219169c6", "splittingValue": "1.0", "splittingAttirbute": "width", "children": [{"uuid": "b8c6cd0b-93b5-41a0-a4cc-3b7611c8d65b", "depth": 8, "parent_uuid": "68b8d2f2-a820-4793-bf19-292db26c21fd", "splittingValue": "(110.0, 184.0]", "splittingAttirbute": "height", "children": [{"uuid": "c6b13118-1cc5-4525-91e1-fffbc29362d6", "depth": 9, "parent_uuid": "b8c6cd0b-93b5-41a0-a4cc-3b7611c8d65b", "splittingValue": "(51.0, 84.0]", "splittingAttirbute": "aratio", "children": [{"uuid": "ea013986-c153-4825-9405-3c967fdd1f3b", "depth": 10, "parent_uuid": "c6b13118-1cc5-4525-91e1-fffbc29362d6", "splittingValue": "(2.102, 5.333]", "splittingAttirbute": "local", "children": [{"uuid": "bef311d9-223f-400e-a174-21f80e3a2786", "depth": 11, "parent_uuid": "ea013986-c153-4825-9405-3c967fdd1f3b", "splittingValue": "1.0", "splittingAttirbute": "url.images.buttons", "children": [{"uuid": "0eaff73b-8dcd-4ab1-8eb1-e9349e8798ab", "depth": 12, "parent_uuid": "bef311d9-223f-400e-a174-21f80e3a2786", "splittingValue": "0.0", "splittingAttirbute": "url.likesbooks.com", "children": [{"uuid": "6f28b3c7-b511-4839-9c96-21ab7b9cfa68", "depth": 13, "parent_uuid": "0eaff73b-8dcd-4ab1-8eb1-e9349e8798ab", "splittingValue": "0.0", "splittingAttirbute": "url.www.slake.com", "children": [{"uuid": "c4e3c7d9-ee30-4de4-a5df-958f38a3a6ff", "depth": 14, "parent_uuid": "6f28b3c7-b511-4839-9c96-21ab7b9cfa68", "splittingValue": "0.0", "splittingAttirbute": "url.hydrogeologist", "children": [{"uuid": "23149ee3-cf1f-4ba5-9fd5-40b56d54991c", "depth": 15, "parent_uuid": "c4e3c7d9-ee30-4de4-a5df-958f38a3a6ff", "splittingValue": "0.0", "splittingAttirbute": "url.oso", "children": [{"uuid": "88ab4cee-f851-4403-9294-795293288f48", "depth": 16, "parent_uuid": "23149ee3-cf1f-4ba5-9fd5-40b56d54991c", "splittingValue": "0.0", "children": [], "isLeaf": true, "prediction": 1.0}], "isLeaf": false}], "isLeaf": false}], "isLeaf": false}], "isLeaf": false}], "isLeaf": false}], "isLeaf": false}], "isLeaf": false}], "isLeaf": false}, {"uuid": "85646073-0118-4069-9965-5efd9de36c64", "depth": 8, "parent_uuid": "68b8d2f2-a820-4793-bf19-292db26c21fd", "splittingValue": "(184.0, 640.0]", "children": [], "isLeaf": true, "prediction": 1.0}], "isLeaf": false}], "isLeaf": false}, {"uuid": "15f07bf7-f22d-4b5f-83ed-e0bb5aba7599", "depth": 6, "parent_uuid": "14a5443e-12ed-4caa-90ea-cf3525e0de6c", "splittingValue": "1.0", "splittingAttirbute": "height", "children": [{"uuid": "496b4e9b-3b29-46bd-bce8-74707ec80d6f", "depth": 7, "parent_uuid": "15f07bf7-f22d-4b5f-83ed-e0bb5aba7599", "splittingValue": "(51.0, 84.0]", "children": [], "isLeaf": true, "prediction": 0.0}, {"uuid": "43462492-a952-4c74-b32d-398f6517ddde", "depth": 7, "parent_uuid": "15f07bf7-f22d-4b5f-83ed-e0bb5aba7599", "splittingValue": "(84.0, 640.0]", "children": [], "isLeaf": true, "prediction": 1.0}], "isLeaf": false}], "isLeaf": false}, {"uuid": "32e44b66-1fb2-4091-9821-c126a5396eaf", "depth": 5, "parent_uuid": "90c634f2-2455-4ea8-a100-38d2349ba062", "splittingValue": "1.0", "children": [], "isLeaf": true, "prediction": 0.0}], "isLeaf": false}, {"uuid": "75792dc4-8f5a-4191-b8e0-fcf70c425e7a", "depth": 4, "parent_uuid": "b1a6eea2-a946-4ff2-a9e7-f1a2f0491c10", "splittingValue": "1.0", "children": [], "isLeaf": true, "prediction": 0.0}], "isLeaf": false}, {"uuid": "b8cf73f9-ace9-478a-b465-d135ec383a56", "depth": 3, "parent_uuid": "c137f116-cdb6-48fd-9e10-3421ac91745a", "splittingValue": "1.0", "children": [], "isLeaf": true, "prediction": 0.0}], "isLeaf": false}], "isLeaf": false}