{"uuid": "152191e4-1127-4b2d-ad57-136b38d69910", "depth": 1, "splittingAttirbute": "ancurl.com", "children": [{"uuid": "67542e61-e854-4804-bffd-677b95b02a11", "depth": 2, "parent_uuid": "152191e4-1127-4b2d-ad57-136b38d69910", "splittingValue": "0.0", "splittingAttirbute": "url.ads", "children": [{"uuid": "735cb1b7-87fd-4e4f-a33d-365161fe1f72", "depth": 3, "parent_uuid": "67542e61-e854-4804-bffd-677b95b02a11", "splittingValue": "0.0", "splittingAttirbute": "ancurl.http.www", "children": [{"uuid": "4dfa4c28-f4b6-43de-9d18-8f374eb208c3", "depth": 4, "parent_uuid": "735cb1b7-87fd-4e4f-a33d-365161fe1f72", "splittingValue": "0.0", "splittingAttirbute": "ancurl.click", "children": [{"uuid": "8ae9eeeb-97ca-420e-926d-18495d20ed8a", "depth": 5, "parent_uuid": "4dfa4c28-f4b6-43de-9d18-8f374eb208c3", "splittingValue": "0.0", "splittingAttirbute": "ancurl.adclick", "children": [{"uuid": "4aac2c7e-e3bf-4d48-a8d8-22efd64da1df", "depth": 6, "parent_uuid": "8ae9eeeb-97ca-420e-926d-18495d20ed8a", "splittingValue": "0.0", "splittingAttirbute": "url.doubleclick.net", "children": [{"uuid": "bcedf5df-e63c-4918-b788-c5ef7e7fa399", "depth": 7, "parent_uuid": "4aac2c7e-e3bf-4d48-a8d8-22efd64da1df", "splittingValue": "0.0", "splittingAttirbute": "ancurl.page", "children": [{"uuid": "6b08199d-c1f1-4dda-b760-4e75dad1e092", "depth": 8, "parent_uuid": "bcedf5df-e63c-4918-b788-c5ef7e7fa399", "splittingValue": "0.0", "splittingAttirbute": "alt.visit.our", "children": [{"uuid": "ffef44f4-a281-4d99-92c8-c74989672f2e", "depth": 9, "parent_uuid": "6b08199d-c1f1-4dda-b760-4e75dad1e092", "splittingValue": "0.0", "splittingAttirbute": "origurl.jun", "children": [{"uuid": "2ddce104-4f88-4166-9397-7266439dee91", "depth": 10, "parent_uuid": "ffef44f4-a281-4d99-92c8-c74989672f2e", "splittingValue": "0.0", "splittingAttirbute": "ancurl.go", "children": [{"uuid": "f7c1671c-6944-477f-8add-809b47e73e0f", "depth": 11, "parent_uuid": "2ddce104-4f88-4166-9397-7266439dee91", "splittingValue": "0.0", "splittingAttirbute": "ancurl.plx", "children": [{"uuid": "5a500911-b3b6-4bcd-8f0c-dfff9cfa3b23", "depth": 12, "parent_uuid": "f7c1671c-6944-477f-8add-809b47e73e0f", "splittingValue": "0.0", "splittingAttirbute": "url.memberbanners", "children": [{"uuid": "f935fd95-89e2-442e-8f05-51f03ff4e92f", "depth": 13, "parent_uuid": "5a500911-b3b6-4bcd-8f0c-dfff9cfa3b23", "splittingValue": "0.0", "splittingAttirbute": "url.site", "children": [{"uuid": "7bae1495-9bdd-408e-83f6-b47e6ae5ac23", "depth": 14, "parent_uuid": "f935fd95-89e2-442e-8f05-51f03ff4e92f", "splittingValue": "0.0", "splittingAttirbute": "url.times", "children": [{"uuid": "88a76963-8192-4f3e-86a7-825f3fb49a5f", "depth": 15, "parent_uuid": "7bae1495-9bdd-408e-83f6-b47e6ae5ac23", "splittingValue": "0.0", "splittingAttirbute": "url.banner.gif", "children": [{"uuid": "0fa983a2-3dcb-408b-a302-cb0cbde6403e", "depth": 16, "parent_uuid": "88a76963-8192-4f3e-86a7-825f3fb49a5f", "splittingValue": "0.0", "children": [], "isLeaf": true, "prediction": 0.0}, {"uuid": "dd1f226d-e300-4ae7-8a28-ee3a32f08931", "depth": 16, "parent_uuid": "88a76963-8192-4f3e-86a7-825f3fb49a5f", "splittingValue": "1.0", "children": [], "isLeaf": true, "prediction": 1.0}], "isLeaf": false}, {"uuid": "75323725-07b4-4cb3-8354-3c732c7402f2", "depth": 15, "parent_uuid": "7bae1495-9bdd-408e-83f6-b47e6ae5ac23", "splittingValue": "1.0", "children": [], "isLeaf": true, "prediction": 1.0}], "isLeaf": false}, {"uuid": "2fd5af13-4db0-40d2-ab0c-0e23c9784f2c", "depth": 14, "parent_uuid": "f935fd95-89e2-442e-8f05-51f03ff4e92f", "splittingValue": "1.0", "children": [], "isLeaf": true, "prediction": 1.0}], "isLeaf": false}, {"uuid": "51ef34d9-a931-4bc4-99a3-e61cd10003b9", "depth": 13, "parent_uuid": "5a500911-b3b6-4bcd-8f0c-dfff9cfa3b23", "splittingValue": "1.0", "splittingAttirbute": "origurl.hollywood.9662", "children": [{"uuid": "127f6eea-177c-428e-a6aa-596b1f6891cb", "depth": 14, "parent_uuid": "51ef34d9-a931-4bc4-99a3-e61cd10003b9", "splittingValue": "0.0", "children": [], "isLeaf": true, "prediction": 1.0}, {"uuid": "2ff0e959-4d69-4847-af10-7d59b3c02cfd", "depth": 14, "parent_uuid": "51ef34d9-a931-4bc4-99a3-e61cd10003b9", "splittingValue": "1.0", "children": [], "isLeaf": true, "prediction": 0.0}], "isLeaf": false}], "isLeaf": false}, {"uuid": "cbca7d27-180e-44cc-b63f-09a5f3cc3f9f", "depth": 12, "parent_uuid": "f7c1671c-6944-477f-8add-809b47e73e0f", "splittingValue": "1.0", "children": [], "isLeaf": true, "prediction": 1.0}], "isLeaf": false}, {"uuid": "f88b0826-5cf4-41a4-b0b9-097fae357182", "depth": 11, "parent_uuid": "2ddce104-4f88-4166-9397-7266439dee91", "splittingValue": "1.0", "children": [], "isLeaf": true, "prediction": 1.0}], "isLeaf": false}, {"uuid": "847a0fba-e5e2-4a1e-9c06-204d353d3180", "depth": 10, "parent_uuid": "ffef44f4-a281-4d99-92c8-c74989672f2e", "splittingValue": "1.0", "children": [], "isLeaf": true, "prediction": 1.0}], "isLeaf": false}, {"uuid": "9b79da62-b502-4f3d-936f-283010b1c1e0", "depth": 9, "parent_uuid": "6b08199d-c1f1-4dda-b760-4e75dad1e092", "splittingValue": "1.0", "children": [], "isLeaf": true, "prediction": 1.0}], "isLeaf": false}, {"uuid": "4e0544d5-177b-4262-bbd9-a116c17f6a10", "depth": 8, "parent_uuid": "bcedf5df-e63c-4918-b788-c5ef7e7fa399", "splittingValue": "1.0", "children": [], "isLeaf": true, "prediction": 1.0}], "isLeaf": false}, {"uuid": "d301f030-2f76-4208-a55c-d316099f31d8", "depth": 7, "parent_uuid": "4aac2c7e-e3bf-4d48-a8d8-22efd64da1df", "splittingValue": "1.0", "children": [], "isLeaf": true, "prediction": 1.0}], "isLeaf": false}, {"uuid": "58390ea0-fee9-43f8-a7f9-1ab4d48e0688", "depth": 6, "parent_uuid": "8ae9eeeb-97ca-420e-926d-18495d20ed8a", "splittingValue": "1.0", "children": [], "isLeaf": true, "prediction": 1.0}], "isLeaf": false}, {"uuid": "9df8a5c0-1197-4028-84ed-b413395632ae", "depth": 5, "parent_uuid": "4dfa4c28-f4b6-43de-9d18-8f374eb208c3", "splittingValue": "1.0", "children": [], "isLeaf": true, "prediction": 1.0}], "isLeaf": false}, {"uuid": "297e9bb3-950f-480c-9610-01003dfc6fbb", "depth": 4, "parent_uuid": "735cb1b7-87fd-4e4f-a33d-365161fe1f72", "splittingValue": "1.0", "children": [], "isLeaf": true, "prediction": 1.0}], "isLeaf": false}, {"uuid": "960bf04e-741b-4f0c-8aaf-84636faf4044", "depth": 3, "parent_uuid": "67542e61-e854-4804-bffd-677b95b02a11", "splittingValue": "1.0", "splittingAttirbute": "url.www.wednet.com", "children": [{"uuid": "34101a98-1828-4deb-89eb-9de1fcc299dc", "depth": 4, "parent_uuid": "960bf04e-741b-4f0c-8aaf-84636faf4044", "splittingValue": "0.0", "splittingAttirbute": "origurl.football", "children": [{"uuid": "e10417f6-f077-44d8-91cb-f4cd576e3fc2", "depth": 5, "parent_uuid": "34101a98-1828-4deb-89eb-9de1fcc299dc", "splittingValue": "0.0", "splittingAttirbute": "url.logo", "children": [{"uuid": "8ce65d06-cf4a-4e47-93fe-fa41ffd7b0ce", "depth": 6, "parent_uuid": "e10417f6-f077-44d8-91cb-f4cd576e3fc2", "splittingValue": "0.0", "children": [], "isLeaf": true, "prediction": 1.0}, {"uuid": "0afcaca5-b2df-4d37-bb40-9477c4a6cd09", "depth": 6, "parent_uuid": "e10417f6-f077-44d8-91cb-f4cd576e3fc2", "splittingValue": "1.0", "splittingAttirbute": "height", "children": [{"uuid": "ee1555be-0438-4f84-a7d7-efed14c1aa06", "depth": 7, "parent_uuid": "0afcaca5-b2df-4d37-bb40-9477c4a6cd09", "splittingValue": "(25.0, 51.0]", "children": [], "isLeaf": true, "prediction": 1.0}, {"uuid": "2dc828ec-5ade-4359-a51b-bf93e573b94d", "depth": 7, "parent_uuid": "0afcaca5-b2df-4d37-bb40-9477c4a6cd09", "splittingValue": "(84.0, 640.0]", "children": [], "isLeaf": true, "prediction": 0.0}], "isLeaf": false}], "isLeaf": false}, {"uuid": "91aea80c-5f8b-4ad2-8f0b-92525c1e76b3", "depth": 5, "parent_uuid": "34101a98-1828-4deb-89eb-9de1fcc299dc", "splittingValue": "1.0", "children": [], "isLeaf": true, "prediction": 0.0}], "isLeaf": false}, {"uuid": "cd95aa1c-f9e2-4120-95fe-028ba81d5305", "depth": 4, "parent_uuid": "960bf04e-741b-4f0c-8aaf-84636faf4044", "splittingValue": "1.0", "children": [], "isLeaf": true, "prediction": 0.0}], "isLeaf": false}], "isLeaf": false}, {"uuid": "4e99148c-8799-46ff-b359-b8c82554ae14", "depth": 2, "parent_uuid": "152191e4-1127-4b2d-ad57-136b38d69910", "splittingValue": "1.0", "splittingAttirbute": "url.members.tripod.com", "children": [{"uuid": "10895e19-844f-4998-90b9-bcc000af569a", "depth": 3, "parent_uuid": "4e99148c-8799-46ff-b359-b8c82554ae14", "splittingValue": "0.0", "splittingAttirbute": "origurl.4301.misfits2", "children": [{"uuid": "1e2559c2-f24a-44eb-8224-3ab5af011330", "depth": 4, "parent_uuid": "10895e19-844f-4998-90b9-bcc000af569a", "splittingValue": "0.0", "splittingAttirbute": "url.pacific.net.sg", "children": [{"uuid": "9d45db8e-995c-470a-a09b-c23e7cab1ce3", "depth": 5, "parent_uuid": "1e2559c2-f24a-44eb-8224-3ab5af011330", "splittingValue": "0.0", "children": [], "isLeaf": true, "prediction": 1.0}, {"uuid": "7bf7e08c-4cce-4dbf-a349-ef81bd9d340f", "depth": 5, "parent_uuid": "1e2559c2-f24a-44eb-8224-3ab5af011330", "splittingValue": "1.0", "splittingAttirbute": "width", "children": [{"uuid": "b5b19ff1-1662-4137-b988-cd0de73533f8", "depth": 6, "parent_uuid": "7bf7e08c-4cce-4dbf-a349-ef81bd9d340f", "splittingValue": "(110.0, 184.0]", "splittingAttirbute": "height", "children": [{"uuid": "6fbc8fe5-3bb3-471c-9375-f15a3cc5ef72", "depth": 7, "parent_uuid": "b5b19ff1-1662-4137-b988-cd0de73533f8", "splittingValue": "(51.0, 84.0]", "splittingAttirbute": "aratio", "children": [{"uuid": "69399ff3-6635-4490-878b-da7359297f3a", "depth": 8, "parent_uuid": "6fbc8fe5-3bb3-471c-9375-f15a3cc5ef72", "splittingValue": "(2.102, 5.333]", "splittingAttirbute": "local", "children": [{"uuid": "da7318a2-1e55-489d-ad60-514e712b968e", "depth": 9, "parent_uuid": "69399ff3-6635-4490-878b-da7359297f3a", "splittingValue": "1.0", "splittingAttirbute": "url.images.buttons", "children": [{"uuid": "126adc8a-f90e-47ac-969b-a2c090a5849f", "depth": 10, "parent_uuid": "da7318a2-1e55-489d-ad60-514e712b968e", "splittingValue": "0.0", "splittingAttirbute": "url.likesbooks.com", "children": [{"uuid": "5295bd5c-1941-450e-88d6-2af9c7a895ea", "depth": 11, "parent_uuid": "126adc8a-f90e-47ac-969b-a2c090a5849f", "splittingValue": "0.0", "splittingAttirbute": "url.www.slake.com", "children": [{"uuid": "7935caa3-d115-48ed-8be2-2c91442128cc", "depth": 12, "parent_uuid": "5295bd5c-1941-450e-88d6-2af9c7a895ea", "splittingValue": "0.0", "splittingAttirbute": "url.hydrogeologist", "children": [{"uuid": "6ca13e1c-e235-4b12-a373-e8c481ab8235", "depth": 13, "parent_uuid": "7935caa3-d115-48ed-8be2-2c91442128cc", "splittingValue": "0.0", "splittingAttirbute": "url.oso", "children": [{"uuid": "218a4205-1066-4d0f-bf09-683da8658cb3", "depth": 14, "parent_uuid": "6ca13e1c-e235-4b12-a373-e8c481ab8235", "splittingValue": "0.0", "splittingAttirbute": "url.media", "children": [{"uuid": "8f0b0b78-009a-4554-af4a-c75c2d13db7a", "depth": 15, "parent_uuid": "218a4205-1066-4d0f-bf09-683da8658cb3", "splittingValue": "0.0", "splittingAttirbute": "url.peace.images", "children": [{"uuid": "8e0c79c7-c142-48a8-818e-a9d3d5506465", "depth": 16, "parent_uuid": "8f0b0b78-009a-4554-af4a-c75c2d13db7a", "splittingValue": "0.0", "children": [], "isLeaf": true, "prediction": 1.0}], "isLeaf": false}], "isLeaf": false}], "isLeaf": false}], "isLeaf": false}], "isLeaf": false}], "isLeaf": false}], "isLeaf": false}], "isLeaf": false}], "isLeaf": false}], "isLeaf": false}, {"uuid": "d1bf105e-88e4-48b2-bded-41d54d412a69", "depth": 6, "parent_uuid": "7bf7e08c-4cce-4dbf-a349-ef81bd9d340f", "splittingValue": "(184.0, 640.0]", "children": [], "isLeaf": true, "prediction": 1.0}], "isLeaf": false}], "isLeaf": false}, {"uuid": "36fe4d74-3c6a-4a0d-9090-25c6f089b269", "depth": 4, "parent_uuid": "10895e19-844f-4998-90b9-bcc000af569a", "splittingValue": "1.0", "children": [], "isLeaf": true, "prediction": 0.0}], "isLeaf": false}, {"uuid": "58408be8-cf02-4c04-a285-8e404f8090b4", "depth": 3, "parent_uuid": "4e99148c-8799-46ff-b359-b8c82554ae14", "splittingValue": "1.0", "children": [], "isLeaf": true, "prediction": 0.0}], "isLeaf": false}], "isLeaf": false}