{"uuid": "45fa6af6-80d2-43d5-af1b-a8037991376b", "depth": 1, "splittingAttirbute": "ancurl.com", "children": [{"uuid": "09ec7163-01cd-4794-9df8-6185fc260cb9", "depth": 2, "parent_uuid": "45fa6af6-80d2-43d5-af1b-a8037991376b", "splittingValue": "0.0", "splittingAttirbute": "url.ads", "children": [{"uuid": "80d8b6ae-7dc1-4fe7-bad6-eb08b527557b", "depth": 3, "parent_uuid": "09ec7163-01cd-4794-9df8-6185fc260cb9", "splittingValue": "0.0", "splittingAttirbute": "ancurl.uk", "children": [{"uuid": "2de03988-66e8-4e1d-826f-f4046e919540", "depth": 4, "parent_uuid": "80d8b6ae-7dc1-4fe7-bad6-eb08b527557b", "splittingValue": "0.0", "splittingAttirbute": "ancurl.click", "children": [{"uuid": "917d83fe-9ffc-4cc5-a624-7d7c02827b71", "depth": 5, "parent_uuid": "2de03988-66e8-4e1d-826f-f4046e919540", "splittingValue": "0.0", "splittingAttirbute": "url.bin", "children": [{"uuid": "cef49099-b829-426f-820e-edc1caa24c39", "depth": 6, "parent_uuid": "917d83fe-9ffc-4cc5-a624-7d7c02827b71", "splittingValue": "0.0", "splittingAttirbute": "url.memberbanners", "children": [{"uuid": "27f63b0e-cdeb-490d-90b6-99772f2f823c", "depth": 7, "parent_uuid": "cef49099-b829-426f-820e-edc1caa24c39", "splittingValue": "0.0", "splittingAttirbute": "url.ad", "children": [{"uuid": "7fc79ebc-51b8-4176-8cc5-ad36d5936b00", "depth": 8, "parent_uuid": "27f63b0e-cdeb-490d-90b6-99772f2f823c", "splittingValue": "0.0", "splittingAttirbute": "alt.click", "children": [{"uuid": "a8225ebd-f119-49ea-997a-bbc225819d8f", "depth": 9, "parent_uuid": "7fc79ebc-51b8-4176-8cc5-ad36d5936b00", "splittingValue": "0.0", "splittingAttirbute": "origurl.jun", "children": [{"uuid": "8019a5f4-78a8-473a-8727-5b1d1ff508e8", "depth": 10, "parent_uuid": "a8225ebd-f119-49ea-997a-bbc225819d8f", "splittingValue": "0.0", "splittingAttirbute": "url.uk", "children": [{"uuid": "fcb732ec-c158-4c72-9b01-53e604f5d04f", "depth": 11, "parent_uuid": "8019a5f4-78a8-473a-8727-5b1d1ff508e8", "splittingValue": "0.0", "splittingAttirbute": "ancurl.cid", "children": [{"uuid": "0bdcd198-c6b6-49bd-b762-db8d61ba061d", "depth": 12, "parent_uuid": "fcb732ec-c158-4c72-9b01-53e604f5d04f", "splittingValue": "0.0", "splittingAttirbute": "alt.visit.our", "children": [{"uuid": "ed01eb08-93c5-4476-84e0-682b1683bb87", "depth": 13, "parent_uuid": "0bdcd198-c6b6-49bd-b762-db8d61ba061d", "splittingValue": "0.0", "splittingAttirbute": "origurl.zdnet.com", "children": [{"uuid": "639c090b-7be0-4b58-b1d7-dd2710ed9df7", "depth": 14, "parent_uuid": "ed01eb08-93c5-4476-84e0-682b1683bb87", "splittingValue": "0.0", "splittingAttirbute": "alt.find", "children": [{"uuid": "d2c32e5d-5d3f-4d76-b587-5f6f6d9468a3", "depth": 15, "parent_uuid": "639c090b-7be0-4b58-b1d7-dd2710ed9df7", "splittingValue": "0.0", "splittingAttirbute": "url.banner.gif", "children": [{"uuid": "1d76a005-c199-4ea8-9914-c3291bec554b", "depth": 16, "parent_uuid": "d2c32e5d-5d3f-4d76-b587-5f6f6d9468a3", "splittingValue": "0.0", "children": [], "isLeaf": true, "prediction": 0.0}, {"uuid": "d14bf242-f04e-4a40-9750-5e28e168335a", "depth": 16, "parent_uuid": "d2c32e5d-5d3f-4d76-b587-5f6f6d9468a3", "splittingValue": "1.0", "children": [], "isLeaf": true, "prediction": 1.0}], "isLeaf": false}, {"uuid": "a526012c-d62e-4e39-b2a7-12035352f92a", "depth": 15, "parent_uuid": "639c090b-7be0-4b58-b1d7-dd2710ed9df7", "splittingValue": "1.0", "children": [], "isLeaf": true, "prediction": 1.0}], "isLeaf": false}, {"uuid": "f36738c6-8ba6-4b15-b4c9-44ef57fd6b4b", "depth": 14, "parent_uuid": "ed01eb08-93c5-4476-84e0-682b1683bb87", "splittingValue": "1.0", "children": [], "isLeaf": true, "prediction": 1.0}], "isLeaf": false}, {"uuid": "d9f04529-2488-4941-9a66-1a9042b271c3", "depth": 13, "parent_uuid": "0bdcd198-c6b6-49bd-b762-db8d61ba061d", "splittingValue": "1.0", "children": [], "isLeaf": true, "prediction": 1.0}], "isLeaf": false}, {"uuid": "23df4054-f6ab-4e40-b3bd-f175d197f043", "depth": 12, "parent_uuid": "fcb732ec-c158-4c72-9b01-53e604f5d04f", "splittingValue": "1.0", "children": [], "isLeaf": true, "prediction": 1.0}], "isLeaf": false}, {"uuid": "f9671841-76d4-40e3-b7b3-a0230ab75857", "depth": 11, "parent_uuid": "8019a5f4-78a8-473a-8727-5b1d1ff508e8", "splittingValue": "1.0", "children": [], "isLeaf": true, "prediction": 1.0}], "isLeaf": false}, {"uuid": "ff430612-2b38-4923-8c0c-26639c6f2cb6", "depth": 10, "parent_uuid": "a8225ebd-f119-49ea-997a-bbc225819d8f", "splittingValue": "1.0", "children": [], "isLeaf": true, "prediction": 1.0}], "isLeaf": false}, {"uuid": "f03e9f4c-cc8e-4170-a334-5f2166652845", "depth": 9, "parent_uuid": "7fc79ebc-51b8-4176-8cc5-ad36d5936b00", "splittingValue": "1.0", "splittingAttirbute": "alt.to", "children": [{"uuid": "745e1162-91d7-414d-b6ff-a943139563c2", "depth": 10, "parent_uuid": "f03e9f4c-cc8e-4170-a334-5f2166652845", "splittingValue": "1.0", "splittingAttirbute": "origurl.index.htm", "children": [{"uuid": "647546d9-8f9d-45bd-a000-8c1b60f545eb", "depth": 11, "parent_uuid": "745e1162-91d7-414d-b6ff-a943139563c2", "splittingValue": "0.0", "splittingAttirbute": "alt.visit.our", "children": [{"uuid": "8060265d-311d-4605-b6ba-32905563cabf", "depth": 12, "parent_uuid": "647546d9-8f9d-45bd-a000-8c1b60f545eb", "splittingValue": "0.0", "children": [], "isLeaf": true, "prediction": 0.0}, {"uuid": "bc57dc5d-acb2-4943-8f27-75af41a10e29", "depth": 12, "parent_uuid": "647546d9-8f9d-45bd-a000-8c1b60f545eb", "splittingValue": "1.0", "children": [], "isLeaf": true, "prediction": 1.0}], "isLeaf": false}, {"uuid": "7c4c5e6d-a500-4678-bbe9-3a1bd60aebbd", "depth": 11, "parent_uuid": "745e1162-91d7-414d-b6ff-a943139563c2", "splittingValue": "1.0", "children": [], "isLeaf": true, "prediction": 1.0}], "isLeaf": false}, {"uuid": "6de81c73-d476-43ab-a383-6c077a65d6ca", "depth": 10, "parent_uuid": "f03e9f4c-cc8e-4170-a334-5f2166652845", "splittingValue": "0.0", "splittingAttirbute": "aratio", "children": [{"uuid": "591ede93-f7fe-46b4-b297-161b20f4bc42", "depth": 11, "parent_uuid": "6de81c73-d476-43ab-a383-6c077a65d6ca", "splittingValue": "(1.036, 2.102]", "children": [], "isLeaf": true, "prediction": 1.0}, {"uuid": "ab3c42e5-0f26-4cc8-ad92-ad6b472c33f5", "depth": 11, "parent_uuid": "6de81c73-d476-43ab-a383-6c077a65d6ca", "splittingValue": "(5.333, 60.0]", "children": [], "isLeaf": true, "prediction": 1.0}, {"uuid": "f00447f3-d689-4985-b45c-2de67bdfa2b2", "depth": 11, "parent_uuid": "6de81c73-d476-43ab-a383-6c077a65d6ca", "splittingValue": "(2.102, 5.333]", "splittingAttirbute": "alt.and", "children": [{"uuid": "59380f94-01d8-4fdb-8105-47f27cb980ec", "depth": 12, "parent_uuid": "f00447f3-d689-4985-b45c-2de67bdfa2b2", "splittingValue": "0.0", "splittingAttirbute": "height", "children": [{"uuid": "cb7208cd-61d4-4a1b-a44a-7f5626cdf733", "depth": 13, "parent_uuid": "59380f94-01d8-4fdb-8105-47f27cb980ec", "splittingValue": "(51.0, 84.0]", "splittingAttirbute": "url.assets", "children": [{"uuid": "e82dbee3-0d5e-4ed6-89ad-3505cab61224", "depth": 14, "parent_uuid": "cb7208cd-61d4-4a1b-a44a-7f5626cdf733", "splittingValue": "0.0", "children": [], "isLeaf": true, "prediction": 1.0}, {"uuid": "96e29d45-cb5b-483e-bc1d-4fd379680a4f", "depth": 14, "parent_uuid": "cb7208cd-61d4-4a1b-a44a-7f5626cdf733", "splittingValue": "1.0", "children": [], "isLeaf": true, "prediction": 0.0}], "isLeaf": false}, {"uuid": "ef026b3d-689f-4284-b811-c98da6d8aa39", "depth": 13, "parent_uuid": "59380f94-01d8-4fdb-8105-47f27cb980ec", "splittingValue": "(84.0, 640.0]", "children": [], "isLeaf": true, "prediction": 1.0}, {"uuid": "c2141867-a50b-4879-b6df-671f84188cee", "depth": 13, "parent_uuid": "59380f94-01d8-4fdb-8105-47f27cb980ec", "splittingValue": "(25.0, 51.0]", "children": [], "isLeaf": true, "prediction": 1.0}], "isLeaf": false}, {"uuid": "b4bc3c98-54b0-4e97-ba5e-dc6f5bacb09f", "depth": 12, "parent_uuid": "f00447f3-d689-4985-b45c-2de67bdfa2b2", "splittingValue": "1.0", "children": [], "isLeaf": true, "prediction": 0.0}], "isLeaf": false}, {"uuid": "54a9a182-f999-408d-a5bd-c046aa95f22e", "depth": 11, "parent_uuid": "6de81c73-d476-43ab-a383-6c077a65d6ca", "splittingValue": "(0.0005, 1.036]", "splittingAttirbute": "width", "children": [{"uuid": "6cac805a-9422-4c37-8df4-c3872d474657", "depth": 12, "parent_uuid": "54a9a182-f999-408d-a5bd-c046aa95f22e", "splittingValue": "(110.0, 184.0]", "children": [], "isLeaf": true, "prediction": 0.0}, {"uuid": "5bf7e917-d40b-4e4d-9bca-918d39dad0ed", "depth": 12, "parent_uuid": "54a9a182-f999-408d-a5bd-c046aa95f22e", "splittingValue": "(81.0, 110.0]", "children": [], "isLeaf": true, "prediction": 1.0}, {"uuid": "4b8ad2ca-0dd3-4f6c-8a03-37c24f141c76", "depth": 12, "parent_uuid": "54a9a182-f999-408d-a5bd-c046aa95f22e", "splittingValue": "(0.999, 81.0]", "splittingAttirbute": "height", "children": [{"uuid": "cd62edb1-44f9-4f4c-bd22-2669dc920de8", "depth": 13, "parent_uuid": "4b8ad2ca-0dd3-4f6c-8a03-37c24f141c76", "splittingValue": "(25.0, 51.0]", "children": [], "isLeaf": true, "prediction": 0.0}, {"uuid": "8e1a0dbb-b02b-4543-8218-02a4f73ebd68", "depth": 13, "parent_uuid": "4b8ad2ca-0dd3-4f6c-8a03-37c24f141c76", "splittingValue": "(51.0, 84.0]", "children": [], "isLeaf": true, "prediction": 1.0}], "isLeaf": false}], "isLeaf": false}], "isLeaf": false}], "isLeaf": false}], "isLeaf": false}, {"uuid": "a1df474f-6dce-4add-844d-b21c993bf706", "depth": 8, "parent_uuid": "27f63b0e-cdeb-490d-90b6-99772f2f823c", "splittingValue": "1.0", "splittingAttirbute": "height", "children": [{"uuid": "1f6e4aff-75b2-441e-b872-e83b80b5a122", "depth": 9, "parent_uuid": "a1df474f-6dce-4add-844d-b21c993bf706", "splittingValue": "(51.0, 84.0]", "children": [], "isLeaf": true, "prediction": 0.0}, {"uuid": "70ab7fd5-5f8e-445a-a735-cc13004e89bb", "depth": 9, "parent_uuid": "a1df474f-6dce-4add-844d-b21c993bf706", "splittingValue": "(84.0, 640.0]", "children": [], "isLeaf": true, "prediction": 1.0}, {"uuid": "ec1e64d1-4e80-4f81-9617-a5326f4906c2", "depth": 9, "parent_uuid": "a1df474f-6dce-4add-844d-b21c993bf706", "splittingValue": "(25.0, 51.0]", "children": [], "isLeaf": true, "prediction": 1.0}], "isLeaf": false}], "isLeaf": false}, {"uuid": "bc82b7e0-8e17-4e53-96fb-1d49c28f44b4", "depth": 7, "parent_uuid": "cef49099-b829-426f-820e-edc1caa24c39", "splittingValue": "1.0", "splittingAttirbute": "origurl.hollywood.9662", "children": [{"uuid": "7de0fa18-ccdc-4f9d-ae50-9d7a8ebb97c1", "depth": 8, "parent_uuid": "bc82b7e0-8e17-4e53-96fb-1d49c28f44b4", "splittingValue": "0.0", "children": [], "isLeaf": true, "prediction": 1.0}, {"uuid": "acee442c-3dd2-4723-8d79-4e00583d9f4b", "depth": 8, "parent_uuid": "bc82b7e0-8e17-4e53-96fb-1d49c28f44b4", "splittingValue": "1.0", "children": [], "isLeaf": true, "prediction": 0.0}], "isLeaf": false}], "isLeaf": false}, {"uuid": "9661dabf-f5cf-4b65-9d54-ca20dac31576", "depth": 6, "parent_uuid": "917d83fe-9ffc-4cc5-a624-7d7c02827b71", "splittingValue": "1.0", "splittingAttirbute": "ancurl.name", "children": [{"uuid": "2865c909-19d7-4056-9fca-b4bafe6f17b3", "depth": 7, "parent_uuid": "9661dabf-f5cf-4b65-9d54-ca20dac31576", "splittingValue": "1.0", "children": [], "isLeaf": true, "prediction": 0.0}, {"uuid": "c69a8c4a-245a-473c-a552-8dc05646faa9", "depth": 7, "parent_uuid": "9661dabf-f5cf-4b65-9d54-ca20dac31576", "splittingValue": "0.0", "splittingAttirbute": "origurl.www.interchg.ubc.ca", "children": [{"uuid": "46b39e0f-afab-4339-91ba-36d71c73c744", "depth": 8, "parent_uuid": "c69a8c4a-245a-473c-a552-8dc05646faa9", "splittingValue": "0.0", "children": [], "isLeaf": true, "prediction": 1.0}, {"uuid": "5cbdc6fb-db55-429b-a9e3-8d6e99243f9e", "depth": 8, "parent_uuid": "c69a8c4a-245a-473c-a552-8dc05646faa9", "splittingValue": "1.0", "children": [], "isLeaf": true, "prediction": 0.0}], "isLeaf": false}], "isLeaf": false}], "isLeaf": false}, {"uuid": "11817213-f77c-42f7-9b4b-2944e7ebf365", "depth": 5, "parent_uuid": "2de03988-66e8-4e1d-826f-f4046e919540", "splittingValue": "1.0", "children": [], "isLeaf": true, "prediction": 1.0}], "isLeaf": false}, {"uuid": "fde9f353-a8b1-45f5-a8f1-95a609f9bc37", "depth": 4, "parent_uuid": "80d8b6ae-7dc1-4fe7-bad6-eb08b527557b", "splittingValue": "1.0", "splittingAttirbute": "height", "children": [{"uuid": "4d74b8f5-139c-4887-8ebe-509e77d9cbd6", "depth": 5, "parent_uuid": "fde9f353-a8b1-45f5-a8f1-95a609f9bc37", "splittingValue": "(51.0, 84.0]", "children": [], "isLeaf": true, "prediction": 1.0}, {"uuid": "6b481716-6dfa-4f04-8b19-89b140263ee2", "depth": 5, "parent_uuid": "fde9f353-a8b1-45f5-a8f1-95a609f9bc37", "splittingValue": "(84.0, 640.0]", "children": [], "isLeaf": true, "prediction": 1.0}, {"uuid": "960489f6-b636-40b3-be38-930c53607df4", "depth": 5, "parent_uuid": "fde9f353-a8b1-45f5-a8f1-95a609f9bc37", "splittingValue": "(25.0, 51.0]", "children": [], "isLeaf": true, "prediction": 0.0}], "isLeaf": false}], "isLeaf": false}, {"uuid": "73b74716-5eb3-48a3-ab44-b60fdb0ef532", "depth": 3, "parent_uuid": "09ec7163-01cd-4794-9df8-6185fc260cb9", "splittingValue": "1.0", "splittingAttirbute": "url.www.wednet.com", "children": [{"uuid": "3ce99fad-1922-4db4-9b21-46366c43d942", "depth": 4, "parent_uuid": "73b74716-5eb3-48a3-ab44-b60fdb0ef532", "splittingValue": "0.0", "splittingAttirbute": "url.logo", "children": [{"uuid": "72170d5a-6fa7-4857-95b9-90ecde23b3cf", "depth": 5, "parent_uuid": "3ce99fad-1922-4db4-9b21-46366c43d942", "splittingValue": "0.0", "children": [], "isLeaf": true, "prediction": 1.0}, {"uuid": "f005f217-04bf-46bf-b06c-b0cb75ca7a00", "depth": 5, "parent_uuid": "3ce99fad-1922-4db4-9b21-46366c43d942", "splittingValue": "1.0", "splittingAttirbute": "height", "children": [{"uuid": "618edca0-4312-457a-978c-bf60b57dec52", "depth": 6, "parent_uuid": "f005f217-04bf-46bf-b06c-b0cb75ca7a00", "splittingValue": "(25.0, 51.0]", "children": [], "isLeaf": true, "prediction": 1.0}, {"uuid": "4d934f5e-645e-46fa-8485-b04fb24e249b", "depth": 6, "parent_uuid": "f005f217-04bf-46bf-b06c-b0cb75ca7a00", "splittingValue": "(84.0, 640.0]", "children": [], "isLeaf": true, "prediction": 0.0}], "isLeaf": false}], "isLeaf": false}, {"uuid": "5c08fbdb-8395-4bf7-bb1d-49654061efa8", "depth": 4, "parent_uuid": "73b74716-5eb3-48a3-ab44-b60fdb0ef532", "splittingValue": "1.0", "children": [], "isLeaf": true, "prediction": 0.0}], "isLeaf": false}], "isLeaf": false}, {"uuid": "cb9e334e-6384-4b41-b905-302d131ac603", "depth": 2, "parent_uuid": "45fa6af6-80d2-43d5-af1b-a8037991376b", "splittingValue": "1.0", "splittingAttirbute": "url.members.tripod.com", "children": [{"uuid": "6c0b44c7-a9d3-460d-b5e7-3aab66710bb4", "depth": 3, "parent_uuid": "cb9e334e-6384-4b41-b905-302d131ac603", "splittingValue": "0.0", "splittingAttirbute": "origurl.www.news.observer.com", "children": [{"uuid": "c79c74b3-2334-4e1a-8510-fae5f0170887", "depth": 4, "parent_uuid": "6c0b44c7-a9d3-460d-b5e7-3aab66710bb4", "splittingValue": "0.0", "splittingAttirbute": "origurl.4301.misfits2", "children": [{"uuid": "8f42ed58-3221-4989-b56c-629d049ffffd", "depth": 5, "parent_uuid": "c79c74b3-2334-4e1a-8510-fae5f0170887", "splittingValue": "0.0", "splittingAttirbute": "url.pacific.net.sg", "children": [{"uuid": "edd4902b-b77c-40f7-b0e4-c4e852b7178d", "depth": 6, "parent_uuid": "8f42ed58-3221-4989-b56c-629d049ffffd", "splittingValue": "0.0", "children": [], "isLeaf": true, "prediction": 1.0}, {"uuid": "836c1aef-338e-4b55-9831-2b1a0529ef3f", "depth": 6, "parent_uuid": "8f42ed58-3221-4989-b56c-629d049ffffd", "splittingValue": "1.0", "splittingAttirbute": "width", "children": [{"uuid": "243a5743-d711-4af5-89cc-896eb242f167", "depth": 7, "parent_uuid": "836c1aef-338e-4b55-9831-2b1a0529ef3f", "splittingValue": "(110.0, 184.0]", "splittingAttirbute": "height", "children": [{"uuid": "52a5442f-b194-42e9-aec2-bc6910f321bd", "depth": 8, "parent_uuid": "243a5743-d711-4af5-89cc-896eb242f167", "splittingValue": "(51.0, 84.0]", "splittingAttirbute": "aratio", "children": [{"uuid": "f7328c83-4a55-43e7-ac19-fa3bceac162c", "depth": 9, "parent_uuid": "52a5442f-b194-42e9-aec2-bc6910f321bd", "splittingValue": "(2.102, 5.333]", "splittingAttirbute": "local", "children": [{"uuid": "642a43df-60d7-437e-8828-858fe138a4f9", "depth": 10, "parent_uuid": "f7328c83-4a55-43e7-ac19-fa3bceac162c", "splittingValue": "1.0", "splittingAttirbute": "url.images.buttons", "children": [{"uuid": "7de90fad-3947-4736-83ed-4188dff0a030", "depth": 11, "parent_uuid": "642a43df-60d7-437e-8828-858fe138a4f9", "splittingValue": "0.0", "splittingAttirbute": "url.likesbooks.com", "children": [{"uuid": "cc7e9df4-fd3e-49d5-b700-44dd3ff0cb43", "depth": 12, "parent_uuid": "7de90fad-3947-4736-83ed-4188dff0a030", "splittingValue": "0.0", "splittingAttirbute": "url.www.slake.com", "children": [{"uuid": "02855908-d2d6-4750-9619-5b0cb930c8fb", "depth": 13, "parent_uuid": "cc7e9df4-fd3e-49d5-b700-44dd3ff0cb43", "splittingValue": "0.0", "splittingAttirbute": "url.hydrogeologist", "children": [{"uuid": "3980d000-bc87-4ab4-9c93-a7395c900c31", "depth": 14, "parent_uuid": "02855908-d2d6-4750-9619-5b0cb930c8fb", "splittingValue": "0.0", "splittingAttirbute": "url.oso", "children": [{"uuid": "838534e5-235d-4559-a0bf-a7027bb1d5a0", "depth": 15, "parent_uuid": "3980d000-bc87-4ab4-9c93-a7395c900c31", "splittingValue": "0.0", "splittingAttirbute": "url.media", "children": [{"uuid": "dc1a1637-b3bd-473e-9777-a95c4e57d274", "depth": 16, "parent_uuid": "838534e5-235d-4559-a0bf-a7027bb1d5a0", "splittingValue": "0.0", "children": [], "isLeaf": true, "prediction": 1.0}], "isLeaf": false}], "isLeaf": false}], "isLeaf": false}], "isLeaf": false}], "isLeaf": false}], "isLeaf": false}], "isLeaf": false}], "isLeaf": false}], "isLeaf": false}, {"uuid": "20924ee4-fb11-4c2a-9b63-d24ff0a1f2b5", "depth": 7, "parent_uuid": "836c1aef-338e-4b55-9831-2b1a0529ef3f", "splittingValue": "(184.0, 640.0]", "children": [], "isLeaf": true, "prediction": 1.0}], "isLeaf": false}], "isLeaf": false}, {"uuid": "9376387e-6d76-4c7c-8409-fee3095a4b4d", "depth": 5, "parent_uuid": "c79c74b3-2334-4e1a-8510-fae5f0170887", "splittingValue": "1.0", "children": [], "isLeaf": true, "prediction": 0.0}], "isLeaf": false}, {"uuid": "9818effb-e434-4fab-b5f0-ab7e85164d14", "depth": 4, "parent_uuid": "6c0b44c7-a9d3-460d-b5e7-3aab66710bb4", "splittingValue": "1.0", "splittingAttirbute": "height", "children": [{"uuid": "9a5beb38-5d26-48db-9fe4-d8b9fd5bffe5", "depth": 5, "parent_uuid": "9818effb-e434-4fab-b5f0-ab7e85164d14", "splittingValue": "(51.0, 84.0]", "children": [], "isLeaf": true, "prediction": 0.0}, {"uuid": "d66f56d6-a05d-4e84-9820-2d3466244965", "depth": 5, "parent_uuid": "9818effb-e434-4fab-b5f0-ab7e85164d14", "splittingValue": "(84.0, 640.0]", "children": [], "isLeaf": true, "prediction": 1.0}], "isLeaf": false}], "isLeaf": false}, {"uuid": "28d620ca-f64a-4d98-857b-54e1f92fcbcf", "depth": 3, "parent_uuid": "cb9e334e-6384-4b41-b905-302d131ac603", "splittingValue": "1.0", "children": [], "isLeaf": true, "prediction": 0.0}], "isLeaf": false}], "isLeaf": false}