{"uuid": "69d415ca-a4f1-4ebb-bbdc-6a638b43a0f6", "depth": 1, "splittingAttirbute": "ancurl.com", "children": [{"uuid": "7db2bacc-d9de-4162-a962-d3ef47400403", "depth": 2, "parent_uuid": "69d415ca-a4f1-4ebb-bbdc-6a638b43a0f6", "splittingValue": "0.0", "splittingAttirbute": "url.ads", "children": [{"uuid": "b466ab95-fe2e-4a77-b756-d3c9af410419", "depth": 3, "parent_uuid": "7db2bacc-d9de-4162-a962-d3ef47400403", "splittingValue": "0.0", "splittingAttirbute": "ancurl.uk", "children": [{"uuid": "32e07500-d960-4465-8f57-5805b02702f8", "depth": 4, "parent_uuid": "b466ab95-fe2e-4a77-b756-d3c9af410419", "splittingValue": "0.0", "splittingAttirbute": "ancurl.click", "children": [{"uuid": "e84effa9-3cc9-4874-82f5-18ecb2dcf8ce", "depth": 5, "parent_uuid": "32e07500-d960-4465-8f57-5805b02702f8", "splittingValue": "0.0", "splittingAttirbute": "url.bin", "children": [{"uuid": "dec84006-78d0-45c0-8051-a6570f14c41f", "depth": 6, "parent_uuid": "e84effa9-3cc9-4874-82f5-18ecb2dcf8ce", "splittingValue": "0.0", "splittingAttirbute": "url.memberbanners", "children": [{"uuid": "ccf62e6b-307b-4bbc-96fc-122a29cdf12e", "depth": 7, "parent_uuid": "dec84006-78d0-45c0-8051-a6570f14c41f", "splittingValue": "0.0", "splittingAttirbute": "url.ad", "children": [{"uuid": "32642506-8c66-4b51-9036-b14dcb7568a4", "depth": 8, "parent_uuid": "ccf62e6b-307b-4bbc-96fc-122a29cdf12e", "splittingValue": "0.0", "splittingAttirbute": "alt.your", "children": [{"uuid": "87568172-efb2-4dc8-9db7-65b52eef9875", "depth": 9, "parent_uuid": "32642506-8c66-4b51-9036-b14dcb7568a4", "splittingValue": "0.0", "splittingAttirbute": "ancurl.page", "children": [{"uuid": "5c25ccff-db35-4e16-8495-46b39f4b2412", "depth": 10, "parent_uuid": "87568172-efb2-4dc8-9db7-65b52eef9875", "splittingValue": "0.0", "splittingAttirbute": "url.www.ireland.today.ie", "children": [{"uuid": "26f7c472-cbc7-49c1-af2c-c565edd43609", "depth": 11, "parent_uuid": "5c25ccff-db35-4e16-8495-46b39f4b2412", "splittingValue": "0.0", "splittingAttirbute": "alt.visit.our", "children": [{"uuid": "bcc55cb9-aa9f-4e47-a2ba-1780286e29e5", "depth": 12, "parent_uuid": "26f7c472-cbc7-49c1-af2c-c565edd43609", "splittingValue": "0.0", "splittingAttirbute": "alt.click.here", "children": [{"uuid": "77cbe5ef-0197-467d-b493-a45195404729", "depth": 13, "parent_uuid": "bcc55cb9-aa9f-4e47-a2ba-1780286e29e5", "splittingValue": "0.0", "splittingAttirbute": "ancurl.cid", "children": [{"uuid": "6f815f97-a2a6-4313-8b67-2c03104d387c", "depth": 14, "parent_uuid": "77cbe5ef-0197-467d-b493-a45195404729", "splittingValue": "0.0", "splittingAttirbute": "ancurl.ad", "children": [{"uuid": "d5db9140-9991-476e-abbb-df3db7edf342", "depth": 15, "parent_uuid": "6f815f97-a2a6-4313-8b67-2c03104d387c", "splittingValue": "0.0", "splittingAttirbute": "url.images.home", "children": [{"uuid": "9e631aef-f11d-42e7-91b5-ffc20ce8fe86", "depth": 16, "parent_uuid": "d5db9140-9991-476e-abbb-df3db7edf342", "splittingValue": "0.0", "children": [], "isLeaf": true, "prediction": 0.0}, {"uuid": "51b62806-a676-4204-9f62-0486c30f6412", "depth": 16, "parent_uuid": "d5db9140-9991-476e-abbb-df3db7edf342", "splittingValue": "1.0", "children": [], "isLeaf": true, "prediction": 0.0}], "isLeaf": false}, {"uuid": "43b45aed-3784-4ba6-8cbf-b114f8bdbd33", "depth": 15, "parent_uuid": "6f815f97-a2a6-4313-8b67-2c03104d387c", "splittingValue": "1.0", "children": [], "isLeaf": true, "prediction": 1.0}], "isLeaf": false}, {"uuid": "1aadb84b-f643-42e8-82ac-a9da76f5986c", "depth": 14, "parent_uuid": "77cbe5ef-0197-467d-b493-a45195404729", "splittingValue": "1.0", "children": [], "isLeaf": true, "prediction": 1.0}], "isLeaf": false}, {"uuid": "412e96b5-18d6-40e6-97de-44ae04bafc82", "depth": 13, "parent_uuid": "bcc55cb9-aa9f-4e47-a2ba-1780286e29e5", "splittingValue": "1.0", "splittingAttirbute": "alt.to", "children": [{"uuid": "16756ef1-f79b-4374-a327-d67d3cffcf52", "depth": 14, "parent_uuid": "412e96b5-18d6-40e6-97de-44ae04bafc82", "splittingValue": "0.0", "splittingAttirbute": "local", "children": [{"uuid": "91641b90-f04f-4dbc-b56c-733712a87dc5", "depth": 15, "parent_uuid": "16756ef1-f79b-4374-a327-d67d3cffcf52", "splittingValue": "1.0", "splittingAttirbute": "ancurl.new", "children": [{"uuid": "425aa0a9-9d81-41ef-b49b-e0ba6249ae03", "depth": 16, "parent_uuid": "91641b90-f04f-4dbc-b56c-733712a87dc5", "splittingValue": "0.0", "children": [], "isLeaf": true, "prediction": 1.0}, {"uuid": "87fe18be-7499-4d58-9366-c581dd235470", "depth": 16, "parent_uuid": "91641b90-f04f-4dbc-b56c-733712a87dc5", "splittingValue": "1.0", "children": [], "isLeaf": true, "prediction": 0.0}], "isLeaf": false}, {"uuid": "1aaa533d-3b78-42d4-9d86-589a52be27b0", "depth": 15, "parent_uuid": "16756ef1-f79b-4374-a327-d67d3cffcf52", "splittingValue": "0.0", "children": [], "isLeaf": true, "prediction": 0.0}], "isLeaf": false}, {"uuid": "31ed901f-5975-4048-8881-716edeab6f93", "depth": 14, "parent_uuid": "412e96b5-18d6-40e6-97de-44ae04bafc82", "splittingValue": "1.0", "children": [], "isLeaf": true, "prediction": 0.0}], "isLeaf": false}], "isLeaf": false}, {"uuid": "9e0a45a3-34af-4122-a3a9-f676981cf4c9", "depth": 12, "parent_uuid": "26f7c472-cbc7-49c1-af2c-c565edd43609", "splittingValue": "1.0", "children": [], "isLeaf": true, "prediction": 1.0}], "isLeaf": false}, {"uuid": "dfc7273b-bc11-4629-bd3a-1f3ddc64731e", "depth": 11, "parent_uuid": "5c25ccff-db35-4e16-8495-46b39f4b2412", "splittingValue": "1.0", "children": [], "isLeaf": true, "prediction": 1.0}], "isLeaf": false}, {"uuid": "a731e1a7-e834-43d5-94c7-a7fce2ddcb17", "depth": 10, "parent_uuid": "87568172-efb2-4dc8-9db7-65b52eef9875", "splittingValue": "1.0", "splittingAttirbute": "aratio", "children": [{"uuid": "1030e739-e3e8-49ee-8c74-84d92b5634fb", "depth": 11, "parent_uuid": "a731e1a7-e834-43d5-94c7-a7fce2ddcb17", "splittingValue": "(5.333, 60.0]", "children": [], "isLeaf": true, "prediction": 1.0}, {"uuid": "28358784-be82-4931-aa04-6c852228599e", "depth": 11, "parent_uuid": "a731e1a7-e834-43d5-94c7-a7fce2ddcb17", "splittingValue": "(0.0005, 1.036]", "children": [], "isLeaf": true, "prediction": 1.0}, {"uuid": "98eba420-1140-46ef-9312-baaf26834280", "depth": 11, "parent_uuid": "a731e1a7-e834-43d5-94c7-a7fce2ddcb17", "splittingValue": "(2.102, 5.333]", "children": [], "isLeaf": true, "prediction": 0.0}], "isLeaf": false}], "isLeaf": false}, {"uuid": "c1fe9db8-7cf2-4e5d-9514-d047be649e0a", "depth": 9, "parent_uuid": "32642506-8c66-4b51-9036-b14dcb7568a4", "splittingValue": "1.0", "children": [], "isLeaf": true, "prediction": 1.0}], "isLeaf": false}, {"uuid": "8d4e6439-e174-4d7c-b7c7-1964852fce31", "depth": 8, "parent_uuid": "ccf62e6b-307b-4bbc-96fc-122a29cdf12e", "splittingValue": "1.0", "splittingAttirbute": "height", "children": [{"uuid": "a4ba68b5-b5bf-4217-a9a2-08baf68979da", "depth": 9, "parent_uuid": "8d4e6439-e174-4d7c-b7c7-1964852fce31", "splittingValue": "(84.0, 640.0]", "children": [], "isLeaf": true, "prediction": 1.0}, {"uuid": "afd84f91-dbbb-4d5e-8461-acbd6109df80", "depth": 9, "parent_uuid": "8d4e6439-e174-4d7c-b7c7-1964852fce31", "splittingValue": "(51.0, 84.0]", "children": [], "isLeaf": true, "prediction": 0.0}, {"uuid": "74b23699-8aae-4b50-8045-8ba23a1bed50", "depth": 9, "parent_uuid": "8d4e6439-e174-4d7c-b7c7-1964852fce31", "splittingValue": "(25.0, 51.0]", "children": [], "isLeaf": true, "prediction": 1.0}], "isLeaf": false}], "isLeaf": false}, {"uuid": "708fa916-1f53-44e4-b6d8-e5c1309b6cf8", "depth": 7, "parent_uuid": "dec84006-78d0-45c0-8051-a6570f14c41f", "splittingValue": "1.0", "splittingAttirbute": "origurl.hollywood.9662", "children": [{"uuid": "cb5a2f96-831d-45a5-b649-0250ec50db68", "depth": 8, "parent_uuid": "708fa916-1f53-44e4-b6d8-e5c1309b6cf8", "splittingValue": "0.0", "children": [], "isLeaf": true, "prediction": 1.0}, {"uuid": "3926d5bf-63de-43ce-ad42-2acaa9e9e93a", "depth": 8, "parent_uuid": "708fa916-1f53-44e4-b6d8-e5c1309b6cf8", "splittingValue": "1.0", "children": [], "isLeaf": true, "prediction": 0.0}], "isLeaf": false}], "isLeaf": false}, {"uuid": "53a8c27b-5192-4741-bc04-9d3b0a72c1f9", "depth": 6, "parent_uuid": "e84effa9-3cc9-4874-82f5-18ecb2dcf8ce", "splittingValue": "1.0", "splittingAttirbute": "height", "children": [{"uuid": "5964fbd8-ae5e-4eb6-bea1-5e03d682237e", "depth": 7, "parent_uuid": "53a8c27b-5192-4741-bc04-9d3b0a72c1f9", "splittingValue": "(51.0, 84.0]", "children": [], "isLeaf": true, "prediction": 1.0}, {"uuid": "6f2f4537-f9e6-4125-8be4-b1bb61504af6", "depth": 7, "parent_uuid": "53a8c27b-5192-4741-bc04-9d3b0a72c1f9", "splittingValue": "(0.999, 25.0]", "splittingAttirbute": "url.ad", "children": [{"uuid": "8242b2b5-82f4-4923-a61b-84752c117c38", "depth": 8, "parent_uuid": "6f2f4537-f9e6-4125-8be4-b1bb61504af6", "splittingValue": "0.0", "children": [], "isLeaf": true, "prediction": 0.0}, {"uuid": "b5130dd5-de28-44ad-a7b2-dc3080874173", "depth": 8, "parent_uuid": "6f2f4537-f9e6-4125-8be4-b1bb61504af6", "splittingValue": "1.0", "children": [], "isLeaf": true, "prediction": 1.0}], "isLeaf": false}, {"uuid": "16d1e631-00c4-4e37-99de-964a5942601e", "depth": 7, "parent_uuid": "53a8c27b-5192-4741-bc04-9d3b0a72c1f9", "splittingValue": "(84.0, 640.0]", "children": [], "isLeaf": true, "prediction": 1.0}, {"uuid": "00b2e793-ab13-4bff-8440-8de90c73dc9c", "depth": 7, "parent_uuid": "53a8c27b-5192-4741-bc04-9d3b0a72c1f9", "splittingValue": "(25.0, 51.0]", "splittingAttirbute": "width", "children": [{"uuid": "e68660f8-6656-475e-977b-c53f41dcbe49", "depth": 8, "parent_uuid": "00b2e793-ab13-4bff-8440-8de90c73dc9c", "splittingValue": "(0.999, 81.0]", "children": [], "isLeaf": true, "prediction": 0.0}, {"uuid": "78e10cca-554e-4787-af0a-3df0498b663a", "depth": 8, "parent_uuid": "00b2e793-ab13-4bff-8440-8de90c73dc9c", "splittingValue": "(184.0, 640.0]", "children": [], "isLeaf": true, "prediction": 1.0}], "isLeaf": false}], "isLeaf": false}], "isLeaf": false}, {"uuid": "bca95cf8-1dd9-45ca-bb0c-9c789c8b5424", "depth": 5, "parent_uuid": "32e07500-d960-4465-8f57-5805b02702f8", "splittingValue": "1.0", "children": [], "isLeaf": true, "prediction": 1.0}], "isLeaf": false}, {"uuid": "2dad4ab4-78e0-48db-8e27-5fea5cfd20f0", "depth": 4, "parent_uuid": "b466ab95-fe2e-4a77-b756-d3c9af410419", "splittingValue": "1.0", "splittingAttirbute": "height", "children": [{"uuid": "2e46abe2-12ab-41b0-934f-43d467f62e54", "depth": 5, "parent_uuid": "2dad4ab4-78e0-48db-8e27-5fea5cfd20f0", "splittingValue": "(84.0, 640.0]", "children": [], "isLeaf": true, "prediction": 1.0}, {"uuid": "a500b857-54ca-4084-a626-abd41912dacf", "depth": 5, "parent_uuid": "2dad4ab4-78e0-48db-8e27-5fea5cfd20f0", "splittingValue": "(51.0, 84.0]", "children": [], "isLeaf": true, "prediction": 1.0}, {"uuid": "2f01f326-7dcc-46e2-a0d2-421d9234d02f", "depth": 5, "parent_uuid": "2dad4ab4-78e0-48db-8e27-5fea5cfd20f0", "splittingValue": "(25.0, 51.0]", "children": [], "isLeaf": true, "prediction": 0.0}], "isLeaf": false}], "isLeaf": false}, {"uuid": "2e3a7b8d-962b-416f-a5dd-ef28f8bf0f32", "depth": 3, "parent_uuid": "7db2bacc-d9de-4162-a962-d3ef47400403", "splittingValue": "1.0", "splittingAttirbute": "width", "children": [{"uuid": "9d1a96fd-6780-4b53-88db-4ecedbb35b76", "depth": 4, "parent_uuid": "2e3a7b8d-962b-416f-a5dd-ef28f8bf0f32", "splittingValue": "(184.0, 640.0]", "splittingAttirbute": "height", "children": [{"uuid": "0d0b6967-c6a4-4f1a-bf0a-8cbf66558ebc", "depth": 5, "parent_uuid": "9d1a96fd-6780-4b53-88db-4ecedbb35b76", "splittingValue": "(51.0, 84.0]", "children": [], "isLeaf": true, "prediction": 1.0}, {"uuid": "57e19a3c-ce92-424f-9e59-770a93619814", "depth": 5, "parent_uuid": "9d1a96fd-6780-4b53-88db-4ecedbb35b76", "splittingValue": "(25.0, 51.0]", "children": [], "isLeaf": true, "prediction": 1.0}, {"uuid": "5447a10e-c518-45a6-8ecf-3e8bc570eae4", "depth": 5, "parent_uuid": "9d1a96fd-6780-4b53-88db-4ecedbb35b76", "splittingValue": "(84.0, 640.0]", "children": [], "isLeaf": true, "prediction": 0.0}], "isLeaf": false}, {"uuid": "1f0f0905-0911-4b1c-b778-f45b5e31c1df", "depth": 4, "parent_uuid": "2e3a7b8d-962b-416f-a5dd-ef28f8bf0f32", "splittingValue": "(110.0, 184.0]", "children": [], "isLeaf": true, "prediction": 1.0}, {"uuid": "36ffaeb9-5caa-479d-94b6-95effaa5b146", "depth": 4, "parent_uuid": "2e3a7b8d-962b-416f-a5dd-ef28f8bf0f32", "splittingValue": "(81.0, 110.0]", "splittingAttirbute": "local", "children": [{"uuid": "7a603788-dbaa-405a-a071-f3d15663c236", "depth": 5, "parent_uuid": "36ffaeb9-5caa-479d-94b6-95effaa5b146", "splittingValue": "1.0", "children": [], "isLeaf": true, "prediction": 1.0}, {"uuid": "4c6b539d-ef86-4627-9c75-3edd344dace7", "depth": 5, "parent_uuid": "36ffaeb9-5caa-479d-94b6-95effaa5b146", "splittingValue": "0.0", "children": [], "isLeaf": true, "prediction": 0.0}], "isLeaf": false}, {"uuid": "c7c9970a-c593-4d20-b112-9b154337032d", "depth": 4, "parent_uuid": "2e3a7b8d-962b-416f-a5dd-ef28f8bf0f32", "splittingValue": "(0.999, 81.0]", "children": [], "isLeaf": true, "prediction": 0.0}], "isLeaf": false}], "isLeaf": false}, {"uuid": "23e7304b-9eeb-4e4c-9bab-db4259dfa4f8", "depth": 2, "parent_uuid": "69d415ca-a4f1-4ebb-bbdc-6a638b43a0f6", "splittingValue": "1.0", "splittingAttirbute": "url.members.tripod.com", "children": [{"uuid": "f4fc2384-97d5-444b-9ec1-a676971ce468", "depth": 3, "parent_uuid": "23e7304b-9eeb-4e4c-9bab-db4259dfa4f8", "splittingValue": "0.0", "splittingAttirbute": "origurl.www.news.observer.com", "children": [{"uuid": "ca71738c-a2f5-4118-8309-e1658fa35727", "depth": 4, "parent_uuid": "f4fc2384-97d5-444b-9ec1-a676971ce468", "splittingValue": "0.0", "splittingAttirbute": "origurl.4301.misfits2", "children": [{"uuid": "aa2ab2da-ffac-4f04-b6f8-09827fed5b78", "depth": 5, "parent_uuid": "ca71738c-a2f5-4118-8309-e1658fa35727", "splittingValue": "0.0", "splittingAttirbute": "url.pacific.net.sg", "children": [{"uuid": "822f8492-c62b-4a11-9cf1-bfc3dbdb8251", "depth": 6, "parent_uuid": "aa2ab2da-ffac-4f04-b6f8-09827fed5b78", "splittingValue": "0.0", "children": [], "isLeaf": true, "prediction": 1.0}, {"uuid": "97a1eb3a-3309-46aa-9021-dcda990eb815", "depth": 6, "parent_uuid": "aa2ab2da-ffac-4f04-b6f8-09827fed5b78", "splittingValue": "1.0", "splittingAttirbute": "width", "children": [{"uuid": "d294b578-fb27-40e0-9da2-8d4c4945a0df", "depth": 7, "parent_uuid": "97a1eb3a-3309-46aa-9021-dcda990eb815", "splittingValue": "(110.0, 184.0]", "splittingAttirbute": "height", "children": [{"uuid": "b0d6055c-c0d5-4d5c-adf3-96b9fd7a5180", "depth": 8, "parent_uuid": "d294b578-fb27-40e0-9da2-8d4c4945a0df", "splittingValue": "(51.0, 84.0]", "splittingAttirbute": "aratio", "children": [{"uuid": "8b25b00a-92b1-4baf-94b5-43062c0c92b6", "depth": 9, "parent_uuid": "b0d6055c-c0d5-4d5c-adf3-96b9fd7a5180", "splittingValue": "(2.102, 5.333]", "splittingAttirbute": "local", "children": [{"uuid": "9b4f2548-2bff-49d0-91e7-177a50e90f5f", "depth": 10, "parent_uuid": "8b25b00a-92b1-4baf-94b5-43062c0c92b6", "splittingValue": "1.0", "splittingAttirbute": "url.images.buttons", "children": [{"uuid": "2cdc4e85-081a-4184-9f51-a064c167a80e", "depth": 11, "parent_uuid": "9b4f2548-2bff-49d0-91e7-177a50e90f5f", "splittingValue": "0.0", "splittingAttirbute": "url.likesbooks.com", "children": [{"uuid": "72f3aa00-678d-4594-ab76-180c4b409d6c", "depth": 12, "parent_uuid": "2cdc4e85-081a-4184-9f51-a064c167a80e", "splittingValue": "0.0", "splittingAttirbute": "url.www.slake.com", "children": [{"uuid": "c16ccb72-4474-493c-a985-712b93fc6342", "depth": 13, "parent_uuid": "72f3aa00-678d-4594-ab76-180c4b409d6c", "splittingValue": "0.0", "splittingAttirbute": "url.hydrogeologist", "children": [{"uuid": "1a82a1cc-06ec-4c5a-82f6-a1cfafab3347", "depth": 14, "parent_uuid": "c16ccb72-4474-493c-a985-712b93fc6342", "splittingValue": "0.0", "splittingAttirbute": "url.oso", "children": [{"uuid": "49869f45-c5d5-444d-add1-df2ee57ac41c", "depth": 15, "parent_uuid": "1a82a1cc-06ec-4c5a-82f6-a1cfafab3347", "splittingValue": "0.0", "splittingAttirbute": "url.media", "children": [{"uuid": "31727fd1-8472-4dd1-9d0f-14f139bf33aa", "depth": 16, "parent_uuid": "49869f45-c5d5-444d-add1-df2ee57ac41c", "splittingValue": "0.0", "children": [], "isLeaf": true, "prediction": 1.0}], "isLeaf": false}], "isLeaf": false}], "isLeaf": false}], "isLeaf": false}], "isLeaf": false}], "isLeaf": false}], "isLeaf": false}], "isLeaf": false}], "isLeaf": false}, {"uuid": "86256107-6a6a-4b89-b3eb-f310741990b3", "depth": 7, "parent_uuid": "97a1eb3a-3309-46aa-9021-dcda990eb815", "splittingValue": "(184.0, 640.0]", "children": [], "isLeaf": true, "prediction": 1.0}], "isLeaf": false}], "isLeaf": false}, {"uuid": "641a91a9-697b-40e6-b02e-7deca99e9292", "depth": 5, "parent_uuid": "ca71738c-a2f5-4118-8309-e1658fa35727", "splittingValue": "1.0", "children": [], "isLeaf": true, "prediction": 0.0}], "isLeaf": false}, {"uuid": "71055009-0890-43a1-a297-bdb8cb9de520", "depth": 4, "parent_uuid": "f4fc2384-97d5-444b-9ec1-a676971ce468", "splittingValue": "1.0", "splittingAttirbute": "height", "children": [{"uuid": "34cd055c-bf10-479e-9081-22e74ba0dcf5", "depth": 5, "parent_uuid": "71055009-0890-43a1-a297-bdb8cb9de520", "splittingValue": "(51.0, 84.0]", "children": [], "isLeaf": true, "prediction": 0.0}, {"uuid": "13cf2a2e-5f4d-43b1-bf70-80bb5e49d910", "depth": 5, "parent_uuid": "71055009-0890-43a1-a297-bdb8cb9de520", "splittingValue": "(84.0, 640.0]", "children": [], "isLeaf": true, "prediction": 1.0}], "isLeaf": false}], "isLeaf": false}, {"uuid": "11793234-fa8c-4bf8-8c76-5e9bba9fef0c", "depth": 3, "parent_uuid": "23e7304b-9eeb-4e4c-9bab-db4259dfa4f8", "splittingValue": "1.0", "children": [], "isLeaf": true, "prediction": 0.0}], "isLeaf": false}], "isLeaf": false}