{"uuid": "be107aee-ebe6-471d-9407-c6934d629672", "depth": 1, "splittingAttirbute": "ancurl.com", "children": [{"uuid": "cd65b939-0f12-4341-9869-173966e7e555", "depth": 2, "parent_uuid": "be107aee-ebe6-471d-9407-c6934d629672", "splittingValue": "0.0", "splittingAttirbute": "url.ads", "children": [{"uuid": "5eed0077-6eda-4b0f-b8a8-c89c9291ba8b", "depth": 3, "parent_uuid": "cd65b939-0f12-4341-9869-173966e7e555", "splittingValue": "0.0", "splittingAttirbute": "ancurl.click", "children": [{"uuid": "5aa5119a-035e-49db-8710-61b1d919023e", "depth": 4, "parent_uuid": "5eed0077-6eda-4b0f-b8a8-c89c9291ba8b", "splittingValue": "0.0", "splittingAttirbute": "ancurl.uk", "children": [{"uuid": "a3197c15-8e40-48c8-b275-832bfc9d8b99", "depth": 5, "parent_uuid": "5aa5119a-035e-49db-8710-61b1d919023e", "splittingValue": "0.0", "splittingAttirbute": "url.bin", "children": [{"uuid": "05438f1d-aaa3-4dd1-a596-31c1d18ef34f", "depth": 6, "parent_uuid": "a3197c15-8e40-48c8-b275-832bfc9d8b99", "splittingValue": "0.0", "splittingAttirbute": "ancurl.http.www", "children": [{"uuid": "87d70530-69cd-4078-b182-e1eae8787dea", "depth": 7, "parent_uuid": "05438f1d-aaa3-4dd1-a596-31c1d18ef34f", "splittingValue": "0.0", "splittingAttirbute": "url.memberbanners", "children": [{"uuid": "48eb8cc9-89df-470c-add6-707ca795bdd5", "depth": 8, "parent_uuid": "87d70530-69cd-4078-b182-e1eae8787dea", "splittingValue": "0.0", "splittingAttirbute": "origurl.jun", "children": [{"uuid": "06c51e1c-ad3e-4003-8671-8585a2773e3b", "depth": 9, "parent_uuid": "48eb8cc9-89df-470c-add6-707ca795bdd5", "splittingValue": "0.0", "splittingAttirbute": "alt.click.here", "children": [{"uuid": "bafccbc8-3146-4bdf-aab8-7ce908c18cf7", "depth": 10, "parent_uuid": "06c51e1c-ad3e-4003-8671-8585a2773e3b", "splittingValue": "0.0", "splittingAttirbute": "url.images.home", "children": [{"uuid": "4b567660-4fd2-4300-bf34-7f7d3a6b2c04", "depth": 11, "parent_uuid": "bafccbc8-3146-4bdf-aab8-7ce908c18cf7", "splittingValue": "0.0", "splittingAttirbute": "ancurl.cid", "children": [{"uuid": "f297753c-b8ac-40a2-a9b8-eb6bab398b75", "depth": 12, "parent_uuid": "4b567660-4fd2-4300-bf34-7f7d3a6b2c04", "splittingValue": "0.0", "splittingAttirbute": "url.marketing", "children": [{"uuid": "e4255382-213d-40e8-8320-a4b47b0f7939", "depth": 13, "parent_uuid": "f297753c-b8ac-40a2-a9b8-eb6bab398b75", "splittingValue": "0.0", "splittingAttirbute": "url.doubleclick.net", "children": [{"uuid": "1812156c-d332-4c42-960c-5b3590dd75e4", "depth": 14, "parent_uuid": "e4255382-213d-40e8-8320-a4b47b0f7939", "splittingValue": "0.0", "splittingAttirbute": "url.banners", "children": [{"uuid": "b810fddc-4dfc-4aab-a720-23a5d1d3f06e", "depth": 15, "parent_uuid": "1812156c-d332-4c42-960c-5b3590dd75e4", "splittingValue": "0.0", "splittingAttirbute": "alt.visit.our", "children": [{"uuid": "cf943abf-4e5a-4476-9a6f-0d02e2f9cddc", "depth": 16, "parent_uuid": "b810fddc-4dfc-4aab-a720-23a5d1d3f06e", "splittingValue": "0.0", "children": [], "isLeaf": true, "prediction": 0.0}, {"uuid": "ab786245-33bf-432c-8b95-5ff302d4e3a1", "depth": 16, "parent_uuid": "b810fddc-4dfc-4aab-a720-23a5d1d3f06e", "splittingValue": "1.0", "children": [], "isLeaf": true, "prediction": 1.0}], "isLeaf": false}, {"uuid": "143b4734-6ab3-44ea-9fe1-c553fe310661", "depth": 15, "parent_uuid": "1812156c-d332-4c42-960c-5b3590dd75e4", "splittingValue": "1.0", "children": [], "isLeaf": true, "prediction": 1.0}], "isLeaf": false}, {"uuid": "b6ddc2a8-065b-4196-a559-79f80ad09401", "depth": 14, "parent_uuid": "e4255382-213d-40e8-8320-a4b47b0f7939", "splittingValue": "1.0", "children": [], "isLeaf": true, "prediction": 1.0}], "isLeaf": false}, {"uuid": "e0f24b47-0e90-49c0-9ce6-0758b86d29d8", "depth": 13, "parent_uuid": "f297753c-b8ac-40a2-a9b8-eb6bab398b75", "splittingValue": "1.0", "splittingAttirbute": "url.logo", "children": [{"uuid": "c490a4c7-b32a-4b2a-a33b-eeeae453a92f", "depth": 14, "parent_uuid": "e0f24b47-0e90-49c0-9ce6-0758b86d29d8", "splittingValue": "0.0", "children": [], "isLeaf": true, "prediction": 1.0}, {"uuid": "081076a7-e0b0-41e5-86b2-3450ef21752c", "depth": 14, "parent_uuid": "e0f24b47-0e90-49c0-9ce6-0758b86d29d8", "splittingValue": "1.0", "children": [], "isLeaf": true, "prediction": 0.0}], "isLeaf": false}], "isLeaf": false}, {"uuid": "b9a988e9-8786-4719-8121-a55119034d26", "depth": 12, "parent_uuid": "4b567660-4fd2-4300-bf34-7f7d3a6b2c04", "splittingValue": "1.0", "children": [], "isLeaf": true, "prediction": 1.0}], "isLeaf": false}, {"uuid": "a66f7c70-3c35-4571-b841-2ffac9ebcf07", "depth": 11, "parent_uuid": "bafccbc8-3146-4bdf-aab8-7ce908c18cf7", "splittingValue": "1.0", "splittingAttirbute": "width", "children": [{"uuid": "0100ba0c-518b-48f8-83a1-e2882733b012", "depth": 12, "parent_uuid": "a66f7c70-3c35-4571-b841-2ffac9ebcf07", "splittingValue": "(184.0, 640.0]", "children": [], "isLeaf": true, "prediction": 1.0}, {"uuid": "bd861a1e-84be-411b-a90a-2aceea49ae50", "depth": 12, "parent_uuid": "a66f7c70-3c35-4571-b841-2ffac9ebcf07", "splittingValue": "(81.0, 110.0]", "children": [], "isLeaf": true, "prediction": 0.0}, {"uuid": "9abb11ed-ec68-4321-b037-106bf61e0bad", "depth": 12, "parent_uuid": "a66f7c70-3c35-4571-b841-2ffac9ebcf07", "splittingValue": "(110.0, 184.0]", "children": [], "isLeaf": true, "prediction": 0.0}, {"uuid": "a72f4520-e02e-4f94-8dc5-930ffc43b82e", "depth": 12, "parent_uuid": "a66f7c70-3c35-4571-b841-2ffac9ebcf07", "splittingValue": "(0.999, 81.0]", "children": [], "isLeaf": true, "prediction": 0.0}], "isLeaf": false}], "isLeaf": false}, {"uuid": "18fc90ec-e4b1-42e5-9ce0-3005f4829d2e", "depth": 10, "parent_uuid": "06c51e1c-ad3e-4003-8671-8585a2773e3b", "splittingValue": "1.0", "splittingAttirbute": "alt.to", "children": [{"uuid": "e22b75fe-bb42-4590-8025-81d5fddd4d07", "depth": 11, "parent_uuid": "18fc90ec-e4b1-42e5-9ce0-3005f4829d2e", "splittingValue": "0.0", "splittingAttirbute": "width", "children": [{"uuid": "b342410e-5bc6-4934-9f50-fc6c3b4123b1", "depth": 12, "parent_uuid": "e22b75fe-bb42-4590-8025-81d5fddd4d07", "splittingValue": "(184.0, 640.0]", "children": [], "isLeaf": true, "prediction": 1.0}, {"uuid": "ff5fdc53-d007-4f91-aaa9-fcd874ac07f2", "depth": 12, "parent_uuid": "e22b75fe-bb42-4590-8025-81d5fddd4d07", "splittingValue": "(110.0, 184.0]", "splittingAttirbute": "height", "children": [{"uuid": "df1ae424-5ae5-411b-baca-3c489b4247cc", "depth": 13, "parent_uuid": "ff5fdc53-d007-4f91-aaa9-fcd874ac07f2", "splittingValue": "(25.0, 51.0]", "children": [], "isLeaf": true, "prediction": 0.0}, {"uuid": "9f1132d9-8d04-4bb6-a00a-a28d7d0826d2", "depth": 13, "parent_uuid": "ff5fdc53-d007-4f91-aaa9-fcd874ac07f2", "splittingValue": "(51.0, 84.0]", "children": [], "isLeaf": true, "prediction": 1.0}, {"uuid": "56742dbc-b3b5-4d0b-8658-bb06df422af5", "depth": 13, "parent_uuid": "ff5fdc53-d007-4f91-aaa9-fcd874ac07f2", "splittingValue": "(84.0, 640.0]", "children": [], "isLeaf": true, "prediction": 0.0}], "isLeaf": false}, {"uuid": "e7c4e77e-7e49-4dae-bf7e-c54a88c3fc8f", "depth": 12, "parent_uuid": "e22b75fe-bb42-4590-8025-81d5fddd4d07", "splittingValue": "(81.0, 110.0]", "children": [], "isLeaf": true, "prediction": 1.0}, {"uuid": "417f07b7-be65-4277-a734-22bd538490d4", "depth": 12, "parent_uuid": "e22b75fe-bb42-4590-8025-81d5fddd4d07", "splittingValue": "(0.999, 81.0]", "splittingAttirbute": "height", "children": [{"uuid": "e4eeec7c-328a-4799-872f-4f75d4910b34", "depth": 13, "parent_uuid": "417f07b7-be65-4277-a734-22bd538490d4", "splittingValue": "(25.0, 51.0]", "children": [], "isLeaf": true, "prediction": 0.0}, {"uuid": "c0e64783-5861-4196-ba12-0dfeb28d7954", "depth": 13, "parent_uuid": "417f07b7-be65-4277-a734-22bd538490d4", "splittingValue": "(51.0, 84.0]", "children": [], "isLeaf": true, "prediction": 1.0}], "isLeaf": false}], "isLeaf": false}, {"uuid": "2543affc-c198-49c3-ba8d-bbd283b2c654", "depth": 11, "parent_uuid": "18fc90ec-e4b1-42e5-9ce0-3005f4829d2e", "splittingValue": "1.0", "splittingAttirbute": "origurl.index", "children": [{"uuid": "4f2071a4-e1c1-4f07-a19e-139e4785bc41", "depth": 12, "parent_uuid": "2543affc-c198-49c3-ba8d-bbd283b2c654", "splittingValue": "0.0", "children": [], "isLeaf": true, "prediction": 0.0}, {"uuid": "9091cb34-f06b-4461-bdc9-769f96f2b259", "depth": 12, "parent_uuid": "2543affc-c198-49c3-ba8d-bbd283b2c654", "splittingValue": "1.0", "children": [], "isLeaf": true, "prediction": 1.0}], "isLeaf": false}], "isLeaf": false}], "isLeaf": false}, {"uuid": "2f9bb044-63e8-4f45-ba60-770ff22cba3e", "depth": 9, "parent_uuid": "48eb8cc9-89df-470c-add6-707ca795bdd5", "splittingValue": "1.0", "children": [], "isLeaf": true, "prediction": 1.0}], "isLeaf": false}, {"uuid": "6c7f4328-4ad1-4721-bc56-fb91c8ded641", "depth": 8, "parent_uuid": "87d70530-69cd-4078-b182-e1eae8787dea", "splittingValue": "1.0", "children": [], "isLeaf": true, "prediction": 1.0}], "isLeaf": false}, {"uuid": "b3657228-09b2-4e95-871c-c6ae0b434db9", "depth": 7, "parent_uuid": "05438f1d-aaa3-4dd1-a596-31c1d18ef34f", "splittingValue": "1.0", "children": [], "isLeaf": true, "prediction": 1.0}], "isLeaf": false}, {"uuid": "2f8cacaa-8347-4036-a2aa-c4cdb068e11c", "depth": 6, "parent_uuid": "a3197c15-8e40-48c8-b275-832bfc9d8b99", "splittingValue": "1.0", "splittingAttirbute": "height", "children": [{"uuid": "66bc4363-7b8a-4735-80d1-e52aae0f867f", "depth": 7, "parent_uuid": "2f8cacaa-8347-4036-a2aa-c4cdb068e11c", "splittingValue": "(51.0, 84.0]", "children": [], "isLeaf": true, "prediction": 1.0}, {"uuid": "e10c8fe0-fd03-48b3-8839-033f46e94879", "depth": 7, "parent_uuid": "2f8cacaa-8347-4036-a2aa-c4cdb068e11c", "splittingValue": "(0.999, 25.0]", "splittingAttirbute": "url.ad", "children": [{"uuid": "f8a61e24-4397-4a07-a53b-f09b93772617", "depth": 8, "parent_uuid": "e10c8fe0-fd03-48b3-8839-033f46e94879", "splittingValue": "0.0", "children": [], "isLeaf": true, "prediction": 0.0}, {"uuid": "fdc0a754-531e-435f-9889-08db5e38feb1", "depth": 8, "parent_uuid": "e10c8fe0-fd03-48b3-8839-033f46e94879", "splittingValue": "1.0", "children": [], "isLeaf": true, "prediction": 1.0}], "isLeaf": false}, {"uuid": "6350ab19-5a06-4f4b-b054-ba9e1b50f7bc", "depth": 7, "parent_uuid": "2f8cacaa-8347-4036-a2aa-c4cdb068e11c", "splittingValue": "(84.0, 640.0]", "children": [], "isLeaf": true, "prediction": 1.0}, {"uuid": "b658851e-27e2-47e2-977d-e94c680cd0a9", "depth": 7, "parent_uuid": "2f8cacaa-8347-4036-a2aa-c4cdb068e11c", "splittingValue": "(25.0, 51.0]", "children": [], "isLeaf": true, "prediction": 0.0}], "isLeaf": false}], "isLeaf": false}, {"uuid": "44e6f5be-66e0-46a4-be39-46e4dd313bf9", "depth": 5, "parent_uuid": "5aa5119a-035e-49db-8710-61b1d919023e", "splittingValue": "1.0", "children": [], "isLeaf": true, "prediction": 1.0}], "isLeaf": false}, {"uuid": "41d66278-51f5-4f6b-a8c0-00011c9f35fb", "depth": 4, "parent_uuid": "5eed0077-6eda-4b0f-b8a8-c89c9291ba8b", "splittingValue": "1.0", "children": [], "isLeaf": true, "prediction": 1.0}], "isLeaf": false}, {"uuid": "6eb2300a-cd97-4078-a9a0-47ece4a68f62", "depth": 3, "parent_uuid": "cd65b939-0f12-4341-9869-173966e7e555", "splittingValue": "1.0", "splittingAttirbute": "width", "children": [{"uuid": "676fcd44-6f9f-4c9c-8213-ae72ccdc296b", "depth": 4, "parent_uuid": "6eb2300a-cd97-4078-a9a0-47ece4a68f62", "splittingValue": "(184.0, 640.0]", "children": [], "isLeaf": true, "prediction": 1.0}, {"uuid": "a10b0ae1-131b-4f28-a4e3-31e64916f393", "depth": 4, "parent_uuid": "6eb2300a-cd97-4078-a9a0-47ece4a68f62", "splittingValue": "(110.0, 184.0]", "children": [], "isLeaf": true, "prediction": 1.0}, {"uuid": "993065be-9cba-4aa4-a14e-7458d4b0979b", "depth": 4, "parent_uuid": "6eb2300a-cd97-4078-a9a0-47ece4a68f62", "splittingValue": "(81.0, 110.0]", "splittingAttirbute": "local", "children": [{"uuid": "055dc8b1-467c-4224-874e-c56822e2f5ea", "depth": 5, "parent_uuid": "993065be-9cba-4aa4-a14e-7458d4b0979b", "splittingValue": "1.0", "children": [], "isLeaf": true, "prediction": 1.0}, {"uuid": "197b3f7e-69db-41d3-9c4d-9d582fa6e3e0", "depth": 5, "parent_uuid": "993065be-9cba-4aa4-a14e-7458d4b0979b", "splittingValue": "0.0", "children": [], "isLeaf": true, "prediction": 0.0}], "isLeaf": false}, {"uuid": "9eaa2791-6ecb-42a5-b2f4-a4b9da2d5082", "depth": 4, "parent_uuid": "6eb2300a-cd97-4078-a9a0-47ece4a68f62", "splittingValue": "(0.999, 81.0]", "children": [], "isLeaf": true, "prediction": 0.0}], "isLeaf": false}], "isLeaf": false}, {"uuid": "dc70e066-62b4-4e4a-9b05-f930371a9814", "depth": 2, "parent_uuid": "be107aee-ebe6-471d-9407-c6934d629672", "splittingValue": "1.0", "splittingAttirbute": "url.members.tripod.com", "children": [{"uuid": "1bbab87a-2279-4e02-b017-f8a6d352d90e", "depth": 3, "parent_uuid": "dc70e066-62b4-4e4a-9b05-f930371a9814", "splittingValue": "0.0", "splittingAttirbute": "ancurl.news", "children": [{"uuid": "c9903c49-7620-40e3-9024-7baa786c1333", "depth": 4, "parent_uuid": "1bbab87a-2279-4e02-b017-f8a6d352d90e", "splittingValue": "0.0", "splittingAttirbute": "origurl.4301.misfits2", "children": [{"uuid": "eb7bd23e-66d5-40ec-a636-fe645c5bf9c8", "depth": 5, "parent_uuid": "c9903c49-7620-40e3-9024-7baa786c1333", "splittingValue": "0.0", "children": [], "isLeaf": true, "prediction": 1.0}, {"uuid": "60dcdb3f-bf0f-44f6-a896-60371e771382", "depth": 5, "parent_uuid": "c9903c49-7620-40e3-9024-7baa786c1333", "splittingValue": "1.0", "children": [], "isLeaf": true, "prediction": 0.0}], "isLeaf": false}, {"uuid": "cd58f73b-013e-4dc7-85c9-d6f7b46c2bcf", "depth": 4, "parent_uuid": "1bbab87a-2279-4e02-b017-f8a6d352d90e", "splittingValue": "1.0", "children": [], "isLeaf": true, "prediction": 0.0}], "isLeaf": false}, {"uuid": "3ae1c87d-a0b9-4f8c-b953-7244f7f1ef1d", "depth": 3, "parent_uuid": "dc70e066-62b4-4e4a-9b05-f930371a9814", "splittingValue": "1.0", "children": [], "isLeaf": true, "prediction": 0.0}], "isLeaf": false}], "isLeaf": false}