{"uuid": "a28c50c9-f949-4771-aa34-f4dee0848fa6", "depth": 1, "splittingAttirbute": "ancurl.com", "children": [{"uuid": "00b5e1ff-7645-4ec6-bce0-133151b1c554", "depth": 2, "parent_uuid": "a28c50c9-f949-4771-aa34-f4dee0848fa6", "splittingValue": "0.0", "splittingAttirbute": "url.ads", "children": [{"uuid": "22c9c14d-2e37-48f5-9e94-244d25c0e0e1", "depth": 3, "parent_uuid": "00b5e1ff-7645-4ec6-bce0-133151b1c554", "splittingValue": "0.0", "splittingAttirbute": "ancurl.uk", "children": [{"uuid": "448d857b-7ae5-47a6-9cd8-8e0b58a5142e", "depth": 4, "parent_uuid": "22c9c14d-2e37-48f5-9e94-244d25c0e0e1", "splittingValue": "0.0", "splittingAttirbute": "ancurl.click", "children": [{"uuid": "c3dac30b-4837-4a77-b121-c36ae2ecb16f", "depth": 5, "parent_uuid": "448d857b-7ae5-47a6-9cd8-8e0b58a5142e", "splittingValue": "0.0", "splittingAttirbute": "url.bin", "children": [{"uuid": "5d622145-d1ea-497a-8d84-1ed242f6f914", "depth": 6, "parent_uuid": "c3dac30b-4837-4a77-b121-c36ae2ecb16f", "splittingValue": "0.0", "splittingAttirbute": "url.ad", "children": [{"uuid": "56653fb3-5f70-4cbc-bd5b-2c95f368c861", "depth": 7, "parent_uuid": "5d622145-d1ea-497a-8d84-1ed242f6f914", "splittingValue": "0.0", "splittingAttirbute": "url.memberbanners", "children": [{"uuid": "90631469-ed60-4624-96da-39df7f5ce24a", "depth": 8, "parent_uuid": "56653fb3-5f70-4cbc-bd5b-2c95f368c861", "splittingValue": "0.0", "splittingAttirbute": "alt.click.here", "children": [{"uuid": "02ceabe2-ac72-476e-b7f7-868cd1e6e91e", "depth": 9, "parent_uuid": "90631469-ed60-4624-96da-39df7f5ce24a", "splittingValue": "0.0", "splittingAttirbute": "url.uk", "children": [{"uuid": "63d4ddb8-cdec-45ce-ac01-2c1158e90793", "depth": 10, "parent_uuid": "02ceabe2-ac72-476e-b7f7-868cd1e6e91e", "splittingValue": "0.0", "splittingAttirbute": "alt.visit.our", "children": [{"uuid": "3ed995e4-5d58-47b7-b2b4-2ae3e3c639a2", "depth": 11, "parent_uuid": "63d4ddb8-cdec-45ce-ac01-2c1158e90793", "splittingValue": "0.0", "splittingAttirbute": "ancurl.page", "children": [{"uuid": "6d779b20-d84b-4801-ab9a-bb3396115a97", "depth": 12, "parent_uuid": "3ed995e4-5d58-47b7-b2b4-2ae3e3c639a2", "splittingValue": "0.0", "splittingAttirbute": "origurl.jun", "children": [{"uuid": "5b85c53c-d103-4627-b16e-613d3609862e", "depth": 13, "parent_uuid": "6d779b20-d84b-4801-ab9a-bb3396115a97", "splittingValue": "0.0", "splittingAttirbute": "url.lycos.de", "children": [{"uuid": "f2f72db4-d72f-476e-8dbb-679a084c4092", "depth": 14, "parent_uuid": "5b85c53c-d103-4627-b16e-613d3609862e", "splittingValue": "0.0", "splittingAttirbute": "url.images.home", "children": [{"uuid": "c6821716-64f6-4033-b737-b50586ce9245", "depth": 15, "parent_uuid": "f2f72db4-d72f-476e-8dbb-679a084c4092", "splittingValue": "0.0", "splittingAttirbute": "origurl.home.netscape.com", "children": [{"uuid": "bdb97cf5-ca2d-423f-93e0-4132a7762377", "depth": 16, "parent_uuid": "c6821716-64f6-4033-b737-b50586ce9245", "splittingValue": "0.0", "children": [], "isLeaf": true, "prediction": 0.0}, {"uuid": "c69fc992-c885-45a2-8623-f6663a33492c", "depth": 16, "parent_uuid": "c6821716-64f6-4033-b737-b50586ce9245", "splittingValue": "1.0", "children": [], "isLeaf": true, "prediction": 1.0}], "isLeaf": false}, {"uuid": "a7d3c041-a324-4165-98ca-57fb3f6f0fe1", "depth": 15, "parent_uuid": "f2f72db4-d72f-476e-8dbb-679a084c4092", "splittingValue": "1.0", "splittingAttirbute": "height", "children": [{"uuid": "6658d6d2-2576-43be-b5dd-da6f210ab462", "depth": 16, "parent_uuid": "a7d3c041-a324-4165-98ca-57fb3f6f0fe1", "splittingValue": "(25.0, 51.0]", "children": [], "isLeaf": true, "prediction": 1.0}, {"uuid": "06735d2b-9ce6-488d-82e5-47432b49d1ad", "depth": 16, "parent_uuid": "a7d3c041-a324-4165-98ca-57fb3f6f0fe1", "splittingValue": "(0.999, 25.0]", "children": [], "isLeaf": true, "prediction": 0.0}, {"uuid": "0d440360-31ac-443b-a5a0-6747b9874093", "depth": 16, "parent_uuid": "a7d3c041-a324-4165-98ca-57fb3f6f0fe1", "splittingValue": "(84.0, 640.0]", "children": [], "isLeaf": true, "prediction": 0.0}], "isLeaf": false}], "isLeaf": false}, {"uuid": "1a5ad9f3-9cca-483e-bd8f-e264cde66e40", "depth": 14, "parent_uuid": "5b85c53c-d103-4627-b16e-613d3609862e", "splittingValue": "1.0", "children": [], "isLeaf": true, "prediction": 1.0}], "isLeaf": false}, {"uuid": "bd51a1eb-dbf5-409c-b019-df426ffd31bb", "depth": 13, "parent_uuid": "6d779b20-d84b-4801-ab9a-bb3396115a97", "splittingValue": "1.0", "children": [], "isLeaf": true, "prediction": 1.0}], "isLeaf": false}, {"uuid": "9ab3ec98-b0ed-4794-a07a-29d318af3034", "depth": 12, "parent_uuid": "3ed995e4-5d58-47b7-b2b4-2ae3e3c639a2", "splittingValue": "1.0", "splittingAttirbute": "aratio", "children": [{"uuid": "4d3da3f5-9e37-4275-9376-dddf5b515fc4", "depth": 13, "parent_uuid": "9ab3ec98-b0ed-4794-a07a-29d318af3034", "splittingValue": "(5.333, 60.0]", "children": [], "isLeaf": true, "prediction": 1.0}, {"uuid": "46c01f9b-ef2c-4d3c-979d-133d936e5d84", "depth": 13, "parent_uuid": "9ab3ec98-b0ed-4794-a07a-29d318af3034", "splittingValue": "(0.0005, 1.036]", "children": [], "isLeaf": true, "prediction": 1.0}, {"uuid": "e7145840-5ffb-4f8a-9b12-15bb5c229b0d", "depth": 13, "parent_uuid": "9ab3ec98-b0ed-4794-a07a-29d318af3034", "splittingValue": "(2.102, 5.333]", "children": [], "isLeaf": true, "prediction": 0.0}], "isLeaf": false}], "isLeaf": false}, {"uuid": "4fe5c94d-c8da-41d0-9f2a-03e536bade66", "depth": 11, "parent_uuid": "63d4ddb8-cdec-45ce-ac01-2c1158e90793", "splittingValue": "1.0", "children": [], "isLeaf": true, "prediction": 1.0}], "isLeaf": false}, {"uuid": "68f199f7-b07b-467d-8161-73591ff106ed", "depth": 10, "parent_uuid": "02ceabe2-ac72-476e-b7f7-868cd1e6e91e", "splittingValue": "1.0", "children": [], "isLeaf": true, "prediction": 1.0}], "isLeaf": false}, {"uuid": "7082b510-c936-472c-801e-08b2b5f3281b", "depth": 9, "parent_uuid": "90631469-ed60-4624-96da-39df7f5ce24a", "splittingValue": "1.0", "splittingAttirbute": "alt.to", "children": [{"uuid": "ce44097f-6308-47d1-810c-8b28b4be9113", "depth": 10, "parent_uuid": "7082b510-c936-472c-801e-08b2b5f3281b", "splittingValue": "0.0", "splittingAttirbute": "local", "children": [{"uuid": "13f97281-f7f9-408a-9f64-1bf7b1e2169d", "depth": 11, "parent_uuid": "ce44097f-6308-47d1-810c-8b28b4be9113", "splittingValue": "1.0", "children": [], "isLeaf": true, "prediction": 1.0}, {"uuid": "13bf5edd-9c5a-41c1-8180-9244ea1e0128", "depth": 11, "parent_uuid": "ce44097f-6308-47d1-810c-8b28b4be9113", "splittingValue": "0.0", "splittingAttirbute": "ancurl.default", "children": [{"uuid": "78efd7ac-f903-427f-9126-370e0906d4b4", "depth": 12, "parent_uuid": "13bf5edd-9c5a-41c1-8180-9244ea1e0128", "splittingValue": "0.0", "children": [], "isLeaf": true, "prediction": 0.0}, {"uuid": "28e80485-d668-4e34-a9f3-5da89b559124", "depth": 12, "parent_uuid": "13bf5edd-9c5a-41c1-8180-9244ea1e0128", "splittingValue": "1.0", "children": [], "isLeaf": true, "prediction": 1.0}], "isLeaf": false}], "isLeaf": false}, {"uuid": "c687e02c-10a7-4485-8aee-fed59d4dc41b", "depth": 10, "parent_uuid": "7082b510-c936-472c-801e-08b2b5f3281b", "splittingValue": "1.0", "splittingAttirbute": "origurl.index", "children": [{"uuid": "8f3e9414-487a-4370-b1b2-70096ce5ee6b", "depth": 11, "parent_uuid": "c687e02c-10a7-4485-8aee-fed59d4dc41b", "splittingValue": "0.0", "children": [], "isLeaf": true, "prediction": 0.0}, {"uuid": "ac441868-c9be-43c7-829f-ae11b1f51a23", "depth": 11, "parent_uuid": "c687e02c-10a7-4485-8aee-fed59d4dc41b", "splittingValue": "1.0", "children": [], "isLeaf": true, "prediction": 1.0}], "isLeaf": false}], "isLeaf": false}], "isLeaf": false}, {"uuid": "27f3072e-7da8-4ac1-99b1-351fca9b320c", "depth": 8, "parent_uuid": "56653fb3-5f70-4cbc-bd5b-2c95f368c861", "splittingValue": "1.0", "splittingAttirbute": "origurl.hollywood.9662", "children": [{"uuid": "c897f3e0-9011-4ddd-80c9-b8d4419f4eed", "depth": 9, "parent_uuid": "27f3072e-7da8-4ac1-99b1-351fca9b320c", "splittingValue": "0.0", "children": [], "isLeaf": true, "prediction": 1.0}, {"uuid": "1ec8d906-40aa-4212-8fd8-ec7a53d68734", "depth": 9, "parent_uuid": "27f3072e-7da8-4ac1-99b1-351fca9b320c", "splittingValue": "1.0", "children": [], "isLeaf": true, "prediction": 0.0}], "isLeaf": false}], "isLeaf": false}, {"uuid": "bc1aa389-f803-4394-a7ac-828720c24c10", "depth": 7, "parent_uuid": "5d622145-d1ea-497a-8d84-1ed242f6f914", "splittingValue": "1.0", "splittingAttirbute": "height", "children": [{"uuid": "9de4969f-d220-4e31-ad5c-3ebd38827d6b", "depth": 8, "parent_uuid": "bc1aa389-f803-4394-a7ac-828720c24c10", "splittingValue": "(84.0, 640.0]", "children": [], "isLeaf": true, "prediction": 1.0}, {"uuid": "f98bcb1b-14bf-4285-872f-25c9c7cab58f", "depth": 8, "parent_uuid": "bc1aa389-f803-4394-a7ac-828720c24c10", "splittingValue": "(51.0, 84.0]", "children": [], "isLeaf": true, "prediction": 0.0}, {"uuid": "3880596a-2751-4146-aee2-c0d0a44d618f", "depth": 8, "parent_uuid": "bc1aa389-f803-4394-a7ac-828720c24c10", "splittingValue": "(25.0, 51.0]", "children": [], "isLeaf": true, "prediction": 1.0}], "isLeaf": false}], "isLeaf": false}, {"uuid": "65691c2e-6c6a-4e5d-aa2e-0831a5006a0c", "depth": 6, "parent_uuid": "c3dac30b-4837-4a77-b121-c36ae2ecb16f", "splittingValue": "1.0", "splittingAttirbute": "height", "children": [{"uuid": "e62bcb64-a93a-4780-a0cd-7f0dcaf4dc0e", "depth": 7, "parent_uuid": "65691c2e-6c6a-4e5d-aa2e-0831a5006a0c", "splittingValue": "(51.0, 84.0]", "children": [], "isLeaf": true, "prediction": 1.0}, {"uuid": "2acb4a52-25da-4a07-9241-e7d91fc7ef37", "depth": 7, "parent_uuid": "65691c2e-6c6a-4e5d-aa2e-0831a5006a0c", "splittingValue": "(0.999, 25.0]", "splittingAttirbute": "url.ad", "children": [{"uuid": "1868c91c-482d-4cbb-a633-7f50a8779464", "depth": 8, "parent_uuid": "2acb4a52-25da-4a07-9241-e7d91fc7ef37", "splittingValue": "0.0", "children": [], "isLeaf": true, "prediction": 0.0}, {"uuid": "74434bcf-b6b1-4d94-b598-93de9ecc17f8", "depth": 8, "parent_uuid": "2acb4a52-25da-4a07-9241-e7d91fc7ef37", "splittingValue": "1.0", "children": [], "isLeaf": true, "prediction": 1.0}], "isLeaf": false}, {"uuid": "fd87935e-8ef9-43dc-b827-7a66b37ebfb8", "depth": 7, "parent_uuid": "65691c2e-6c6a-4e5d-aa2e-0831a5006a0c", "splittingValue": "(84.0, 640.0]", "children": [], "isLeaf": true, "prediction": 1.0}, {"uuid": "99736bb5-069f-4340-b1ed-f121000a0aaf", "depth": 7, "parent_uuid": "65691c2e-6c6a-4e5d-aa2e-0831a5006a0c", "splittingValue": "(25.0, 51.0]", "splittingAttirbute": "width", "children": [{"uuid": "3efe0806-a972-48fa-81f6-5858a5f5a9ff", "depth": 8, "parent_uuid": "99736bb5-069f-4340-b1ed-f121000a0aaf", "splittingValue": "(0.999, 81.0]", "children": [], "isLeaf": true, "prediction": 0.0}, {"uuid": "b5e86706-3a0b-44e3-b4f0-391791f68ab6", "depth": 8, "parent_uuid": "99736bb5-069f-4340-b1ed-f121000a0aaf", "splittingValue": "(184.0, 640.0]", "children": [], "isLeaf": true, "prediction": 1.0}], "isLeaf": false}], "isLeaf": false}], "isLeaf": false}, {"uuid": "581a9a6b-1949-4f49-8197-fa8be193de22", "depth": 5, "parent_uuid": "448d857b-7ae5-47a6-9cd8-8e0b58a5142e", "splittingValue": "1.0", "children": [], "isLeaf": true, "prediction": 1.0}], "isLeaf": false}, {"uuid": "a906897f-de7e-4546-b375-ad0ae815924d", "depth": 4, "parent_uuid": "22c9c14d-2e37-48f5-9e94-244d25c0e0e1", "splittingValue": "1.0", "splittingAttirbute": "height", "children": [{"uuid": "582a0347-a1c9-4d0b-822a-a2e9a1a090d6", "depth": 5, "parent_uuid": "a906897f-de7e-4546-b375-ad0ae815924d", "splittingValue": "(84.0, 640.0]", "children": [], "isLeaf": true, "prediction": 1.0}, {"uuid": "ace11d45-c136-404f-a337-f1516b7d5e43", "depth": 5, "parent_uuid": "a906897f-de7e-4546-b375-ad0ae815924d", "splittingValue": "(51.0, 84.0]", "children": [], "isLeaf": true, "prediction": 1.0}, {"uuid": "56d3f3d2-d49b-4603-ab69-cc1c4c835f55", "depth": 5, "parent_uuid": "a906897f-de7e-4546-b375-ad0ae815924d", "splittingValue": "(25.0, 51.0]", "children": [], "isLeaf": true, "prediction": 0.0}], "isLeaf": false}], "isLeaf": false}, {"uuid": "36284ed7-c30b-410b-a901-dae555075e60", "depth": 3, "parent_uuid": "00b5e1ff-7645-4ec6-bce0-133151b1c554", "splittingValue": "1.0", "splittingAttirbute": "width", "children": [{"uuid": "4a9c8faa-5385-4ae6-9814-6e478afbbd9b", "depth": 4, "parent_uuid": "36284ed7-c30b-410b-a901-dae555075e60", "splittingValue": "(184.0, 640.0]", "splittingAttirbute": "height", "children": [{"uuid": "3b72cacf-a6e4-41c8-8c5a-bd7957fbaa06", "depth": 5, "parent_uuid": "4a9c8faa-5385-4ae6-9814-6e478afbbd9b", "splittingValue": "(51.0, 84.0]", "children": [], "isLeaf": true, "prediction": 1.0}, {"uuid": "29562f3a-cf60-47ce-90c6-a52d78854865", "depth": 5, "parent_uuid": "4a9c8faa-5385-4ae6-9814-6e478afbbd9b", "splittingValue": "(25.0, 51.0]", "children": [], "isLeaf": true, "prediction": 1.0}, {"uuid": "c1dd19a0-9d10-4935-a37d-d7d910b00453", "depth": 5, "parent_uuid": "4a9c8faa-5385-4ae6-9814-6e478afbbd9b", "splittingValue": "(84.0, 640.0]", "children": [], "isLeaf": true, "prediction": 0.0}], "isLeaf": false}, {"uuid": "1c191f93-0bc0-4e1e-b1c4-c458b633b748", "depth": 4, "parent_uuid": "36284ed7-c30b-410b-a901-dae555075e60", "splittingValue": "(110.0, 184.0]", "children": [], "isLeaf": true, "prediction": 1.0}, {"uuid": "9f548ca8-a354-45ae-ad32-56b84a4b32f9", "depth": 4, "parent_uuid": "36284ed7-c30b-410b-a901-dae555075e60", "splittingValue": "(81.0, 110.0]", "children": [], "isLeaf": true, "prediction": 1.0}, {"uuid": "8a227a2f-261d-4df6-8b22-2b058e167317", "depth": 4, "parent_uuid": "36284ed7-c30b-410b-a901-dae555075e60", "splittingValue": "(0.999, 81.0]", "children": [], "isLeaf": true, "prediction": 0.0}], "isLeaf": false}], "isLeaf": false}, {"uuid": "60830a39-982b-413d-8c8b-ade2831cd9f5", "depth": 2, "parent_uuid": "a28c50c9-f949-4771-aa34-f4dee0848fa6", "splittingValue": "1.0", "splittingAttirbute": "height", "children": [{"uuid": "fab7d3d7-876a-4eb5-925d-42618ac8bd56", "depth": 3, "parent_uuid": "60830a39-982b-413d-8c8b-ade2831cd9f5", "splittingValue": "(51.0, 84.0]", "splittingAttirbute": "origurl.www.news.observer.com", "children": [{"uuid": "f6860200-8f58-44e8-8f74-34fc4fd1eb5c", "depth": 4, "parent_uuid": "fab7d3d7-876a-4eb5-925d-42618ac8bd56", "splittingValue": "0.0", "splittingAttirbute": "url.pacific.net.sg", "children": [{"uuid": "4e8382f2-dfd0-4f54-b29e-003b434b6fce", "depth": 5, "parent_uuid": "f6860200-8f58-44e8-8f74-34fc4fd1eb5c", "splittingValue": "0.0", "children": [], "isLeaf": true, "prediction": 1.0}, {"uuid": "04daae6b-e630-450c-a7e9-637e6b150714", "depth": 5, "parent_uuid": "f6860200-8f58-44e8-8f74-34fc4fd1eb5c", "splittingValue": "1.0", "splittingAttirbute": "width", "children": [{"uuid": "332ec5c3-7d70-4d7c-a33e-2906025c97e5", "depth": 6, "parent_uuid": "04daae6b-e630-450c-a7e9-637e6b150714", "splittingValue": "(110.0, 184.0]", "splittingAttirbute": "aratio", "children": [{"uuid": "a225074b-cf4d-4ff8-a0aa-e41afe0f0214", "depth": 7, "parent_uuid": "332ec5c3-7d70-4d7c-a33e-2906025c97e5", "splittingValue": "(2.102, 5.333]", "splittingAttirbute": "local", "children": [{"uuid": "4bd2deaa-344c-4951-b11c-bc92a6539f59", "depth": 8, "parent_uuid": "a225074b-cf4d-4ff8-a0aa-e41afe0f0214", "splittingValue": "1.0", "splittingAttirbute": "url.images.buttons", "children": [{"uuid": "99d02088-546c-42b4-ba81-3e6313941f86", "depth": 9, "parent_uuid": "4bd2deaa-344c-4951-b11c-bc92a6539f59", "splittingValue": "0.0", "splittingAttirbute": "url.likesbooks.com", "children": [{"uuid": "ff557d80-5ade-467b-9a79-3529b4260526", "depth": 10, "parent_uuid": "99d02088-546c-42b4-ba81-3e6313941f86", "splittingValue": "0.0", "splittingAttirbute": "url.www.slake.com", "children": [{"uuid": "cc99d15f-59f4-46b2-bba3-0cb930655de8", "depth": 11, "parent_uuid": "ff557d80-5ade-467b-9a79-3529b4260526", "splittingValue": "0.0", "splittingAttirbute": "url.hydrogeologist", "children": [{"uuid": "681f109a-aad6-4e56-9c73-7eb2322b235d", "depth": 12, "parent_uuid": "cc99d15f-59f4-46b2-bba3-0cb930655de8", "splittingValue": "0.0", "splittingAttirbute": "url.oso", "children": [{"uuid": "95cc704c-202d-4bca-93d4-aec355fc8f12", "depth": 13, "parent_uuid": "681f109a-aad6-4e56-9c73-7eb2322b235d", "splittingValue": "0.0", "splittingAttirbute": "url.media", "children": [{"uuid": "71429bd7-7813-423a-b652-1e5e6f9e3e50", "depth": 14, "parent_uuid": "95cc704c-202d-4bca-93d4-aec355fc8f12", "splittingValue": "0.0", "splittingAttirbute": "url.peace.images", "children": [{"uuid": "c04e99e2-b552-49ca-b62e-a3f3f4285be7", "depth": 15, "parent_uuid": "71429bd7-7813-423a-b652-1e5e6f9e3e50", "splittingValue": "0.0", "splittingAttirbute": "url.blipverts", "children": [{"uuid": "458243ee-9437-410c-bd91-e08d8c5ccabf", "depth": 16, "parent_uuid": "c04e99e2-b552-49ca-b62e-a3f3f4285be7", "splittingValue": "0.0", "children": [], "isLeaf": true, "prediction": 1.0}], "isLeaf": false}], "isLeaf": false}], "isLeaf": false}], "isLeaf": false}], "isLeaf": false}], "isLeaf": false}], "isLeaf": false}], "isLeaf": false}], "isLeaf": false}], "isLeaf": false}], "isLeaf": false}], "isLeaf": false}, {"uuid": "3f2bd4ad-d1ca-4fdc-915e-776f5d3ddf70", "depth": 4, "parent_uuid": "fab7d3d7-876a-4eb5-925d-42618ac8bd56", "splittingValue": "1.0", "children": [], "isLeaf": true, "prediction": 0.0}], "isLeaf": false}, {"uuid": "9223bb4d-5ec1-4038-819b-7f3e2295e17c", "depth": 3, "parent_uuid": "60830a39-982b-413d-8c8b-ade2831cd9f5", "splittingValue": "(84.0, 640.0]", "children": [], "isLeaf": true, "prediction": 1.0}, {"uuid": "c1c87b00-d4f9-4ed7-8021-8068e39b18b3", "depth": 3, "parent_uuid": "60830a39-982b-413d-8c8b-ade2831cd9f5", "splittingValue": "(25.0, 51.0]", "children": [], "isLeaf": true, "prediction": 1.0}, {"uuid": "e3d3cb6f-de45-4b60-bf8c-a3226da66216", "depth": 3, "parent_uuid": "60830a39-982b-413d-8c8b-ade2831cd9f5", "splittingValue": "(0.999, 25.0]", "children": [], "isLeaf": true, "prediction": 0.0}], "isLeaf": false}], "isLeaf": false}