{"uuid": "9ab06bff-7340-4c04-bb83-da971ce31d66", "depth": 1, "splittingAttirbute": "ancurl.com", "children": [{"uuid": "ba90b7ef-3c43-470a-9c16-2af72611566a", "depth": 2, "parent_uuid": "9ab06bff-7340-4c04-bb83-da971ce31d66", "splittingValue": "0.0", "splittingAttirbute": "url.ads", "children": [{"uuid": "f798971a-5c4f-4e4b-86db-9c37b951c9b9", "depth": 3, "parent_uuid": "ba90b7ef-3c43-470a-9c16-2af72611566a", "splittingValue": "0.0", "splittingAttirbute": "url.ad", "children": [{"uuid": "18810d40-57ad-44c5-b1b3-bbbf4c05852a", "depth": 4, "parent_uuid": "f798971a-5c4f-4e4b-86db-9c37b951c9b9", "splittingValue": "0.0", "splittingAttirbute": "width", "children": [{"uuid": "e2204ae6-b969-41d8-970d-4fb64997c748", "depth": 5, "parent_uuid": "18810d40-57ad-44c5-b1b3-bbbf4c05852a", "splittingValue": "(81.0, 110.0]", "splittingAttirbute": "url.bin", "children": [{"uuid": "c5549eec-4d3e-4d08-a334-9e9671507476", "depth": 6, "parent_uuid": "e2204ae6-b969-41d8-970d-4fb64997c748", "splittingValue": "0.0", "splittingAttirbute": "ancurl.click", "children": [{"uuid": "a9913f81-6d7f-469a-a4f9-6f99207cb1de", "depth": 7, "parent_uuid": "c5549eec-4d3e-4d08-a334-9e9671507476", "splittingValue": "0.0", "splittingAttirbute": "ancurl.main", "children": [{"uuid": "ebcaee7b-4e28-41cc-967c-b11f9f24520b", "depth": 8, "parent_uuid": "a9913f81-6d7f-469a-a4f9-6f99207cb1de", "splittingValue": "0.0", "splittingAttirbute": "url.cjackson", "children": [{"uuid": "6db30bd8-3104-4f01-80d7-a5c18ff31fb6", "depth": 9, "parent_uuid": "ebcaee7b-4e28-41cc-967c-b11f9f24520b", "splittingValue": "0.0", "splittingAttirbute": "origurl.www.thriveonline.com", "children": [{"uuid": "f33b1b5b-605c-4f4a-bfec-af126f9fdf5d", "depth": 10, "parent_uuid": "6db30bd8-3104-4f01-80d7-a5c18ff31fb6", "splittingValue": "0.0", "splittingAttirbute": "alt.out", "children": [{"uuid": "5726bafc-ef8b-4fc4-8e4d-ee56e684cb68", "depth": 11, "parent_uuid": "f33b1b5b-605c-4f4a-bfec-af126f9fdf5d", "splittingValue": "0.0", "splittingAttirbute": "url.logo.gif", "children": [{"uuid": "8846eebd-3928-4835-afe5-05b1944138f1", "depth": 12, "parent_uuid": "5726bafc-ef8b-4fc4-8e4d-ee56e684cb68", "splittingValue": "0.0", "splittingAttirbute": "local", "children": [{"uuid": "8933b11a-d490-439c-91d2-4128caabb006", "depth": 13, "parent_uuid": "8846eebd-3928-4835-afe5-05b1944138f1", "splittingValue": "0.0", "splittingAttirbute": "url.images", "children": [{"uuid": "84e75a62-0854-4f33-94e1-62ec2d806c1a", "depth": 14, "parent_uuid": "8933b11a-d490-439c-91d2-4128caabb006", "splittingValue": "0.0", "children": [], "isLeaf": true, "prediction": 0.0}, {"uuid": "1cca52ed-9e3a-4448-a61d-a4b6c4998f08", "depth": 14, "parent_uuid": "8933b11a-d490-439c-91d2-4128caabb006", "splittingValue": "1.0", "splittingAttirbute": "height", "children": [{"uuid": "10ad176a-e568-4a58-bbcb-451bf600ccd2", "depth": 15, "parent_uuid": "1cca52ed-9e3a-4448-a61d-a4b6c4998f08", "splittingValue": "(0.999, 25.0]", "children": [], "isLeaf": true, "prediction": 0.0}, {"uuid": "8e142c9e-f324-4a9a-b817-b827148717dc", "depth": 15, "parent_uuid": "1cca52ed-9e3a-4448-a61d-a4b6c4998f08", "splittingValue": "(25.0, 51.0]", "splittingAttirbute": "ancurl.www.microsoft.com", "children": [{"uuid": "61057626-acde-4424-ad6a-72dd9e416bc2", "depth": 16, "parent_uuid": "8e142c9e-f324-4a9a-b817-b827148717dc", "splittingValue": "0.0", "children": [], "isLeaf": true, "prediction": 0.0}, {"uuid": "f3519b60-be3a-48b6-9e20-3def145f02b7", "depth": 16, "parent_uuid": "8e142c9e-f324-4a9a-b817-b827148717dc", "splittingValue": "1.0", "children": [], "isLeaf": true, "prediction": 0.0}], "isLeaf": false}, {"uuid": "ec97a563-35ac-4fe8-972a-4e273d1cec6b", "depth": 15, "parent_uuid": "1cca52ed-9e3a-4448-a61d-a4b6c4998f08", "splittingValue": "(51.0, 84.0]", "children": [], "isLeaf": true, "prediction": 0.0}], "isLeaf": false}], "isLeaf": false}, {"uuid": "1f08e8de-7c60-4b6f-ab7b-ee10f9147cbc", "depth": 13, "parent_uuid": "8846eebd-3928-4835-afe5-05b1944138f1", "splittingValue": "1.0", "children": [], "isLeaf": true, "prediction": 0.0}], "isLeaf": false}, {"uuid": "d6f2d30a-3038-47e1-8bd2-0177010b6372", "depth": 12, "parent_uuid": "5726bafc-ef8b-4fc4-8e4d-ee56e684cb68", "splittingValue": "1.0", "splittingAttirbute": "height", "children": [{"uuid": "7602a805-acb3-4ae9-a31e-7f8988352337", "depth": 13, "parent_uuid": "d6f2d30a-3038-47e1-8bd2-0177010b6372", "splittingValue": "(51.0, 84.0]", "splittingAttirbute": "url.www.autotown.com", "children": [{"uuid": "77ba9ed6-76d7-4399-b84b-834075fbc7df", "depth": 14, "parent_uuid": "7602a805-acb3-4ae9-a31e-7f8988352337", "splittingValue": "1.0", "children": [], "isLeaf": true, "prediction": 0.0}, {"uuid": "28c5a450-92a3-41ba-b99b-7e16d2d8c5f2", "depth": 14, "parent_uuid": "7602a805-acb3-4ae9-a31e-7f8988352337", "splittingValue": "0.0", "children": [], "isLeaf": true, "prediction": 1.0}], "isLeaf": false}, {"uuid": "3738a3c9-db25-405e-9eab-c19856e80b19", "depth": 13, "parent_uuid": "d6f2d30a-3038-47e1-8bd2-0177010b6372", "splittingValue": "(25.0, 51.0]", "children": [], "isLeaf": true, "prediction": 0.0}], "isLeaf": false}], "isLeaf": false}, {"uuid": "0c71b504-5373-4aaa-9d3f-01c51b0d1a21", "depth": 11, "parent_uuid": "f33b1b5b-605c-4f4a-bfec-af126f9fdf5d", "splittingValue": "1.0", "children": [], "isLeaf": true, "prediction": 1.0}], "isLeaf": false}, {"uuid": "12fcc439-3f78-4bea-910e-5d6282729a29", "depth": 10, "parent_uuid": "6db30bd8-3104-4f01-80d7-a5c18ff31fb6", "splittingValue": "1.0", "children": [], "isLeaf": true, "prediction": 1.0}], "isLeaf": false}, {"uuid": "28b9b431-4f5b-4c17-9638-591660cad94d", "depth": 9, "parent_uuid": "ebcaee7b-4e28-41cc-967c-b11f9f24520b", "splittingValue": "1.0", "children": [], "isLeaf": true, "prediction": 1.0}], "isLeaf": false}, {"uuid": "cfa08c6b-e268-4b6f-afba-8afe8b818c96", "depth": 8, "parent_uuid": "a9913f81-6d7f-469a-a4f9-6f99207cb1de", "splittingValue": "1.0", "splittingAttirbute": "local", "children": [{"uuid": "26ccce8e-25b2-43a3-a6fd-94c8718bad72", "depth": 9, "parent_uuid": "cfa08c6b-e268-4b6f-afba-8afe8b818c96", "splittingValue": "0.0", "children": [], "isLeaf": true, "prediction": 0.0}, {"uuid": "bb38a169-7181-4a1b-ab81-269292c3d929", "depth": 9, "parent_uuid": "cfa08c6b-e268-4b6f-afba-8afe8b818c96", "splittingValue": "1.0", "children": [], "isLeaf": true, "prediction": 1.0}], "isLeaf": false}], "isLeaf": false}, {"uuid": "70423698-40e1-4e5e-825d-26cc5cd3b7a6", "depth": 7, "parent_uuid": "c5549eec-4d3e-4d08-a334-9e9671507476", "splittingValue": "1.0", "children": [], "isLeaf": true, "prediction": 1.0}], "isLeaf": false}, {"uuid": "d91481c1-06af-433f-a120-bd5fc23fcd4c", "depth": 6, "parent_uuid": "e2204ae6-b969-41d8-970d-4fb64997c748", "splittingValue": "1.0", "children": [], "isLeaf": true, "prediction": 1.0}], "isLeaf": false}, {"uuid": "ecfa1dc0-f7f8-42c9-8909-4c37ebf5ab2e", "depth": 5, "parent_uuid": "18810d40-57ad-44c5-b1b3-bbbf4c05852a", "splittingValue": "(184.0, 640.0]", "splittingAttirbute": "height", "children": [{"uuid": "4a5ccd86-e023-4800-884f-d52cd77e65f3", "depth": 6, "parent_uuid": "ecfa1dc0-f7f8-42c9-8909-4c37ebf5ab2e", "splittingValue": "(25.0, 51.0]", "splittingAttirbute": "ancurl.index.html", "children": [{"uuid": "ef950610-ce5b-4c0c-94dc-b48f7193a351", "depth": 7, "parent_uuid": "4a5ccd86-e023-4800-884f-d52cd77e65f3", "splittingValue": "0.0", "splittingAttirbute": "url.thejeep.com", "children": [{"uuid": "2c886fdc-c6e9-4208-a8e0-76b860267683", "depth": 8, "parent_uuid": "ef950610-ce5b-4c0c-94dc-b48f7193a351", "splittingValue": "0.0", "splittingAttirbute": "ancurl.pl", "children": [{"uuid": "60cdd0eb-c01a-4a51-b333-4568e201f763", "depth": 9, "parent_uuid": "2c886fdc-c6e9-4208-a8e0-76b860267683", "splittingValue": "0.0", "splittingAttirbute": "ancurl.plx", "children": [{"uuid": "c7964286-580f-4a2a-8b81-6fb53a6f4b36", "depth": 10, "parent_uuid": "60cdd0eb-c01a-4a51-b333-4568e201f763", "splittingValue": "0.0", "splittingAttirbute": "url.ng.spacedesc", "children": [{"uuid": "56eca339-cfee-47cd-bfd1-63a967617397", "depth": 11, "parent_uuid": "c7964286-580f-4a2a-8b81-6fb53a6f4b36", "splittingValue": "0.0", "splittingAttirbute": "url.valley", "children": [{"uuid": "267b9884-7332-41f2-a3f5-73ca2d77bcc7", "depth": 12, "parent_uuid": "56eca339-cfee-47cd-bfd1-63a967617397", "splittingValue": "0.0", "splittingAttirbute": "url.images.home", "children": [{"uuid": "08066c77-416b-474d-93c2-c68899308c20", "depth": 13, "parent_uuid": "267b9884-7332-41f2-a3f5-73ca2d77bcc7", "splittingValue": "0.0", "splittingAttirbute": "origurl.members.tripod.com", "children": [{"uuid": "0c07e634-888a-4eba-a90e-89d7fe77b392", "depth": 14, "parent_uuid": "08066c77-416b-474d-93c2-c68899308c20", "splittingValue": "0.0", "splittingAttirbute": "local", "children": [{"uuid": "9623212c-eeac-440f-939e-ec487344a6de", "depth": 15, "parent_uuid": "0c07e634-888a-4eba-a90e-89d7fe77b392", "splittingValue": "0.0", "splittingAttirbute": "url.afn.org", "children": [{"uuid": "ef61dabb-49f2-4799-9384-a138e91c2ca3", "depth": 16, "parent_uuid": "9623212c-eeac-440f-939e-ec487344a6de", "splittingValue": "0.0", "children": [], "isLeaf": true, "prediction": 0.0}, {"uuid": "bc4293f6-f68f-4df6-89db-c12c8e6b812a", "depth": 16, "parent_uuid": "9623212c-eeac-440f-939e-ec487344a6de", "splittingValue": "1.0", "children": [], "isLeaf": true, "prediction": 0.0}], "isLeaf": false}, {"uuid": "415ecc10-01d0-4e3a-a3f8-7972fcddb543", "depth": 15, "parent_uuid": "0c07e634-888a-4eba-a90e-89d7fe77b392", "splittingValue": "1.0", "splittingAttirbute": "aratio", "children": [{"uuid": "00c83fde-7c7f-4350-af03-de77a6808144", "depth": 16, "parent_uuid": "415ecc10-01d0-4e3a-a3f8-7972fcddb543", "splittingValue": "(2.102, 5.333]", "children": [], "isLeaf": true, "prediction": 0.0}, {"uuid": "271026ae-7f07-4a3e-821b-a11a5f9d220f", "depth": 16, "parent_uuid": "415ecc10-01d0-4e3a-a3f8-7972fcddb543", "splittingValue": "(5.333, 60.0]", "children": [], "isLeaf": true, "prediction": 0.0}], "isLeaf": false}], "isLeaf": false}, {"uuid": "7b34fd11-9f69-4690-9c04-abf47192efb5", "depth": 14, "parent_uuid": "08066c77-416b-474d-93c2-c68899308c20", "splittingValue": "1.0", "children": [], "isLeaf": true, "prediction": 1.0}], "isLeaf": false}, {"uuid": "794c623c-394d-4f7c-83a0-52292f83ed45", "depth": 13, "parent_uuid": "267b9884-7332-41f2-a3f5-73ca2d77bcc7", "splittingValue": "1.0", "children": [], "isLeaf": true, "prediction": 1.0}], "isLeaf": false}, {"uuid": "fac850ec-a011-4aaa-b9a8-917e892b565b", "depth": 12, "parent_uuid": "56eca339-cfee-47cd-bfd1-63a967617397", "splittingValue": "1.0", "children": [], "isLeaf": true, "prediction": 1.0}], "isLeaf": false}, {"uuid": "f0ab2f58-274c-42e2-83ae-25091578cb4b", "depth": 11, "parent_uuid": "c7964286-580f-4a2a-8b81-6fb53a6f4b36", "splittingValue": "1.0", "children": [], "isLeaf": true, "prediction": 1.0}], "isLeaf": false}, {"uuid": "8b5cb45b-8f96-4ea1-a581-c06af9bfff5b", "depth": 10, "parent_uuid": "60cdd0eb-c01a-4a51-b333-4568e201f763", "splittingValue": "1.0", "children": [], "isLeaf": true, "prediction": 1.0}], "isLeaf": false}, {"uuid": "e02af05f-c070-4eda-8582-ce7e88317729", "depth": 9, "parent_uuid": "2c886fdc-c6e9-4208-a8e0-76b860267683", "splittingValue": "1.0", "children": [], "isLeaf": true, "prediction": 1.0}], "isLeaf": false}, {"uuid": "a8a4034d-fd61-4ae1-9c03-60e4a35baafa", "depth": 8, "parent_uuid": "ef950610-ce5b-4c0c-94dc-b48f7193a351", "splittingValue": "1.0", "children": [], "isLeaf": true, "prediction": 1.0}], "isLeaf": false}, {"uuid": "0fb3c906-4dd0-4cb6-a4d8-2247dbb2ba1f", "depth": 7, "parent_uuid": "4a5ccd86-e023-4800-884f-d52cd77e65f3", "splittingValue": "1.0", "children": [], "isLeaf": true, "prediction": 1.0}], "isLeaf": false}, {"uuid": "32bba3da-a771-4d63-ba8b-353f17812bdd", "depth": 6, "parent_uuid": "ecfa1dc0-f7f8-42c9-8909-4c37ebf5ab2e", "splittingValue": "(84.0, 640.0]", "splittingAttirbute": "aratio", "children": [{"uuid": "7bc91f0d-9821-4d29-8053-e545e56348e8", "depth": 7, "parent_uuid": "32bba3da-a771-4d63-ba8b-353f17812bdd", "splittingValue": "(1.036, 2.102]", "splittingAttirbute": "ancurl.asp", "children": [{"uuid": "4cfad833-d9ee-47dc-8dc2-f11e31cfc705", "depth": 8, "parent_uuid": "7bc91f0d-9821-4d29-8053-e545e56348e8", "splittingValue": "0.0", "children": [], "isLeaf": true, "prediction": 0.0}, {"uuid": "f5758460-50fa-4d90-ac94-3b25677ae221", "depth": 8, "parent_uuid": "7bc91f0d-9821-4d29-8053-e545e56348e8", "splittingValue": "1.0", "children": [], "isLeaf": true, "prediction": 1.0}], "isLeaf": false}, {"uuid": "0838ec27-f3ba-40c5-a408-9f91d8585d10", "depth": 7, "parent_uuid": "32bba3da-a771-4d63-ba8b-353f17812bdd", "splittingValue": "(0.0005, 1.036]", "children": [], "isLeaf": true, "prediction": 0.0}, {"uuid": "9d40cc74-eab9-4af2-ad0a-2d5c55651e77", "depth": 7, "parent_uuid": "32bba3da-a771-4d63-ba8b-353f17812bdd", "splittingValue": "(2.102, 5.333]", "splittingAttirbute": "url.bossintl.com", "children": [{"uuid": "d766b113-e886-463b-89a0-c81a37209d64", "depth": 8, "parent_uuid": "9d40cc74-eab9-4af2-ad0a-2d5c55651e77", "splittingValue": "0.0", "splittingAttirbute": "origurl.index.html", "children": [{"uuid": "59fe9b09-879c-4e0d-959e-4a8067f56510", "depth": 9, "parent_uuid": "d766b113-e886-463b-89a0-c81a37209d64", "splittingValue": "0.0", "children": [], "isLeaf": true, "prediction": 0.0}, {"uuid": "ca88c3d2-ac05-40f5-8c6a-f8ee0f41e113", "depth": 9, "parent_uuid": "d766b113-e886-463b-89a0-c81a37209d64", "splittingValue": "1.0", "children": [], "isLeaf": true, "prediction": 1.0}], "isLeaf": false}, {"uuid": "cf518829-a01e-4168-9824-a680780179ff", "depth": 8, "parent_uuid": "9d40cc74-eab9-4af2-ad0a-2d5c55651e77", "splittingValue": "1.0", "children": [], "isLeaf": true, "prediction": 1.0}], "isLeaf": false}, {"uuid": "b1b78901-620a-4b5d-be9e-6857090e7988", "depth": 7, "parent_uuid": "32bba3da-a771-4d63-ba8b-353f17812bdd", "splittingValue": "(5.333, 60.0]", "children": [], "isLeaf": true, "prediction": 1.0}], "isLeaf": false}, {"uuid": "7f36ac1e-89f3-43e8-a060-8a5583df39da", "depth": 6, "parent_uuid": "ecfa1dc0-f7f8-42c9-8909-4c37ebf5ab2e", "splittingValue": "(51.0, 84.0]", "splittingAttirbute": "aratio", "children": [{"uuid": "0f7125c0-ae8c-4c88-900f-f208c05a2ab7", "depth": 7, "parent_uuid": "7f36ac1e-89f3-43e8-a060-8a5583df39da", "splittingValue": "(2.102, 5.333]", "splittingAttirbute": "ancurl.redirect", "children": [{"uuid": "4dfd7bad-33bc-40ba-99a1-9083e050da55", "depth": 8, "parent_uuid": "0f7125c0-ae8c-4c88-900f-f208c05a2ab7", "splittingValue": "0.0", "splittingAttirbute": "url.home", "children": [{"uuid": "8d025f64-b441-47b1-baa9-049f983c5885", "depth": 9, "parent_uuid": "4dfd7bad-33bc-40ba-99a1-9083e050da55", "splittingValue": "0.0", "splittingAttirbute": "ancurl.default", "children": [{"uuid": "95b6891b-49c3-4725-b267-1e7ef9695be9", "depth": 10, "parent_uuid": "8d025f64-b441-47b1-baa9-049f983c5885", "splittingValue": "0.0", "children": [], "isLeaf": true, "prediction": 0.0}, {"uuid": "47878270-3cc1-4133-a1af-4fcccd87fdd7", "depth": 10, "parent_uuid": "8d025f64-b441-47b1-baa9-049f983c5885", "splittingValue": "1.0", "children": [], "isLeaf": true, "prediction": 1.0}], "isLeaf": false}, {"uuid": "ef897784-a66b-4116-b080-7bc10a46ffdd", "depth": 9, "parent_uuid": "4dfd7bad-33bc-40ba-99a1-9083e050da55", "splittingValue": "1.0", "children": [], "isLeaf": true, "prediction": 1.0}], "isLeaf": false}, {"uuid": "88637459-da66-4dfb-b06b-385f4cc15ac9", "depth": 8, "parent_uuid": "0f7125c0-ae8c-4c88-900f-f208c05a2ab7", "splittingValue": "1.0", "splittingAttirbute": "origurl.messier", "children": [{"uuid": "cd6ef99b-af4b-44a4-a49f-de0a7afaaffe", "depth": 9, "parent_uuid": "88637459-da66-4dfb-b06b-385f4cc15ac9", "splittingValue": "1.0", "children": [], "isLeaf": true, "prediction": 0.0}, {"uuid": "e095e7fe-dc6b-415f-ab0e-53df1b7ec05b", "depth": 9, "parent_uuid": "88637459-da66-4dfb-b06b-385f4cc15ac9", "splittingValue": "0.0", "children": [], "isLeaf": true, "prediction": 1.0}], "isLeaf": false}], "isLeaf": false}, {"uuid": "d0a9692b-277f-4926-8453-8e7568cb77c4", "depth": 7, "parent_uuid": "7f36ac1e-89f3-43e8-a060-8a5583df39da", "splittingValue": "(5.333, 60.0]", "splittingAttirbute": "url.gifs", "children": [{"uuid": "9cbca83a-3d2b-4f28-9c13-f919a368d178", "depth": 8, "parent_uuid": "d0a9692b-277f-4926-8453-8e7568cb77c4", "splittingValue": "0.0", "splittingAttirbute": "url.zueri.ch", "children": [{"uuid": "10480a1a-3d5b-4015-a8ce-8a97c132cef2", "depth": 9, "parent_uuid": "9cbca83a-3d2b-4f28-9c13-f919a368d178", "splittingValue": "0.0", "splittingAttirbute": "origurl.hollywood.9662", "children": [{"uuid": "4db275ff-e145-4062-8c7e-a39adb7d2287", "depth": 10, "parent_uuid": "10480a1a-3d5b-4015-a8ce-8a97c132cef2", "splittingValue": "0.0", "splittingAttirbute": "ancurl.bin", "children": [{"uuid": "e24a3c7d-428f-486d-b671-64939d631f43", "depth": 11, "parent_uuid": "4db275ff-e145-4062-8c7e-a39adb7d2287", "splittingValue": "0.0", "splittingAttirbute": "local", "children": [{"uuid": "fb3ae499-9444-4b11-9f67-1cbd590b84b4", "depth": 12, "parent_uuid": "e24a3c7d-428f-486d-b671-64939d631f43", "splittingValue": "1.0", "splittingAttirbute": "url.geocities.com", "children": [{"uuid": "917f391f-530d-4a6a-8e4f-8cf06d6156d4", "depth": 13, "parent_uuid": "fb3ae499-9444-4b11-9f67-1cbd590b84b4", "splittingValue": "0.0", "splittingAttirbute": "url.image.ng", "children": [{"uuid": "d9273ea4-9749-4575-88bf-80a5bf1e8d20", "depth": 14, "parent_uuid": "917f391f-530d-4a6a-8e4f-8cf06d6156d4", "splittingValue": "0.0", "splittingAttirbute": "url.images", "children": [{"uuid": "3bc6c286-8338-408e-bc2e-e5e491021d31", "depth": 15, "parent_uuid": "d9273ea4-9749-4575-88bf-80a5bf1e8d20", "splittingValue": "1.0", "children": [], "isLeaf": true, "prediction": 1.0}, {"uuid": "a9a18042-81fa-40b8-a96c-d2a93adb83a1", "depth": 15, "parent_uuid": "d9273ea4-9749-4575-88bf-80a5bf1e8d20", "splittingValue": "0.0", "splittingAttirbute": "ancurl.page", "children": [{"uuid": "59bff7fd-48ec-4149-8c4b-ff5d76252f70", "depth": 16, "parent_uuid": "a9a18042-81fa-40b8-a96c-d2a93adb83a1", "splittingValue": "0.0", "children": [], "isLeaf": true, "prediction": 1.0}, {"uuid": "d7cbddcd-2851-4706-903d-787184434caa", "depth": 16, "parent_uuid": "a9a18042-81fa-40b8-a96c-d2a93adb83a1", "splittingValue": "1.0", "children": [], "isLeaf": true, "prediction": 1.0}], "isLeaf": false}], "isLeaf": false}, {"uuid": "ce17c6be-fc35-4d34-87be-7fdaf44b8772", "depth": 14, "parent_uuid": "917f391f-530d-4a6a-8e4f-8cf06d6156d4", "splittingValue": "1.0", "children": [], "isLeaf": true, "prediction": 1.0}], "isLeaf": false}, {"uuid": "f6c624ce-b026-43a3-9430-8255a0f9cc1b", "depth": 13, "parent_uuid": "fb3ae499-9444-4b11-9f67-1cbd590b84b4", "splittingValue": "1.0", "children": [], "isLeaf": true, "prediction": 1.0}], "isLeaf": false}, {"uuid": "6e50ccff-c277-4796-8270-2ea552b9a549", "depth": 12, "parent_uuid": "e24a3c7d-428f-486d-b671-64939d631f43", "splittingValue": "0.0", "splittingAttirbute": "url.images", "children": [{"uuid": "b6be8ba6-111d-434e-b510-877fdfa9457a", "depth": 13, "parent_uuid": "6e50ccff-c277-4796-8270-2ea552b9a549", "splittingValue": "0.0", "splittingAttirbute": "origurl.st", "children": [{"uuid": "165584aa-2a35-49c8-b4ae-22e74613f982", "depth": 14, "parent_uuid": "b6be8ba6-111d-434e-b510-877fdfa9457a", "splittingValue": "0.0", "children": [], "isLeaf": true, "prediction": 0.0}, {"uuid": "39aaf861-76a8-42d1-a125-f1c21e3179a3", "depth": 14, "parent_uuid": "b6be8ba6-111d-434e-b510-877fdfa9457a", "splittingValue": "1.0", "children": [], "isLeaf": true, "prediction": 1.0}], "isLeaf": false}, {"uuid": "d699aae1-8bea-477a-a938-427cbc07398b", "depth": 13, "parent_uuid": "6e50ccff-c277-4796-8270-2ea552b9a549", "splittingValue": "1.0", "children": [], "isLeaf": true, "prediction": 1.0}], "isLeaf": false}], "isLeaf": false}, {"uuid": "da523fb8-7761-42d1-8e32-bb6b8a9d7ce3", "depth": 11, "parent_uuid": "4db275ff-e145-4062-8c7e-a39adb7d2287", "splittingValue": "1.0", "children": [], "isLeaf": true, "prediction": 1.0}], "isLeaf": false}, {"uuid": "7918be83-3229-46cb-9c73-6993984c7b98", "depth": 10, "parent_uuid": "10480a1a-3d5b-4015-a8ce-8a97c132cef2", "splittingValue": "1.0", "children": [], "isLeaf": true, "prediction": 0.0}], "isLeaf": false}, {"uuid": "cb00a64d-2b7d-493c-bfc7-64e1713475e0", "depth": 9, "parent_uuid": "9cbca83a-3d2b-4f28-9c13-f919a368d178", "splittingValue": "1.0", "children": [], "isLeaf": true, "prediction": 0.0}], "isLeaf": false}, {"uuid": "ec7c66de-0be0-4d0c-b148-91dc9fc86810", "depth": 8, "parent_uuid": "d0a9692b-277f-4926-8453-8e7568cb77c4", "splittingValue": "1.0", "children": [], "isLeaf": true, "prediction": 0.0}], "isLeaf": false}], "isLeaf": false}, {"uuid": "2bfe1b3b-16aa-4c22-a6ff-19a135f02871", "depth": 6, "parent_uuid": "ecfa1dc0-f7f8-42c9-8909-4c37ebf5ab2e", "splittingValue": "(0.999, 25.0]", "splittingAttirbute": "ancurl.download", "children": [{"uuid": "3cdb81bd-97a9-47fa-bd36-e9673fa7fb03", "depth": 7, "parent_uuid": "2bfe1b3b-16aa-4c22-a6ff-19a135f02871", "splittingValue": "0.0", "children": [], "isLeaf": true, "prediction": 0.0}, {"uuid": "62237ed0-a8b3-4aed-992b-e3eb955d44b0", "depth": 7, "parent_uuid": "2bfe1b3b-16aa-4c22-a6ff-19a135f02871", "splittingValue": "1.0", "children": [], "isLeaf": true, "prediction": 1.0}], "isLeaf": false}], "isLeaf": false}, {"uuid": "7f8fba2e-5959-49d8-8489-e05f61f9e65a", "depth": 5, "parent_uuid": "18810d40-57ad-44c5-b1b3-bbbf4c05852a", "splittingValue": "(0.999, 81.0]", "splittingAttirbute": "url.it", "children": [{"uuid": "bfa4b4eb-276a-4bf6-bf61-a79c8f06c249", "depth": 6, "parent_uuid": "7f8fba2e-5959-49d8-8489-e05f61f9e65a", "splittingValue": "0.0", "splittingAttirbute": "ancurl.download", "children": [{"uuid": "4eb5316f-bc7a-4036-9aeb-af08ff802d95", "depth": 7, "parent_uuid": "bfa4b4eb-276a-4bf6-bf61-a79c8f06c249", "splittingValue": "0.0", "splittingAttirbute": "alt.here", "children": [{"uuid": "bd8e2acf-cef1-4499-b1e8-ab202d5c65c9", "depth": 8, "parent_uuid": "4eb5316f-bc7a-4036-9aeb-af08ff802d95", "splittingValue": "0.0", "children": [], "isLeaf": true, "prediction": 0.0}, {"uuid": "0597d4fc-ab75-4d45-ad1f-19e82ec38ccc", "depth": 8, "parent_uuid": "4eb5316f-bc7a-4036-9aeb-af08ff802d95", "splittingValue": "1.0", "splittingAttirbute": "url.images", "children": [{"uuid": "278cf08f-fd0a-4ca4-9988-df0b8bf49719", "depth": 9, "parent_uuid": "0597d4fc-ab75-4d45-ad1f-19e82ec38ccc", "splittingValue": "0.0", "children": [], "isLeaf": true, "prediction": 0.0}, {"uuid": "19ac2165-8450-409a-86f5-d5146c23b42e", "depth": 9, "parent_uuid": "0597d4fc-ab75-4d45-ad1f-19e82ec38ccc", "splittingValue": "1.0", "children": [], "isLeaf": true, "prediction": 1.0}], "isLeaf": false}], "isLeaf": false}, {"uuid": "6989d641-7ad8-40d6-9402-e6808b5722df", "depth": 7, "parent_uuid": "bfa4b4eb-276a-4bf6-bf61-a79c8f06c249", "splittingValue": "1.0", "splittingAttirbute": "aratio", "children": [{"uuid": "80c5d49e-8aea-4a51-b809-9cc0b0aae3e5", "depth": 8, "parent_uuid": "6989d641-7ad8-40d6-9402-e6808b5722df", "splittingValue": "(2.102, 5.333]", "children": [], "isLeaf": true, "prediction": 1.0}, {"uuid": "e6be9e94-cea9-4a07-8df3-01f0cc6e03db", "depth": 8, "parent_uuid": "6989d641-7ad8-40d6-9402-e6808b5722df", "splittingValue": "(0.0005, 1.036]", "children": [], "isLeaf": true, "prediction": 0.0}, {"uuid": "4129e32f-acf8-4931-b8fa-75e71b227a50", "depth": 8, "parent_uuid": "6989d641-7ad8-40d6-9402-e6808b5722df", "splittingValue": "(1.036, 2.102]", "children": [], "isLeaf": true, "prediction": 0.0}], "isLeaf": false}], "isLeaf": false}, {"uuid": "40336518-84d1-4493-9197-7e016c32748c", "depth": 6, "parent_uuid": "7f8fba2e-5959-49d8-8489-e05f61f9e65a", "splittingValue": "1.0", "children": [], "isLeaf": true, "prediction": 1.0}], "isLeaf": false}, {"uuid": "79199ca5-c9e6-4f4a-a0c4-c0d821f784b3", "depth": 5, "parent_uuid": "18810d40-57ad-44c5-b1b3-bbbf4c05852a", "splittingValue": "(110.0, 184.0]", "splittingAttirbute": "alt.free", "children": [{"uuid": "163ae7b8-0e69-45a4-921f-5e44bdfc61a8", "depth": 6, "parent_uuid": "79199ca5-c9e6-4f4a-a0c4-c0d821f784b3", "splittingValue": "0.0", "splittingAttirbute": "url.marketing", "children": [{"uuid": "eacbf2ea-25fc-41f2-83e8-915a50c061ce", "depth": 7, "parent_uuid": "163ae7b8-0e69-45a4-921f-5e44bdfc61a8", "splittingValue": "0.0", "splittingAttirbute": "url.thejeep.com", "children": [{"uuid": "99975b6f-fb59-470a-a44f-b8fb291fea0f", "depth": 8, "parent_uuid": "eacbf2ea-25fc-41f2-83e8-915a50c061ce", "splittingValue": "0.0", "splittingAttirbute": "url.time.1998", "children": [{"uuid": "ca587501-21de-4eda-8930-1ab4df38a38b", "depth": 9, "parent_uuid": "99975b6f-fb59-470a-a44f-b8fb291fea0f", "splittingValue": "0.0", "splittingAttirbute": "url.home.netscape.com", "children": [{"uuid": "9f9ad571-920c-4061-894c-1c6774833b50", "depth": 10, "parent_uuid": "ca587501-21de-4eda-8930-1ab4df38a38b", "splittingValue": "0.0", "splittingAttirbute": "url.bin", "children": [{"uuid": "885bcb0b-d977-4513-86c1-1e554da46e31", "depth": 11, "parent_uuid": "9f9ad571-920c-4061-894c-1c6774833b50", "splittingValue": "0.0", "splittingAttirbute": "url.link", "children": [{"uuid": "5bbb095c-281c-44ff-931d-1f31f622d65a", "depth": 12, "parent_uuid": "885bcb0b-d977-4513-86c1-1e554da46e31", "splittingValue": "0.0", "splittingAttirbute": "ancurl.pl", "children": [{"uuid": "cb31ae69-6b33-47b4-ad3a-8d314106ef00", "depth": 13, "parent_uuid": "5bbb095c-281c-44ff-931d-1f31f622d65a", "splittingValue": "0.0", "splittingAttirbute": "alt.site", "children": [{"uuid": "0d1a1f86-b8de-4317-affa-581e177c851d", "depth": 14, "parent_uuid": "cb31ae69-6b33-47b4-ad3a-8d314106ef00", "splittingValue": "0.0", "children": [], "isLeaf": true, "prediction": 0.0}, {"uuid": "737909ef-0f77-4e7d-8d3a-d7ec5fbbdfd1", "depth": 14, "parent_uuid": "cb31ae69-6b33-47b4-ad3a-8d314106ef00", "splittingValue": "1.0", "splittingAttirbute": "url.images", "children": [{"uuid": "3640bdb0-10c8-450b-8ea1-70043e3b879a", "depth": 15, "parent_uuid": "737909ef-0f77-4e7d-8d3a-d7ec5fbbdfd1", "splittingValue": "0.0", "children": [], "isLeaf": true, "prediction": 0.0}, {"uuid": "12997199-ace9-4a70-8d88-16c772c315aa", "depth": 15, "parent_uuid": "737909ef-0f77-4e7d-8d3a-d7ec5fbbdfd1", "splittingValue": "1.0", "splittingAttirbute": "height", "children": [{"uuid": "55aa2180-34c0-421e-8b55-39d87871b018", "depth": 16, "parent_uuid": "12997199-ace9-4a70-8d88-16c772c315aa", "splittingValue": "(25.0, 51.0]", "children": [], "isLeaf": true, "prediction": 0.0}, {"uuid": "0a0dfca5-6b74-4338-954f-2c4f81174df5", "depth": 16, "parent_uuid": "12997199-ace9-4a70-8d88-16c772c315aa", "splittingValue": "(84.0, 640.0]", "children": [], "isLeaf": true, "prediction": 1.0}], "isLeaf": false}], "isLeaf": false}], "isLeaf": false}, {"uuid": "097d5378-6226-4250-8673-639c3a9f7f8b", "depth": 13, "parent_uuid": "5bbb095c-281c-44ff-931d-1f31f622d65a", "splittingValue": "1.0", "splittingAttirbute": "aratio", "children": [{"uuid": "ccade555-23af-4f5d-a941-55a766d12ea1", "depth": 14, "parent_uuid": "097d5378-6226-4250-8673-639c3a9f7f8b", "splittingValue": "(0.0005, 1.036]", "children": [], "isLeaf": true, "prediction": 0.0}, {"uuid": "d0b1e498-04fa-4985-960a-7931c261351d", "depth": 14, "parent_uuid": "097d5378-6226-4250-8673-639c3a9f7f8b", "splittingValue": "(2.102, 5.333]", "children": [], "isLeaf": true, "prediction": 0.0}, {"uuid": "c0c4a123-496a-4ebf-ba95-da1e09af52ad", "depth": 14, "parent_uuid": "097d5378-6226-4250-8673-639c3a9f7f8b", "splittingValue": "(1.036, 2.102]", "children": [], "isLeaf": true, "prediction": 1.0}], "isLeaf": false}], "isLeaf": false}, {"uuid": "12c0fc71-acce-433a-8c50-b35c19a5d6b9", "depth": 12, "parent_uuid": "885bcb0b-d977-4513-86c1-1e554da46e31", "splittingValue": "1.0", "splittingAttirbute": "url.img", "children": [{"uuid": "3d2514be-1c66-4d50-9cb3-fb303be0ed23", "depth": 13, "parent_uuid": "12c0fc71-acce-433a-8c50-b35c19a5d6b9", "splittingValue": "0.0", "children": [], "isLeaf": true, "prediction": 1.0}, {"uuid": "c88df572-841a-4fd2-8dc7-6954ea18d25a", "depth": 13, "parent_uuid": "12c0fc71-acce-433a-8c50-b35c19a5d6b9", "splittingValue": "1.0", "children": [], "isLeaf": true, "prediction": 0.0}], "isLeaf": false}], "isLeaf": false}, {"uuid": "ad471525-ce04-431c-9dd0-488f36e4409e", "depth": 11, "parent_uuid": "9f9ad571-920c-4061-894c-1c6774833b50", "splittingValue": "1.0", "children": [], "isLeaf": true, "prediction": 1.0}], "isLeaf": false}, {"uuid": "d308e059-c11f-448c-a9fd-f0ee4a49b81f", "depth": 10, "parent_uuid": "ca587501-21de-4eda-8930-1ab4df38a38b", "splittingValue": "1.0", "children": [], "isLeaf": true, "prediction": 1.0}], "isLeaf": false}, {"uuid": "e7023dab-f38b-4f7c-ad6a-4302a3424191", "depth": 9, "parent_uuid": "99975b6f-fb59-470a-a44f-b8fb291fea0f", "splittingValue": "1.0", "children": [], "isLeaf": true, "prediction": 1.0}], "isLeaf": false}, {"uuid": "60965b20-9596-4e65-95fc-b50f1611f46e", "depth": 8, "parent_uuid": "eacbf2ea-25fc-41f2-83e8-915a50c061ce", "splittingValue": "1.0", "children": [], "isLeaf": true, "prediction": 1.0}], "isLeaf": false}, {"uuid": "9099985b-4a40-4030-90a5-4e9ed8213ed8", "depth": 7, "parent_uuid": "163ae7b8-0e69-45a4-921f-5e44bdfc61a8", "splittingValue": "1.0", "splittingAttirbute": "height", "children": [{"uuid": "7233fd94-2d62-4736-a5e8-cad7fa0e7cdb", "depth": 8, "parent_uuid": "9099985b-4a40-4030-90a5-4e9ed8213ed8", "splittingValue": "(25.0, 51.0]", "splittingAttirbute": "aratio", "children": [{"uuid": "031efaee-9323-4532-aad8-75aa297e3092", "depth": 9, "parent_uuid": "7233fd94-2d62-4736-a5e8-cad7fa0e7cdb", "splittingValue": "(2.102, 5.333]", "splittingAttirbute": "local", "children": [{"uuid": "97896b0b-1377-49f9-8c6a-efe9126495da", "depth": 10, "parent_uuid": "031efaee-9323-4532-aad8-75aa297e3092", "splittingValue": "1.0", "splittingAttirbute": "url.images.buttons", "children": [{"uuid": "3318f516-4db8-475c-85b5-f4920dca83be", "depth": 11, "parent_uuid": "97896b0b-1377-49f9-8c6a-efe9126495da", "splittingValue": "0.0", "splittingAttirbute": "url.likesbooks.com", "children": [{"uuid": "e3f5bce0-744d-4364-afd5-e02051c0fbb6", "depth": 12, "parent_uuid": "3318f516-4db8-475c-85b5-f4920dca83be", "splittingValue": "0.0", "splittingAttirbute": "url.www.slake.com", "children": [{"uuid": "484ff80e-b04b-41ca-87bf-417e7edb72de", "depth": 13, "parent_uuid": "e3f5bce0-744d-4364-afd5-e02051c0fbb6", "splittingValue": "0.0", "splittingAttirbute": "url.hydrogeologist", "children": [{"uuid": "9932cdeb-dc53-477b-ac11-dcfb10a11093", "depth": 14, "parent_uuid": "484ff80e-b04b-41ca-87bf-417e7edb72de", "splittingValue": "0.0", "splittingAttirbute": "url.oso", "children": [{"uuid": "b94750e2-a85e-4b54-b3e4-f7ac08e0f3b9", "depth": 15, "parent_uuid": "9932cdeb-dc53-477b-ac11-dcfb10a11093", "splittingValue": "0.0", "splittingAttirbute": "url.media", "children": [{"uuid": "807284bd-eb55-44f3-a9ad-b48351fcf1ef", "depth": 16, "parent_uuid": "b94750e2-a85e-4b54-b3e4-f7ac08e0f3b9", "splittingValue": "0.0", "children": [], "isLeaf": true, "prediction": 1.0}], "isLeaf": false}], "isLeaf": false}], "isLeaf": false}], "isLeaf": false}], "isLeaf": false}], "isLeaf": false}], "isLeaf": false}], "isLeaf": false}, {"uuid": "871e4b66-627c-4d5e-9b66-be1b43124464", "depth": 8, "parent_uuid": "9099985b-4a40-4030-90a5-4e9ed8213ed8", "splittingValue": "(0.999, 25.0]", "children": [], "isLeaf": true, "prediction": 0.0}], "isLeaf": false}], "isLeaf": false}, {"uuid": "ddbee12b-b2ad-42c9-a48b-1ddb9de1e230", "depth": 6, "parent_uuid": "79199ca5-c9e6-4f4a-a0c4-c0d821f784b3", "splittingValue": "1.0", "splittingAttirbute": "height", "children": [{"uuid": "f8800d16-7b91-4b00-8000-0ed889404ed2", "depth": 7, "parent_uuid": "ddbee12b-b2ad-42c9-a48b-1ddb9de1e230", "splittingValue": "(84.0, 640.0]", "children": [], "isLeaf": true, "prediction": 1.0}, {"uuid": "fa1faa53-3d43-49f6-b004-b7b7344edb57", "depth": 7, "parent_uuid": "ddbee12b-b2ad-42c9-a48b-1ddb9de1e230", "splittingValue": "(0.999, 25.0]", "children": [], "isLeaf": true, "prediction": 1.0}, {"uuid": "c50acf80-fd92-4c7f-896f-ada8d1190fc0", "depth": 7, "parent_uuid": "ddbee12b-b2ad-42c9-a48b-1ddb9de1e230", "splittingValue": "(51.0, 84.0]", "children": [], "isLeaf": true, "prediction": 1.0}, {"uuid": "5262902a-977c-4051-b279-6da7aed699b2", "depth": 7, "parent_uuid": "ddbee12b-b2ad-42c9-a48b-1ddb9de1e230", "splittingValue": "(25.0, 51.0]", "children": [], "isLeaf": true, "prediction": 0.0}], "isLeaf": false}], "isLeaf": false}], "isLeaf": false}, {"uuid": "f94a87bd-85cf-4dd5-921e-a21262d49fcf", "depth": 4, "parent_uuid": "f798971a-5c4f-4e4b-86db-9c37b951c9b9", "splittingValue": "1.0", "splittingAttirbute": "url.ad.gif", "children": [{"uuid": "ada0ea30-1853-4033-9362-6dfa1ba46ed6", "depth": 5, "parent_uuid": "f94a87bd-85cf-4dd5-921e-a21262d49fcf", "splittingValue": "0.0", "children": [], "isLeaf": true, "prediction": 1.0}, {"uuid": "0ac79e8f-dbc4-479e-a4b4-7a5b6391fa67", "depth": 5, "parent_uuid": "f94a87bd-85cf-4dd5-921e-a21262d49fcf", "splittingValue": "1.0", "children": [], "isLeaf": true, "prediction": 0.0}], "isLeaf": false}], "isLeaf": false}, {"uuid": "24b63b69-a9fb-4b24-8dc4-065e33568298", "depth": 3, "parent_uuid": "ba90b7ef-3c43-470a-9c16-2af72611566a", "splittingValue": "1.0", "splittingAttirbute": "width", "children": [{"uuid": "c1d0a2bb-4685-4b57-8164-3b9f5abbe652", "depth": 4, "parent_uuid": "24b63b69-a9fb-4b24-8dc4-065e33568298", "splittingValue": "(184.0, 640.0]", "splittingAttirbute": "height", "children": [{"uuid": "8a19f8bf-b2c1-429b-848a-23fde92db7f3", "depth": 5, "parent_uuid": "c1d0a2bb-4685-4b57-8164-3b9f5abbe652", "splittingValue": "(51.0, 84.0]", "children": [], "isLeaf": true, "prediction": 1.0}, {"uuid": "f3c0ec13-7fcf-4157-a48f-f4ff5de725fb", "depth": 5, "parent_uuid": "c1d0a2bb-4685-4b57-8164-3b9f5abbe652", "splittingValue": "(25.0, 51.0]", "children": [], "isLeaf": true, "prediction": 1.0}, {"uuid": "2da2d8b8-c70a-4d09-8658-5d900569a489", "depth": 5, "parent_uuid": "c1d0a2bb-4685-4b57-8164-3b9f5abbe652", "splittingValue": "(84.0, 640.0]", "children": [], "isLeaf": true, "prediction": 0.0}], "isLeaf": false}, {"uuid": "2699d894-b545-42a8-84b3-b61b09eaa046", "depth": 4, "parent_uuid": "24b63b69-a9fb-4b24-8dc4-065e33568298", "splittingValue": "(110.0, 184.0]", "children": [], "isLeaf": true, "prediction": 1.0}, {"uuid": "b1bd4f8f-1782-44b6-8ffb-29159f3dedfd", "depth": 4, "parent_uuid": "24b63b69-a9fb-4b24-8dc4-065e33568298", "splittingValue": "(81.0, 110.0]", "splittingAttirbute": "local", "children": [{"uuid": "9cac805f-6dd8-4451-9a44-4abbd86d9d37", "depth": 5, "parent_uuid": "b1bd4f8f-1782-44b6-8ffb-29159f3dedfd", "splittingValue": "1.0", "children": [], "isLeaf": true, "prediction": 1.0}, {"uuid": "73e5298c-8f97-4fba-8c44-7caac454ceba", "depth": 5, "parent_uuid": "b1bd4f8f-1782-44b6-8ffb-29159f3dedfd", "splittingValue": "0.0", "children": [], "isLeaf": true, "prediction": 0.0}], "isLeaf": false}, {"uuid": "9c36bb55-676e-4033-ab83-6ea6d09bc328", "depth": 4, "parent_uuid": "24b63b69-a9fb-4b24-8dc4-065e33568298", "splittingValue": "(0.999, 81.0]", "children": [], "isLeaf": true, "prediction": 0.0}], "isLeaf": false}], "isLeaf": false}, {"uuid": "14b364af-05ca-444e-b869-015da92e1380", "depth": 2, "parent_uuid": "9ab06bff-7340-4c04-bb83-da971ce31d66", "splittingValue": "1.0", "splittingAttirbute": "url.members.tripod.com", "children": [{"uuid": "2c59d9bd-b95f-4fc9-a579-56cd56556d62", "depth": 3, "parent_uuid": "14b364af-05ca-444e-b869-015da92e1380", "splittingValue": "0.0", "splittingAttirbute": "origurl.4301.misfits2", "children": [{"uuid": "05f46a1d-1084-4bd2-8117-f5f8f0924480", "depth": 4, "parent_uuid": "2c59d9bd-b95f-4fc9-a579-56cd56556d62", "splittingValue": "0.0", "splittingAttirbute": "url.pacific.net.sg", "children": [{"uuid": "ea0f9bb3-34a3-4cc7-ba08-f26c9b6c7bc7", "depth": 5, "parent_uuid": "05f46a1d-1084-4bd2-8117-f5f8f0924480", "splittingValue": "0.0", "children": [], "isLeaf": true, "prediction": 1.0}, {"uuid": "6deb65fc-dc9b-43f3-8c84-fd6f4f932aad", "depth": 5, "parent_uuid": "05f46a1d-1084-4bd2-8117-f5f8f0924480", "splittingValue": "1.0", "splittingAttirbute": "width", "children": [{"uuid": "507b7933-2c40-4909-b76b-465155efe8cd", "depth": 6, "parent_uuid": "6deb65fc-dc9b-43f3-8c84-fd6f4f932aad", "splittingValue": "(110.0, 184.0]", "splittingAttirbute": "height", "children": [{"uuid": "b73ef7db-89d7-44ad-a2af-684de3f0fb64", "depth": 7, "parent_uuid": "507b7933-2c40-4909-b76b-465155efe8cd", "splittingValue": "(51.0, 84.0]", "splittingAttirbute": "aratio", "children": [{"uuid": "1bd9c5fa-5a51-4663-841c-1bc86687d017", "depth": 8, "parent_uuid": "b73ef7db-89d7-44ad-a2af-684de3f0fb64", "splittingValue": "(2.102, 5.333]", "splittingAttirbute": "local", "children": [{"uuid": "df2e4429-252c-4267-b2f7-5f6d4cd210cc", "depth": 9, "parent_uuid": "1bd9c5fa-5a51-4663-841c-1bc86687d017", "splittingValue": "1.0", "splittingAttirbute": "url.images.buttons", "children": [{"uuid": "831751cf-8853-44c8-bdcc-d169bed84b22", "depth": 10, "parent_uuid": "df2e4429-252c-4267-b2f7-5f6d4cd210cc", "splittingValue": "0.0", "splittingAttirbute": "url.likesbooks.com", "children": [{"uuid": "77962b37-af63-4cc5-8ab9-cb1213a2a54c", "depth": 11, "parent_uuid": "831751cf-8853-44c8-bdcc-d169bed84b22", "splittingValue": "0.0", "splittingAttirbute": "url.www.slake.com", "children": [{"uuid": "3a30a8e4-60e8-4489-aabe-8ebb815f9599", "depth": 12, "parent_uuid": "77962b37-af63-4cc5-8ab9-cb1213a2a54c", "splittingValue": "0.0", "splittingAttirbute": "url.hydrogeologist", "children": [{"uuid": "89684934-f9fb-4d62-9917-8ecb0bbc4555", "depth": 13, "parent_uuid": "3a30a8e4-60e8-4489-aabe-8ebb815f9599", "splittingValue": "0.0", "splittingAttirbute": "url.oso", "children": [{"uuid": "ce971241-6ac6-49ea-98e8-fd5ae3f5fe28", "depth": 14, "parent_uuid": "89684934-f9fb-4d62-9917-8ecb0bbc4555", "splittingValue": "0.0", "splittingAttirbute": "url.media", "children": [{"uuid": "2178eeaa-c8b8-4b05-b48c-7d70eb9a0c25", "depth": 15, "parent_uuid": "ce971241-6ac6-49ea-98e8-fd5ae3f5fe28", "splittingValue": "0.0", "splittingAttirbute": "url.peace.images", "children": [{"uuid": "25afe0fc-1062-4a4d-8e97-445396d4f5e8", "depth": 16, "parent_uuid": "2178eeaa-c8b8-4b05-b48c-7d70eb9a0c25", "splittingValue": "0.0", "children": [], "isLeaf": true, "prediction": 1.0}], "isLeaf": false}], "isLeaf": false}], "isLeaf": false}], "isLeaf": false}], "isLeaf": false}], "isLeaf": false}], "isLeaf": false}], "isLeaf": false}], "isLeaf": false}], "isLeaf": false}, {"uuid": "2b6ab6b5-92f8-4311-9528-822e06a6fac0", "depth": 6, "parent_uuid": "6deb65fc-dc9b-43f3-8c84-fd6f4f932aad", "splittingValue": "(184.0, 640.0]", "children": [], "isLeaf": true, "prediction": 1.0}], "isLeaf": false}], "isLeaf": false}, {"uuid": "9f410584-a163-4db9-9013-dd0babd764b6", "depth": 4, "parent_uuid": "2c59d9bd-b95f-4fc9-a579-56cd56556d62", "splittingValue": "1.0", "children": [], "isLeaf": true, "prediction": 0.0}], "isLeaf": false}, {"uuid": "41a4a817-14df-46c0-826c-cb2a8f4669fe", "depth": 3, "parent_uuid": "14b364af-05ca-444e-b869-015da92e1380", "splittingValue": "1.0", "children": [], "isLeaf": true, "prediction": 0.0}], "isLeaf": false}], "isLeaf": false}