{"uuid": "5e0b2a27-d246-443f-ab43-3c3344e8c639", "depth": 1, "splittingAttirbute": "ancurl.com", "children": [{"uuid": "46d49db0-6d54-48ab-b967-811f29ebeaf9", "depth": 2, "parent_uuid": "5e0b2a27-d246-443f-ab43-3c3344e8c639", "splittingValue": "0.0", "splittingAttirbute": "width", "children": [{"uuid": "5536db25-58df-4dc9-8c33-b7bc969d1cdc", "depth": 3, "parent_uuid": "46d49db0-6d54-48ab-b967-811f29ebeaf9", "splittingValue": "(81.0, 110.0]", "splittingAttirbute": "url.ads", "children": [{"uuid": "0eaa2cec-5bcc-476e-9ba7-cc9b20f4ace0", "depth": 4, "parent_uuid": "5536db25-58df-4dc9-8c33-b7bc969d1cdc", "splittingValue": "0.0", "splittingAttirbute": "ancurl.click", "children": [{"uuid": "d687aaa2-54b3-45f2-8972-f26271fae5cc", "depth": 5, "parent_uuid": "0eaa2cec-5bcc-476e-9ba7-cc9b20f4ace0", "splittingValue": "0.0", "splittingAttirbute": "ancurl.exe", "children": [{"uuid": "8ce2dde9-e81f-4418-ba83-4002a848159c", "depth": 6, "parent_uuid": "d687aaa2-54b3-45f2-8972-f26271fae5cc", "splittingValue": "0.0", "splittingAttirbute": "ancurl.main", "children": [{"uuid": "8d3b623b-a57f-4d60-bb1f-026f64c3ab4f", "depth": 7, "parent_uuid": "8ce2dde9-e81f-4418-ba83-4002a848159c", "splittingValue": "0.0", "splittingAttirbute": "url.doubleclick.net", "children": [{"uuid": "17b01e91-7765-414e-873f-d9bc9d048036", "depth": 8, "parent_uuid": "8d3b623b-a57f-4d60-bb1f-026f64c3ab4f", "splittingValue": "0.0", "splittingAttirbute": "url.logo.gif", "children": [{"uuid": "6266d77b-2290-43b7-8b52-83a298756263", "depth": 9, "parent_uuid": "17b01e91-7765-414e-873f-d9bc9d048036", "splittingValue": "0.0", "splittingAttirbute": "alt.all", "children": [{"uuid": "2b07c964-750a-4284-a608-def5e923c006", "depth": 10, "parent_uuid": "6266d77b-2290-43b7-8b52-83a298756263", "splittingValue": "0.0", "splittingAttirbute": "local", "children": [{"uuid": "de79d7c2-dc07-4e32-aebe-5f29f4216e34", "depth": 11, "parent_uuid": "2b07c964-750a-4284-a608-def5e923c006", "splittingValue": "0.0", "splittingAttirbute": "url.images", "children": [{"uuid": "18a9155c-9a84-404e-bd50-a5495cad6ff2", "depth": 12, "parent_uuid": "de79d7c2-dc07-4e32-aebe-5f29f4216e34", "splittingValue": "0.0", "children": [], "isLeaf": true, "prediction": 0.0}, {"uuid": "67a5cd8c-9576-4e74-8c40-6b5b8633dafc", "depth": 12, "parent_uuid": "de79d7c2-dc07-4e32-aebe-5f29f4216e34", "splittingValue": "1.0", "splittingAttirbute": "height", "children": [{"uuid": "8035c00a-56cc-42ab-8d74-bd47ca3dda36", "depth": 13, "parent_uuid": "67a5cd8c-9576-4e74-8c40-6b5b8633dafc", "splittingValue": "(0.999, 25.0]", "children": [], "isLeaf": true, "prediction": 0.0}, {"uuid": "abfbcf3f-b659-4603-977e-34bcb489ec03", "depth": 13, "parent_uuid": "67a5cd8c-9576-4e74-8c40-6b5b8633dafc", "splittingValue": "(25.0, 51.0]", "splittingAttirbute": "ancurl.www.microsoft.com", "children": [{"uuid": "7b475771-16a6-483b-9761-a4c0892e299a", "depth": 14, "parent_uuid": "abfbcf3f-b659-4603-977e-34bcb489ec03", "splittingValue": "0.0", "splittingAttirbute": "ancurl.mirror", "children": [{"uuid": "0a594231-2712-4b37-af97-819a683bd754", "depth": 15, "parent_uuid": "7b475771-16a6-483b-9761-a4c0892e299a", "splittingValue": "1.0", "children": [], "isLeaf": true, "prediction": 0.0}, {"uuid": "3a070b6d-e8d8-44d1-acef-78f54979adbf", "depth": 15, "parent_uuid": "7b475771-16a6-483b-9761-a4c0892e299a", "splittingValue": "0.0", "splittingAttirbute": "aratio", "children": [{"uuid": "1f6c5a53-d902-4df9-83b0-f720dda5087b", "depth": 16, "parent_uuid": "3a070b6d-e8d8-44d1-acef-78f54979adbf", "splittingValue": "(2.102, 5.333]", "children": [], "isLeaf": true, "prediction": 0.0}, {"uuid": "8cf27883-6253-45b7-b4e3-3dfef5824508", "depth": 16, "parent_uuid": "3a070b6d-e8d8-44d1-acef-78f54979adbf", "splittingValue": "(1.036, 2.102]", "children": [], "isLeaf": true, "prediction": 0.0}], "isLeaf": false}], "isLeaf": false}, {"uuid": "0a791c8c-d58e-49b2-b05e-8a019fb29e2d", "depth": 14, "parent_uuid": "abfbcf3f-b659-4603-977e-34bcb489ec03", "splittingValue": "1.0", "children": [], "isLeaf": true, "prediction": 0.0}], "isLeaf": false}, {"uuid": "88845020-342a-45ba-a4c8-8ca2e4207b2b", "depth": 13, "parent_uuid": "67a5cd8c-9576-4e74-8c40-6b5b8633dafc", "splittingValue": "(84.0, 640.0]", "children": [], "isLeaf": true, "prediction": 0.0}, {"uuid": "ec40828f-9a04-499d-9ace-f9d3f04c5282", "depth": 13, "parent_uuid": "67a5cd8c-9576-4e74-8c40-6b5b8633dafc", "splittingValue": "(51.0, 84.0]", "children": [], "isLeaf": true, "prediction": 0.0}], "isLeaf": false}], "isLeaf": false}, {"uuid": "3fb6efeb-cfc1-4608-a76c-9a43e0e2d8b5", "depth": 11, "parent_uuid": "2b07c964-750a-4284-a608-def5e923c006", "splittingValue": "1.0", "children": [], "isLeaf": true, "prediction": 0.0}], "isLeaf": false}, {"uuid": "f975a30f-b6b0-46e5-9e7d-3bc9e4a67699", "depth": 10, "parent_uuid": "6266d77b-2290-43b7-8b52-83a298756263", "splittingValue": "1.0", "splittingAttirbute": "height", "children": [{"uuid": "1590fc83-36fb-498e-ab7b-261d1bdc5091", "depth": 11, "parent_uuid": "f975a30f-b6b0-46e5-9e7d-3bc9e4a67699", "splittingValue": "(51.0, 84.0]", "children": [], "isLeaf": true, "prediction": 0.0}, {"uuid": "2745c7f9-92de-4476-81b6-6b5b70d145a0", "depth": 11, "parent_uuid": "f975a30f-b6b0-46e5-9e7d-3bc9e4a67699", "splittingValue": "(84.0, 640.0]", "children": [], "isLeaf": true, "prediction": 1.0}], "isLeaf": false}], "isLeaf": false}, {"uuid": "bf2a58a1-6221-4d57-9f95-718ed2404205", "depth": 9, "parent_uuid": "17b01e91-7765-414e-873f-d9bc9d048036", "splittingValue": "1.0", "splittingAttirbute": "url.www.autotown.com", "children": [{"uuid": "b73b718f-beeb-4628-a706-b5aa01fa26ff", "depth": 10, "parent_uuid": "bf2a58a1-6221-4d57-9f95-718ed2404205", "splittingValue": "1.0", "children": [], "isLeaf": true, "prediction": 0.0}, {"uuid": "a5365c75-ead0-4277-bc3f-faf8272b59b2", "depth": 10, "parent_uuid": "bf2a58a1-6221-4d57-9f95-718ed2404205", "splittingValue": "0.0", "children": [], "isLeaf": true, "prediction": 1.0}], "isLeaf": false}], "isLeaf": false}, {"uuid": "e7792a89-238a-4b09-a9f2-c884952efbcf", "depth": 8, "parent_uuid": "8d3b623b-a57f-4d60-bb1f-026f64c3ab4f", "splittingValue": "1.0", "children": [], "isLeaf": true, "prediction": 1.0}], "isLeaf": false}, {"uuid": "62baee96-3b81-4fdd-8743-80bbe552591d", "depth": 7, "parent_uuid": "8ce2dde9-e81f-4418-ba83-4002a848159c", "splittingValue": "1.0", "children": [], "isLeaf": true, "prediction": 1.0}], "isLeaf": false}, {"uuid": "d7b09599-38af-4bc5-ab2a-88ef594cbdee", "depth": 6, "parent_uuid": "d687aaa2-54b3-45f2-8972-f26271fae5cc", "splittingValue": "1.0", "splittingAttirbute": "ancurl.bin", "children": [{"uuid": "d8e9a839-8546-4128-9471-8eceaa10b531", "depth": 7, "parent_uuid": "d7b09599-38af-4bc5-ab2a-88ef594cbdee", "splittingValue": "1.0", "children": [], "isLeaf": true, "prediction": 1.0}, {"uuid": "df4abb67-cfeb-403d-b88a-ab68032d9238", "depth": 7, "parent_uuid": "d7b09599-38af-4bc5-ab2a-88ef594cbdee", "splittingValue": "0.0", "children": [], "isLeaf": true, "prediction": 0.0}], "isLeaf": false}], "isLeaf": false}, {"uuid": "b4e161e2-57e7-4c07-b8ce-fea279d6753b", "depth": 5, "parent_uuid": "0eaa2cec-5bcc-476e-9ba7-cc9b20f4ace0", "splittingValue": "1.0", "children": [], "isLeaf": true, "prediction": 1.0}], "isLeaf": false}, {"uuid": "7e8265a6-45fb-4913-bdc1-5df2f39971c8", "depth": 4, "parent_uuid": "5536db25-58df-4dc9-8c33-b7bc969d1cdc", "splittingValue": "1.0", "children": [], "isLeaf": true, "prediction": 1.0}], "isLeaf": false}, {"uuid": "ae177e19-8850-48ed-8e81-06b5ac148310", "depth": 3, "parent_uuid": "46d49db0-6d54-48ab-b967-811f29ebeaf9", "splittingValue": "(184.0, 640.0]", "splittingAttirbute": "height", "children": [{"uuid": "3e31c7c1-ffb7-46ee-9b30-14e804f744ee", "depth": 4, "parent_uuid": "ae177e19-8850-48ed-8e81-06b5ac148310", "splittingValue": "(25.0, 51.0]", "splittingAttirbute": "ancurl.index.html", "children": [{"uuid": "1742070f-2fa3-4c4e-aa43-2752d9289692", "depth": 5, "parent_uuid": "3e31c7c1-ffb7-46ee-9b30-14e804f744ee", "splittingValue": "0.0", "splittingAttirbute": "alt.here", "children": [{"uuid": "05a2fb26-79f2-49e6-b47a-6cf514701a62", "depth": 6, "parent_uuid": "1742070f-2fa3-4c4e-aa43-2752d9289692", "splittingValue": "0.0", "splittingAttirbute": "url.ad", "children": [{"uuid": "808f9fb6-5033-4805-b8cb-2103f0f2f4de", "depth": 7, "parent_uuid": "05a2fb26-79f2-49e6-b47a-6cf514701a62", "splittingValue": "0.0", "splittingAttirbute": "alt.with", "children": [{"uuid": "21343573-73bb-448e-90d4-31b464a127a9", "depth": 8, "parent_uuid": "808f9fb6-5033-4805-b8cb-2103f0f2f4de", "splittingValue": "0.0", "splittingAttirbute": "ancurl.pl", "children": [{"uuid": "71b91c55-4098-4ef8-8b5e-97518e7a91fd", "depth": 9, "parent_uuid": "21343573-73bb-448e-90d4-31b464a127a9", "splittingValue": "0.0", "splittingAttirbute": "url.ng.spacedesc", "children": [{"uuid": "939e7b49-a937-47d9-a8d7-d81e5722001d", "depth": 10, "parent_uuid": "71b91c55-4098-4ef8-8b5e-97518e7a91fd", "splittingValue": "0.0", "splittingAttirbute": "url.thejeep.com", "children": [{"uuid": "50d86d9a-d5b3-4d74-964c-2a9472f96c7d", "depth": 11, "parent_uuid": "939e7b49-a937-47d9-a8d7-d81e5722001d", "splittingValue": "0.0", "splittingAttirbute": "origurl.chapel", "children": [{"uuid": "30f12add-de8a-4f3b-b02b-9459df309449", "depth": 12, "parent_uuid": "50d86d9a-d5b3-4d74-964c-2a9472f96c7d", "splittingValue": "0.0", "splittingAttirbute": "origurl.zdnet.com", "children": [{"uuid": "853a5615-b372-4d96-b50d-0ab8208fac06", "depth": 13, "parent_uuid": "30f12add-de8a-4f3b-b02b-9459df309449", "splittingValue": "0.0", "children": [], "isLeaf": true, "prediction": 0.0}, {"uuid": "15a5eb17-dd5f-4d75-9d97-3ce10f323b49", "depth": 13, "parent_uuid": "30f12add-de8a-4f3b-b02b-9459df309449", "splittingValue": "1.0", "children": [], "isLeaf": true, "prediction": 1.0}], "isLeaf": false}, {"uuid": "240b1fd9-ad21-45f9-bfd2-1af3d8b513a3", "depth": 12, "parent_uuid": "50d86d9a-d5b3-4d74-964c-2a9472f96c7d", "splittingValue": "1.0", "children": [], "isLeaf": true, "prediction": 1.0}], "isLeaf": false}, {"uuid": "0aafe529-97d2-4ad3-819d-81cea8e56fed", "depth": 11, "parent_uuid": "939e7b49-a937-47d9-a8d7-d81e5722001d", "splittingValue": "1.0", "children": [], "isLeaf": true, "prediction": 1.0}], "isLeaf": false}, {"uuid": "ac5c89da-b063-4e94-aa3b-7b0bfcd6193c", "depth": 10, "parent_uuid": "71b91c55-4098-4ef8-8b5e-97518e7a91fd", "splittingValue": "1.0", "children": [], "isLeaf": true, "prediction": 1.0}], "isLeaf": false}, {"uuid": "2709bbc3-358a-4aef-97e2-826403eb67dd", "depth": 9, "parent_uuid": "21343573-73bb-448e-90d4-31b464a127a9", "splittingValue": "1.0", "children": [], "isLeaf": true, "prediction": 1.0}], "isLeaf": false}, {"uuid": "2a239de8-a538-4f2d-8c0d-bacabf699dd8", "depth": 8, "parent_uuid": "808f9fb6-5033-4805-b8cb-2103f0f2f4de", "splittingValue": "1.0", "splittingAttirbute": "url.gifs", "children": [{"uuid": "acaabcfa-2570-4dcb-845a-b2ed48324bf8", "depth": 9, "parent_uuid": "2a239de8-a538-4f2d-8c0d-bacabf699dd8", "splittingValue": "0.0", "children": [], "isLeaf": true, "prediction": 1.0}, {"uuid": "c945c76b-c87e-4b9f-87e5-efcfaa458ac0", "depth": 9, "parent_uuid": "2a239de8-a538-4f2d-8c0d-bacabf699dd8", "splittingValue": "1.0", "children": [], "isLeaf": true, "prediction": 0.0}], "isLeaf": false}], "isLeaf": false}, {"uuid": "05831058-e440-4892-9126-ed28ac1f0d90", "depth": 7, "parent_uuid": "05a2fb26-79f2-49e6-b47a-6cf514701a62", "splittingValue": "1.0", "children": [], "isLeaf": true, "prediction": 1.0}], "isLeaf": false}, {"uuid": "2893f3bb-4a96-4f35-864c-789d39544cb8", "depth": 6, "parent_uuid": "1742070f-2fa3-4c4e-aa43-2752d9289692", "splittingValue": "1.0", "children": [], "isLeaf": true, "prediction": 1.0}], "isLeaf": false}, {"uuid": "8de63fc1-418b-4a32-9b7a-788fe8e315cb", "depth": 5, "parent_uuid": "3e31c7c1-ffb7-46ee-9b30-14e804f744ee", "splittingValue": "1.0", "children": [], "isLeaf": true, "prediction": 1.0}], "isLeaf": false}, {"uuid": "16a09570-1285-4b9f-a4a2-c2400dd2cae1", "depth": 4, "parent_uuid": "ae177e19-8850-48ed-8e81-06b5ac148310", "splittingValue": "(84.0, 640.0]", "splittingAttirbute": "aratio", "children": [{"uuid": "4ca204fc-58f6-4436-9316-7e7c19425c5d", "depth": 5, "parent_uuid": "16a09570-1285-4b9f-a4a2-c2400dd2cae1", "splittingValue": "(1.036, 2.102]", "splittingAttirbute": "ancurl.asp", "children": [{"uuid": "4a2c87ae-1b26-40c0-a6fa-641429344949", "depth": 6, "parent_uuid": "4ca204fc-58f6-4436-9316-7e7c19425c5d", "splittingValue": "0.0", "children": [], "isLeaf": true, "prediction": 0.0}, {"uuid": "a0137feb-c994-4aac-b158-4c70f979de98", "depth": 6, "parent_uuid": "4ca204fc-58f6-4436-9316-7e7c19425c5d", "splittingValue": "1.0", "children": [], "isLeaf": true, "prediction": 1.0}], "isLeaf": false}, {"uuid": "9782db53-baad-4b85-af9b-95d4edcc3fc2", "depth": 5, "parent_uuid": "16a09570-1285-4b9f-a4a2-c2400dd2cae1", "splittingValue": "(0.0005, 1.036]", "children": [], "isLeaf": true, "prediction": 0.0}, {"uuid": "d4771aae-524b-4a6b-bf54-fa1ed66426c0", "depth": 5, "parent_uuid": "16a09570-1285-4b9f-a4a2-c2400dd2cae1", "splittingValue": "(2.102, 5.333]", "splittingAttirbute": "url.banner", "children": [{"uuid": "efc71f1b-d647-4262-af01-390ad9df4e6b", "depth": 6, "parent_uuid": "d4771aae-524b-4a6b-bf54-fa1ed66426c0", "splittingValue": "0.0", "splittingAttirbute": "origurl.index.html", "children": [{"uuid": "7573da7e-4a0a-4bd0-9edd-fa9f8d096c24", "depth": 7, "parent_uuid": "efc71f1b-d647-4262-af01-390ad9df4e6b", "splittingValue": "0.0", "children": [], "isLeaf": true, "prediction": 0.0}, {"uuid": "bb1fa58b-f67a-4238-89f1-f6a62599108f", "depth": 7, "parent_uuid": "efc71f1b-d647-4262-af01-390ad9df4e6b", "splittingValue": "1.0", "children": [], "isLeaf": true, "prediction": 1.0}], "isLeaf": false}, {"uuid": "14a1f265-bf0b-47d7-bf76-dfdede25ee57", "depth": 6, "parent_uuid": "d4771aae-524b-4a6b-bf54-fa1ed66426c0", "splittingValue": "1.0", "children": [], "isLeaf": true, "prediction": 1.0}], "isLeaf": false}, {"uuid": "de87fc0c-78de-4179-9334-be2ab0648554", "depth": 5, "parent_uuid": "16a09570-1285-4b9f-a4a2-c2400dd2cae1", "splittingValue": "(5.333, 60.0]", "children": [], "isLeaf": true, "prediction": 1.0}], "isLeaf": false}, {"uuid": "3cf761a3-158f-44dc-ba12-87c45d98753d", "depth": 4, "parent_uuid": "ae177e19-8850-48ed-8e81-06b5ac148310", "splittingValue": "(51.0, 84.0]", "splittingAttirbute": "aratio", "children": [{"uuid": "542419d7-ae21-4473-919a-00b5f508463e", "depth": 5, "parent_uuid": "3cf761a3-158f-44dc-ba12-87c45d98753d", "splittingValue": "(5.333, 60.0]", "splittingAttirbute": "url.gifs", "children": [{"uuid": "6f313b54-c913-491b-8ae5-c3303a50d35a", "depth": 6, "parent_uuid": "542419d7-ae21-4473-919a-00b5f508463e", "splittingValue": "0.0", "splittingAttirbute": "url.zueri.ch", "children": [{"uuid": "5dc666fe-3650-4e9c-90cd-0f0bc7f78843", "depth": 7, "parent_uuid": "6f313b54-c913-491b-8ae5-c3303a50d35a", "splittingValue": "0.0", "splittingAttirbute": "origurl.www.innotts.co.uk", "children": [{"uuid": "23a02dc8-6560-4e98-a666-5e61310297ce", "depth": 8, "parent_uuid": "5dc666fe-3650-4e9c-90cd-0f0bc7f78843", "splittingValue": "0.0", "splittingAttirbute": "origurl.hollywood.9662", "children": [{"uuid": "507b4321-59ef-497f-971d-7660dc161a47", "depth": 9, "parent_uuid": "23a02dc8-6560-4e98-a666-5e61310297ce", "splittingValue": "0.0", "splittingAttirbute": "local", "children": [{"uuid": "cf4e2449-8027-4d9f-8da8-8ecdccc43daa", "depth": 10, "parent_uuid": "507b4321-59ef-497f-971d-7660dc161a47", "splittingValue": "1.0", "children": [], "isLeaf": true, "prediction": 1.0}, {"uuid": "99d5419e-79bf-4990-9442-8fb7cc8a7c0c", "depth": 10, "parent_uuid": "507b4321-59ef-497f-971d-7660dc161a47", "splittingValue": "0.0", "splittingAttirbute": "url.lycos.de", "children": [{"uuid": "bed4c148-f777-40b2-890e-1c58d24b49eb", "depth": 11, "parent_uuid": "99d5419e-79bf-4990-9442-8fb7cc8a7c0c", "splittingValue": "0.0", "splittingAttirbute": "url.ng.spacedesc", "children": [{"uuid": "8deeaf23-e125-474a-898d-5456142bc94d", "depth": 12, "parent_uuid": "bed4c148-f777-40b2-890e-1c58d24b49eb", "splittingValue": "0.0", "children": [], "isLeaf": true, "prediction": 0.0}, {"uuid": "bdf824a4-4a38-46c6-8e11-9c4418eb3735", "depth": 12, "parent_uuid": "bed4c148-f777-40b2-890e-1c58d24b49eb", "splittingValue": "1.0", "children": [], "isLeaf": true, "prediction": 1.0}], "isLeaf": false}, {"uuid": "9d091138-04d6-432d-9676-4846962b073b", "depth": 11, "parent_uuid": "99d5419e-79bf-4990-9442-8fb7cc8a7c0c", "splittingValue": "1.0", "children": [], "isLeaf": true, "prediction": 1.0}], "isLeaf": false}], "isLeaf": false}, {"uuid": "ab5dd83c-37ed-4e5d-8175-44c9516ddb6d", "depth": 9, "parent_uuid": "23a02dc8-6560-4e98-a666-5e61310297ce", "splittingValue": "1.0", "children": [], "isLeaf": true, "prediction": 0.0}], "isLeaf": false}, {"uuid": "abf6f872-4ed0-4ca5-bac1-752115de3a18", "depth": 8, "parent_uuid": "5dc666fe-3650-4e9c-90cd-0f0bc7f78843", "splittingValue": "1.0", "children": [], "isLeaf": true, "prediction": 0.0}], "isLeaf": false}, {"uuid": "605cf986-350c-4306-a781-7bac3594ccff", "depth": 7, "parent_uuid": "6f313b54-c913-491b-8ae5-c3303a50d35a", "splittingValue": "1.0", "children": [], "isLeaf": true, "prediction": 0.0}], "isLeaf": false}, {"uuid": "e3f7bf5d-63ec-443e-b38b-36a53e318a6e", "depth": 6, "parent_uuid": "542419d7-ae21-4473-919a-00b5f508463e", "splittingValue": "1.0", "children": [], "isLeaf": true, "prediction": 0.0}], "isLeaf": false}, {"uuid": "8f708133-923c-44cc-a06c-67512cb483d3", "depth": 5, "parent_uuid": "3cf761a3-158f-44dc-ba12-87c45d98753d", "splittingValue": "(2.102, 5.333]", "splittingAttirbute": "ancurl.redirect", "children": [{"uuid": "0c683afb-ff2e-4b64-bd62-e1646919ed8b", "depth": 6, "parent_uuid": "8f708133-923c-44cc-a06c-67512cb483d3", "splittingValue": "0.0", "splittingAttirbute": "url.home", "children": [{"uuid": "8d0dcf4d-db55-40c6-b022-7f3e3fa73b6f", "depth": 7, "parent_uuid": "0c683afb-ff2e-4b64-bd62-e1646919ed8b", "splittingValue": "0.0", "splittingAttirbute": "ancurl.default", "children": [{"uuid": "42e985ca-3981-4596-a7a4-5dddc706bb6c", "depth": 8, "parent_uuid": "8d0dcf4d-db55-40c6-b022-7f3e3fa73b6f", "splittingValue": "0.0", "children": [], "isLeaf": true, "prediction": 0.0}, {"uuid": "67cc4f5d-2a42-4770-a43c-33b11e1f237b", "depth": 8, "parent_uuid": "8d0dcf4d-db55-40c6-b022-7f3e3fa73b6f", "splittingValue": "1.0", "children": [], "isLeaf": true, "prediction": 1.0}], "isLeaf": false}, {"uuid": "2396af7d-14aa-4f78-8ae6-2b2ab48d40ca", "depth": 7, "parent_uuid": "0c683afb-ff2e-4b64-bd62-e1646919ed8b", "splittingValue": "1.0", "children": [], "isLeaf": true, "prediction": 1.0}], "isLeaf": false}, {"uuid": "34e8c452-4e12-4da1-8c64-77b41dc18d7e", "depth": 6, "parent_uuid": "8f708133-923c-44cc-a06c-67512cb483d3", "splittingValue": "1.0", "splittingAttirbute": "origurl.messier", "children": [{"uuid": "cc4ab448-b4df-44bc-9c2f-11e4d0b7ddd7", "depth": 7, "parent_uuid": "34e8c452-4e12-4da1-8c64-77b41dc18d7e", "splittingValue": "0.0", "children": [], "isLeaf": true, "prediction": 1.0}, {"uuid": "e159e6fe-8e3e-4caf-ad8d-70430d0ebf56", "depth": 7, "parent_uuid": "34e8c452-4e12-4da1-8c64-77b41dc18d7e", "splittingValue": "1.0", "children": [], "isLeaf": true, "prediction": 0.0}], "isLeaf": false}], "isLeaf": false}], "isLeaf": false}, {"uuid": "3b10e536-76b8-4e58-92c2-cd678132fb71", "depth": 4, "parent_uuid": "ae177e19-8850-48ed-8e81-06b5ac148310", "splittingValue": "(0.999, 25.0]", "children": [], "isLeaf": true, "prediction": 0.0}], "isLeaf": false}, {"uuid": "925592dc-1c9b-49c6-a50b-721c580ae7aa", "depth": 3, "parent_uuid": "46d49db0-6d54-48ab-b967-811f29ebeaf9", "splittingValue": "(0.999, 81.0]", "splittingAttirbute": "url.ad", "children": [{"uuid": "986fb33f-52a8-4693-b8ec-89a9d8ad93dd", "depth": 4, "parent_uuid": "925592dc-1c9b-49c6-a50b-721c580ae7aa", "splittingValue": "0.0", "splittingAttirbute": "url.it", "children": [{"uuid": "50f76cf1-684a-4558-ae1f-398d8480d54a", "depth": 5, "parent_uuid": "986fb33f-52a8-4693-b8ec-89a9d8ad93dd", "splittingValue": "0.0", "splittingAttirbute": "ancurl.download", "children": [{"uuid": "55e66138-b46b-40cd-81cb-5b44f8845a9d", "depth": 6, "parent_uuid": "50f76cf1-684a-4558-ae1f-398d8480d54a", "splittingValue": "0.0", "splittingAttirbute": "alt.of", "children": [{"uuid": "f93ff89f-7cb4-4def-b367-33fb0d65032b", "depth": 7, "parent_uuid": "55e66138-b46b-40cd-81cb-5b44f8845a9d", "splittingValue": "0.0", "children": [], "isLeaf": true, "prediction": 0.0}, {"uuid": "2fcefe41-1137-4715-9401-1846a110247a", "depth": 7, "parent_uuid": "55e66138-b46b-40cd-81cb-5b44f8845a9d", "splittingValue": "1.0", "splittingAttirbute": "height", "children": [{"uuid": "9188f4bf-6300-4af3-ba6c-b766ab170212", "depth": 8, "parent_uuid": "2fcefe41-1137-4715-9401-1846a110247a", "splittingValue": "(0.999, 25.0]", "children": [], "isLeaf": true, "prediction": 0.0}, {"uuid": "20e508ef-69b8-495a-aeee-193749023848", "depth": 8, "parent_uuid": "2fcefe41-1137-4715-9401-1846a110247a", "splittingValue": "(51.0, 84.0]", "splittingAttirbute": "aratio", "children": [{"uuid": "3da84a9a-c754-4cc9-8ef8-3c25857fcd4c", "depth": 9, "parent_uuid": "20e508ef-69b8-495a-aeee-193749023848", "splittingValue": "(0.0005, 1.036]", "children": [], "isLeaf": true, "prediction": 1.0}, {"uuid": "2e2edc36-caa0-416a-ad29-a145bc65a6fd", "depth": 9, "parent_uuid": "20e508ef-69b8-495a-aeee-193749023848", "splittingValue": "(1.036, 2.102]", "children": [], "isLeaf": true, "prediction": 0.0}], "isLeaf": false}, {"uuid": "1f051f4f-b189-48c6-a91b-915485217f45", "depth": 8, "parent_uuid": "2fcefe41-1137-4715-9401-1846a110247a", "splittingValue": "(25.0, 51.0]", "children": [], "isLeaf": true, "prediction": 0.0}], "isLeaf": false}], "isLeaf": false}, {"uuid": "a55f0351-7a3c-466e-8a81-91a8dce34202", "depth": 6, "parent_uuid": "50f76cf1-684a-4558-ae1f-398d8480d54a", "splittingValue": "1.0", "splittingAttirbute": "aratio", "children": [{"uuid": "9a3dbbff-5ccd-421e-b0f0-a1156a4b1699", "depth": 7, "parent_uuid": "a55f0351-7a3c-466e-8a81-91a8dce34202", "splittingValue": "(2.102, 5.333]", "children": [], "isLeaf": true, "prediction": 1.0}, {"uuid": "93b19830-87aa-4a29-86a6-ca9fe1c8d6e9", "depth": 7, "parent_uuid": "a55f0351-7a3c-466e-8a81-91a8dce34202", "splittingValue": "(0.0005, 1.036]", "children": [], "isLeaf": true, "prediction": 0.0}, {"uuid": "ed1e6b80-f796-45b0-b883-cf2ba846d28f", "depth": 7, "parent_uuid": "a55f0351-7a3c-466e-8a81-91a8dce34202", "splittingValue": "(1.036, 2.102]", "children": [], "isLeaf": true, "prediction": 0.0}], "isLeaf": false}], "isLeaf": false}, {"uuid": "65df9153-54fe-421a-89ea-d0d26320802d", "depth": 5, "parent_uuid": "986fb33f-52a8-4693-b8ec-89a9d8ad93dd", "splittingValue": "1.0", "children": [], "isLeaf": true, "prediction": 1.0}], "isLeaf": false}, {"uuid": "0f703039-b801-4306-962c-b45de5cdc9fd", "depth": 4, "parent_uuid": "925592dc-1c9b-49c6-a50b-721c580ae7aa", "splittingValue": "1.0", "splittingAttirbute": "height", "children": [{"uuid": "5de59d8a-51ae-4064-ba1f-a2fe245d6a60", "depth": 5, "parent_uuid": "0f703039-b801-4306-962c-b45de5cdc9fd", "splittingValue": "(84.0, 640.0]", "children": [], "isLeaf": true, "prediction": 1.0}, {"uuid": "a174b745-0950-42e9-ad96-5ee1861b9a64", "depth": 5, "parent_uuid": "0f703039-b801-4306-962c-b45de5cdc9fd", "splittingValue": "(51.0, 84.0]", "children": [], "isLeaf": true, "prediction": 0.0}, {"uuid": "02be5c0c-29d6-40d9-a424-00bb2da382a7", "depth": 5, "parent_uuid": "0f703039-b801-4306-962c-b45de5cdc9fd", "splittingValue": "(0.999, 25.0]", "children": [], "isLeaf": true, "prediction": 1.0}], "isLeaf": false}], "isLeaf": false}, {"uuid": "df67e714-66c9-4615-987b-8186b8ba67e0", "depth": 3, "parent_uuid": "46d49db0-6d54-48ab-b967-811f29ebeaf9", "splittingValue": "(110.0, 184.0]", "splittingAttirbute": "url.ads", "children": [{"uuid": "6f1a8249-eb57-4892-9277-25992745b302", "depth": 4, "parent_uuid": "df67e714-66c9-4615-987b-8186b8ba67e0", "splittingValue": "0.0", "splittingAttirbute": "url.doubleclick.net", "children": [{"uuid": "c7c4cd28-052d-4861-9f8d-ef13c35ca1ee", "depth": 5, "parent_uuid": "6f1a8249-eb57-4892-9277-25992745b302", "splittingValue": "0.0", "splittingAttirbute": "url.thejeep.com", "children": [{"uuid": "7c2c5ee8-bff7-4f04-9cd7-a34028271cbe", "depth": 6, "parent_uuid": "c7c4cd28-052d-4861-9f8d-ef13c35ca1ee", "splittingValue": "0.0", "splittingAttirbute": "url.marketing", "children": [{"uuid": "1c381037-0f44-42a7-81d5-1add3bf07bec", "depth": 7, "parent_uuid": "7c2c5ee8-bff7-4f04-9cd7-a34028271cbe", "splittingValue": "0.0", "splittingAttirbute": "url.time.1998", "children": [{"uuid": "b7657bc9-cf43-43a1-bed9-027491eb1cbf", "depth": 8, "parent_uuid": "1c381037-0f44-42a7-81d5-1add3bf07bec", "splittingValue": "0.0", "splittingAttirbute": "url.home.netscape.com", "children": [{"uuid": "f73b7463-1e9e-4830-8572-4d7328fbec25", "depth": 9, "parent_uuid": "b7657bc9-cf43-43a1-bed9-027491eb1cbf", "splittingValue": "0.0", "splittingAttirbute": "url.bin", "children": [{"uuid": "0287dd8c-ae38-4e18-a6cf-99e750783d07", "depth": 10, "parent_uuid": "f73b7463-1e9e-4830-8572-4d7328fbec25", "splittingValue": "0.0", "splittingAttirbute": "alt.download", "children": [{"uuid": "657367de-73ab-406e-a85e-d917ede0c006", "depth": 11, "parent_uuid": "0287dd8c-ae38-4e18-a6cf-99e750783d07", "splittingValue": "0.0", "children": [], "isLeaf": true, "prediction": 0.0}, {"uuid": "beaf6e3a-4ce8-45d6-b899-da9793cce399", "depth": 11, "parent_uuid": "0287dd8c-ae38-4e18-a6cf-99e750783d07", "splittingValue": "1.0", "children": [], "isLeaf": true, "prediction": 1.0}], "isLeaf": false}, {"uuid": "09cc224a-1ef4-4c4b-9d4f-e7010383de68", "depth": 10, "parent_uuid": "f73b7463-1e9e-4830-8572-4d7328fbec25", "splittingValue": "1.0", "children": [], "isLeaf": true, "prediction": 1.0}], "isLeaf": false}, {"uuid": "7d11f4cc-0924-41b3-b44b-242874bab6c0", "depth": 9, "parent_uuid": "b7657bc9-cf43-43a1-bed9-027491eb1cbf", "splittingValue": "1.0", "children": [], "isLeaf": true, "prediction": 1.0}], "isLeaf": false}, {"uuid": "6d90cb74-8241-4dde-889e-460f85104889", "depth": 8, "parent_uuid": "1c381037-0f44-42a7-81d5-1add3bf07bec", "splittingValue": "1.0", "children": [], "isLeaf": true, "prediction": 1.0}], "isLeaf": false}, {"uuid": "8eb641da-e5d9-4a46-ae39-5e6da705ef87", "depth": 7, "parent_uuid": "7c2c5ee8-bff7-4f04-9cd7-a34028271cbe", "splittingValue": "1.0", "splittingAttirbute": "height", "children": [{"uuid": "7dfb8bdd-f7d3-4eb7-ad97-b8155c6b183b", "depth": 8, "parent_uuid": "8eb641da-e5d9-4a46-ae39-5e6da705ef87", "splittingValue": "(25.0, 51.0]", "splittingAttirbute": "aratio", "children": [{"uuid": "1de516de-daa7-40e3-8266-26f6507dcbab", "depth": 9, "parent_uuid": "7dfb8bdd-f7d3-4eb7-ad97-b8155c6b183b", "splittingValue": "(2.102, 5.333]", "splittingAttirbute": "local", "children": [{"uuid": "f829b93e-5cbc-4237-9b27-d2c9357dd4d0", "depth": 10, "parent_uuid": "1de516de-daa7-40e3-8266-26f6507dcbab", "splittingValue": "1.0", "splittingAttirbute": "url.images.buttons", "children": [{"uuid": "48375534-99cd-44f8-94b1-c3e7fc1c820d", "depth": 11, "parent_uuid": "f829b93e-5cbc-4237-9b27-d2c9357dd4d0", "splittingValue": "0.0", "splittingAttirbute": "url.likesbooks.com", "children": [{"uuid": "4528216e-d40b-419f-ad9c-775304baa55f", "depth": 12, "parent_uuid": "48375534-99cd-44f8-94b1-c3e7fc1c820d", "splittingValue": "0.0", "splittingAttirbute": "url.www.slake.com", "children": [{"uuid": "99370c09-2ec8-489c-b129-d03c4375dc31", "depth": 13, "parent_uuid": "4528216e-d40b-419f-ad9c-775304baa55f", "splittingValue": "0.0", "splittingAttirbute": "url.hydrogeologist", "children": [{"uuid": "0e0667c1-ada8-47a0-b14a-b4659d8af468", "depth": 14, "parent_uuid": "99370c09-2ec8-489c-b129-d03c4375dc31", "splittingValue": "0.0", "splittingAttirbute": "url.oso", "children": [{"uuid": "193cb11b-cea0-4b0d-9608-7c21344056d0", "depth": 15, "parent_uuid": "0e0667c1-ada8-47a0-b14a-b4659d8af468", "splittingValue": "0.0", "splittingAttirbute": "url.media", "children": [{"uuid": "7499f22b-4e93-4a27-84ae-e1f52ed1b88f", "depth": 16, "parent_uuid": "193cb11b-cea0-4b0d-9608-7c21344056d0", "splittingValue": "0.0", "children": [], "isLeaf": true, "prediction": 1.0}], "isLeaf": false}], "isLeaf": false}], "isLeaf": false}], "isLeaf": false}], "isLeaf": false}], "isLeaf": false}], "isLeaf": false}], "isLeaf": false}, {"uuid": "2b3af89f-1c3d-4c1c-91a2-16e58798f055", "depth": 8, "parent_uuid": "8eb641da-e5d9-4a46-ae39-5e6da705ef87", "splittingValue": "(0.999, 25.0]", "children": [], "isLeaf": true, "prediction": 0.0}], "isLeaf": false}], "isLeaf": false}, {"uuid": "39288192-552f-456d-afa6-68288d309ee4", "depth": 6, "parent_uuid": "c7c4cd28-052d-4861-9f8d-ef13c35ca1ee", "splittingValue": "1.0", "children": [], "isLeaf": true, "prediction": 1.0}], "isLeaf": false}, {"uuid": "ec671c5b-a1c5-4267-bc96-f2b531e8b976", "depth": 5, "parent_uuid": "6f1a8249-eb57-4892-9277-25992745b302", "splittingValue": "1.0", "children": [], "isLeaf": true, "prediction": 1.0}], "isLeaf": false}, {"uuid": "9354979b-45a5-435b-b10f-ebcfd086df42", "depth": 4, "parent_uuid": "df67e714-66c9-4615-987b-8186b8ba67e0", "splittingValue": "1.0", "children": [], "isLeaf": true, "prediction": 1.0}], "isLeaf": false}], "isLeaf": false}, {"uuid": "5ffff0b4-9297-49a4-89ab-d92c3d6c1356", "depth": 2, "parent_uuid": "5e0b2a27-d246-443f-ab43-3c3344e8c639", "splittingValue": "1.0", "splittingAttirbute": "height", "children": [{"uuid": "f20c5edb-42f2-44f9-990f-6c8007e4eb99", "depth": 3, "parent_uuid": "5ffff0b4-9297-49a4-89ab-d92c3d6c1356", "splittingValue": "(51.0, 84.0]", "splittingAttirbute": "origurl.www.news.observer.com", "children": [{"uuid": "7ee8ce93-588c-4f68-b53e-66a769298590", "depth": 4, "parent_uuid": "f20c5edb-42f2-44f9-990f-6c8007e4eb99", "splittingValue": "0.0", "splittingAttirbute": "url.pacific.net.sg", "children": [{"uuid": "d8a61291-2015-4571-b6a9-9ea0a192048e", "depth": 5, "parent_uuid": "7ee8ce93-588c-4f68-b53e-66a769298590", "splittingValue": "0.0", "children": [], "isLeaf": true, "prediction": 1.0}, {"uuid": "57678a2d-1c23-467c-8ea8-1dd8482e66b2", "depth": 5, "parent_uuid": "7ee8ce93-588c-4f68-b53e-66a769298590", "splittingValue": "1.0", "splittingAttirbute": "width", "children": [{"uuid": "07ad8b2d-32f2-434f-b1dd-9f585419b487", "depth": 6, "parent_uuid": "57678a2d-1c23-467c-8ea8-1dd8482e66b2", "splittingValue": "(110.0, 184.0]", "splittingAttirbute": "aratio", "children": [{"uuid": "dbf0090f-5b32-438d-a40b-4fceada02504", "depth": 7, "parent_uuid": "07ad8b2d-32f2-434f-b1dd-9f585419b487", "splittingValue": "(2.102, 5.333]", "splittingAttirbute": "local", "children": [{"uuid": "a21057b5-2a13-4207-8ef9-69f00477a4af", "depth": 8, "parent_uuid": "dbf0090f-5b32-438d-a40b-4fceada02504", "splittingValue": "1.0", "splittingAttirbute": "url.images.buttons", "children": [{"uuid": "0b35e85a-8f99-466a-83d7-3b144d848ea6", "depth": 9, "parent_uuid": "a21057b5-2a13-4207-8ef9-69f00477a4af", "splittingValue": "0.0", "splittingAttirbute": "url.likesbooks.com", "children": [{"uuid": "49842dd0-a170-43d0-bb6f-a8ed5e571631", "depth": 10, "parent_uuid": "0b35e85a-8f99-466a-83d7-3b144d848ea6", "splittingValue": "0.0", "splittingAttirbute": "url.www.slake.com", "children": [{"uuid": "add44a92-921f-4579-ba67-22d94c196192", "depth": 11, "parent_uuid": "49842dd0-a170-43d0-bb6f-a8ed5e571631", "splittingValue": "0.0", "splittingAttirbute": "url.hydrogeologist", "children": [{"uuid": "9069f463-c332-47d1-9d7e-e881a21125ed", "depth": 12, "parent_uuid": "add44a92-921f-4579-ba67-22d94c196192", "splittingValue": "0.0", "splittingAttirbute": "url.oso", "children": [{"uuid": "c831b861-f722-4371-80ef-2caeb5c99a4b", "depth": 13, "parent_uuid": "9069f463-c332-47d1-9d7e-e881a21125ed", "splittingValue": "0.0", "splittingAttirbute": "url.media", "children": [{"uuid": "913666e7-d6af-4a4a-9be2-cf3f1f2b6f0c", "depth": 14, "parent_uuid": "c831b861-f722-4371-80ef-2caeb5c99a4b", "splittingValue": "0.0", "splittingAttirbute": "url.peace.images", "children": [{"uuid": "dda8893b-f77f-41f5-9e9d-9909468dea5c", "depth": 15, "parent_uuid": "913666e7-d6af-4a4a-9be2-cf3f1f2b6f0c", "splittingValue": "0.0", "splittingAttirbute": "url.blipverts", "children": [{"uuid": "ca6ebb45-69e7-40f0-94be-03b516f64c83", "depth": 16, "parent_uuid": "dda8893b-f77f-41f5-9e9d-9909468dea5c", "splittingValue": "0.0", "children": [], "isLeaf": true, "prediction": 1.0}], "isLeaf": false}], "isLeaf": false}], "isLeaf": false}], "isLeaf": false}], "isLeaf": false}], "isLeaf": false}], "isLeaf": false}], "isLeaf": false}], "isLeaf": false}], "isLeaf": false}], "isLeaf": false}], "isLeaf": false}, {"uuid": "15a19236-ea5f-4f13-b125-150b652a42a8", "depth": 4, "parent_uuid": "f20c5edb-42f2-44f9-990f-6c8007e4eb99", "splittingValue": "1.0", "children": [], "isLeaf": true, "prediction": 0.0}], "isLeaf": false}, {"uuid": "dba2af72-67bd-425e-b78a-005c95d86d29", "depth": 3, "parent_uuid": "5ffff0b4-9297-49a4-89ab-d92c3d6c1356", "splittingValue": "(84.0, 640.0]", "children": [], "isLeaf": true, "prediction": 1.0}, {"uuid": "4a9a3f12-08f1-49ed-8ad7-16cd6ca0567d", "depth": 3, "parent_uuid": "5ffff0b4-9297-49a4-89ab-d92c3d6c1356", "splittingValue": "(25.0, 51.0]", "children": [], "isLeaf": true, "prediction": 1.0}, {"uuid": "349a2787-755a-446b-af4d-2937632bee34", "depth": 3, "parent_uuid": "5ffff0b4-9297-49a4-89ab-d92c3d6c1356", "splittingValue": "(0.999, 25.0]", "children": [], "isLeaf": true, "prediction": 0.0}], "isLeaf": false}], "isLeaf": false}