{"uuid": "1f840958-52e2-4f95-92cf-53178a7b1e84", "depth": 1, "splittingAttirbute": "ancurl.com", "children": [{"uuid": "9f6fc3aa-baaa-4983-a13d-29f4a9fd963b", "depth": 2, "parent_uuid": "1f840958-52e2-4f95-92cf-53178a7b1e84", "splittingValue": "0.0", "splittingAttirbute": "url.ads", "children": [{"uuid": "70bf3158-c8ad-404b-9141-94812ff42e94", "depth": 3, "parent_uuid": "9f6fc3aa-baaa-4983-a13d-29f4a9fd963b", "splittingValue": "0.0", "splittingAttirbute": "width", "children": [{"uuid": "89dcca59-aac1-4f7d-afb3-5ce730e7121c", "depth": 4, "parent_uuid": "70bf3158-c8ad-404b-9141-94812ff42e94", "splittingValue": "(81.0, 110.0]", "splittingAttirbute": "ancurl.click", "children": [{"uuid": "62bde08b-3487-480c-b690-956f791780e8", "depth": 5, "parent_uuid": "89dcca59-aac1-4f7d-afb3-5ce730e7121c", "splittingValue": "0.0", "splittingAttirbute": "ancurl.main", "children": [{"uuid": "6c79f85c-c9f9-45b9-9e70-e089f7d89297", "depth": 6, "parent_uuid": "62bde08b-3487-480c-b690-956f791780e8", "splittingValue": "0.0", "splittingAttirbute": "url.doubleclick.net", "children": [{"uuid": "2639497e-ca12-4988-93f6-d7a9bb37b733", "depth": 7, "parent_uuid": "6c79f85c-c9f9-45b9-9e70-e089f7d89297", "splittingValue": "0.0", "splittingAttirbute": "origurl.www.thriveonline.com", "children": [{"uuid": "476f1fe1-335a-4aa4-b069-f292808fa458", "depth": 8, "parent_uuid": "2639497e-ca12-4988-93f6-d7a9bb37b733", "splittingValue": "0.0", "splittingAttirbute": "origurl.pages", "children": [{"uuid": "b20a4010-dc4c-42d5-b634-9dc0f5f49b3d", "depth": 9, "parent_uuid": "476f1fe1-335a-4aa4-b069-f292808fa458", "splittingValue": "0.0", "splittingAttirbute": "local", "children": [{"uuid": "820d040f-48b7-4d7a-b23c-6baeef3943fa", "depth": 10, "parent_uuid": "b20a4010-dc4c-42d5-b634-9dc0f5f49b3d", "splittingValue": "0.0", "splittingAttirbute": "url.images", "children": [{"uuid": "3bd636fd-4fbb-4f7e-a8bb-483d728a8e11", "depth": 11, "parent_uuid": "820d040f-48b7-4d7a-b23c-6baeef3943fa", "splittingValue": "0.0", "children": [], "isLeaf": true, "prediction": 0.0}, {"uuid": "5bf97370-53ec-40c6-8a86-3ee777bac610", "depth": 11, "parent_uuid": "820d040f-48b7-4d7a-b23c-6baeef3943fa", "splittingValue": "1.0", "splittingAttirbute": "height", "children": [{"uuid": "3b0ad2f9-300e-4052-be99-a17e5494f3aa", "depth": 12, "parent_uuid": "5bf97370-53ec-40c6-8a86-3ee777bac610", "splittingValue": "(0.999, 25.0]", "children": [], "isLeaf": true, "prediction": 0.0}, {"uuid": "ce49da1c-b7d1-4315-94b1-322f164cf572", "depth": 12, "parent_uuid": "5bf97370-53ec-40c6-8a86-3ee777bac610", "splittingValue": "(25.0, 51.0]", "splittingAttirbute": "ancurl.www.microsoft.com", "children": [{"uuid": "089923a4-c86c-430f-b812-f519593500d4", "depth": 13, "parent_uuid": "ce49da1c-b7d1-4315-94b1-322f164cf572", "splittingValue": "0.0", "splittingAttirbute": "ancurl.mirror", "children": [{"uuid": "e84de463-e970-43fb-a1bd-58a02db1850c", "depth": 14, "parent_uuid": "089923a4-c86c-430f-b812-f519593500d4", "splittingValue": "1.0", "children": [], "isLeaf": true, "prediction": 0.0}, {"uuid": "2552afb7-98d7-497a-82b0-914adcc0c7b1", "depth": 14, "parent_uuid": "089923a4-c86c-430f-b812-f519593500d4", "splittingValue": "0.0", "splittingAttirbute": "aratio", "children": [{"uuid": "0e4aac0c-d62e-42d2-9565-434c7ed3a5fa", "depth": 15, "parent_uuid": "2552afb7-98d7-497a-82b0-914adcc0c7b1", "splittingValue": "(2.102, 5.333]", "splittingAttirbute": "url.home.netscape.com", "children": [{"uuid": "bebaf255-e5a2-48b3-8f59-f23f69c4ea35", "depth": 16, "parent_uuid": "0e4aac0c-d62e-42d2-9565-434c7ed3a5fa", "splittingValue": "1.0", "children": [], "isLeaf": true, "prediction": 0.0}, {"uuid": "a781158b-c249-49f7-963b-33ee3b6ee62f", "depth": 16, "parent_uuid": "0e4aac0c-d62e-42d2-9565-434c7ed3a5fa", "splittingValue": "0.0", "children": [], "isLeaf": true, "prediction": 1.0}], "isLeaf": false}, {"uuid": "40e8c3c3-d08a-47b6-93a6-43f3d72b6e12", "depth": 15, "parent_uuid": "2552afb7-98d7-497a-82b0-914adcc0c7b1", "splittingValue": "(1.036, 2.102]", "children": [], "isLeaf": true, "prediction": 0.0}], "isLeaf": false}], "isLeaf": false}, {"uuid": "f3525738-61ac-4978-8fb9-bf3b8742b398", "depth": 13, "parent_uuid": "ce49da1c-b7d1-4315-94b1-322f164cf572", "splittingValue": "1.0", "children": [], "isLeaf": true, "prediction": 0.0}], "isLeaf": false}, {"uuid": "ba06cf0b-bccd-4854-8204-7e990d48c4d8", "depth": 12, "parent_uuid": "5bf97370-53ec-40c6-8a86-3ee777bac610", "splittingValue": "(84.0, 640.0]", "children": [], "isLeaf": true, "prediction": 0.0}, {"uuid": "fbeaa44d-3a1e-4f7d-a4ad-ffd53fdaf3b6", "depth": 12, "parent_uuid": "5bf97370-53ec-40c6-8a86-3ee777bac610", "splittingValue": "(51.0, 84.0]", "children": [], "isLeaf": true, "prediction": 0.0}], "isLeaf": false}], "isLeaf": false}, {"uuid": "59b17050-6369-438f-9e1f-c64032112b4a", "depth": 10, "parent_uuid": "b20a4010-dc4c-42d5-b634-9dc0f5f49b3d", "splittingValue": "1.0", "children": [], "isLeaf": true, "prediction": 0.0}], "isLeaf": false}, {"uuid": "8be366a6-e4b1-4889-96c1-7ef9b8434cfd", "depth": 9, "parent_uuid": "476f1fe1-335a-4aa4-b069-f292808fa458", "splittingValue": "1.0", "children": [], "isLeaf": true, "prediction": 1.0}], "isLeaf": false}, {"uuid": "0235d239-eded-4a85-864a-bd8e3387bf4a", "depth": 8, "parent_uuid": "2639497e-ca12-4988-93f6-d7a9bb37b733", "splittingValue": "1.0", "children": [], "isLeaf": true, "prediction": 1.0}], "isLeaf": false}, {"uuid": "48251d2d-54ac-4eab-b32e-353535064850", "depth": 7, "parent_uuid": "6c79f85c-c9f9-45b9-9e70-e089f7d89297", "splittingValue": "1.0", "children": [], "isLeaf": true, "prediction": 1.0}], "isLeaf": false}, {"uuid": "d9c48f01-bbee-4074-b45c-a839a6535d35", "depth": 6, "parent_uuid": "62bde08b-3487-480c-b690-956f791780e8", "splittingValue": "1.0", "splittingAttirbute": "local", "children": [{"uuid": "6456bc2d-2bf9-4f4c-9ed3-207c54484687", "depth": 7, "parent_uuid": "d9c48f01-bbee-4074-b45c-a839a6535d35", "splittingValue": "0.0", "children": [], "isLeaf": true, "prediction": 0.0}, {"uuid": "ea64150b-23e9-4c4b-a90a-b6ce3d496ddf", "depth": 7, "parent_uuid": "d9c48f01-bbee-4074-b45c-a839a6535d35", "splittingValue": "1.0", "children": [], "isLeaf": true, "prediction": 1.0}], "isLeaf": false}], "isLeaf": false}, {"uuid": "4eac2412-6b51-4127-87b6-8faaabf2e18c", "depth": 5, "parent_uuid": "89dcca59-aac1-4f7d-afb3-5ce730e7121c", "splittingValue": "1.0", "children": [], "isLeaf": true, "prediction": 1.0}], "isLeaf": false}, {"uuid": "c1c8bc9b-bfd2-408d-a72e-9c6a6f761507", "depth": 4, "parent_uuid": "70bf3158-c8ad-404b-9141-94812ff42e94", "splittingValue": "(184.0, 640.0]", "splittingAttirbute": "height", "children": [{"uuid": "3ca3b926-9713-4333-83df-3efe3e456ca0", "depth": 5, "parent_uuid": "c1c8bc9b-bfd2-408d-a72e-9c6a6f761507", "splittingValue": "(25.0, 51.0]", "splittingAttirbute": "url.home", "children": [{"uuid": "675152bd-4cd8-42e4-94ec-b9746719c4a9", "depth": 6, "parent_uuid": "3ca3b926-9713-4333-83df-3efe3e456ca0", "splittingValue": "0.0", "splittingAttirbute": "alt.here", "children": [{"uuid": "505ef45c-0d9a-4553-b128-f2d2db711c56", "depth": 7, "parent_uuid": "675152bd-4cd8-42e4-94ec-b9746719c4a9", "splittingValue": "0.0", "splittingAttirbute": "ancurl.pl", "children": [{"uuid": "ae1ceb9c-ae73-477e-b13b-62e543387421", "depth": 8, "parent_uuid": "505ef45c-0d9a-4553-b128-f2d2db711c56", "splittingValue": "0.0", "splittingAttirbute": "origurl.index", "children": [{"uuid": "f1318502-4834-47ac-a65f-5f6171469566", "depth": 9, "parent_uuid": "ae1ceb9c-ae73-477e-b13b-62e543387421", "splittingValue": "0.0", "splittingAttirbute": "url.www.yahoo.co.uk", "children": [{"uuid": "a1cd4ca4-8aa7-4ef7-b16b-384ffff38386", "depth": 10, "parent_uuid": "f1318502-4834-47ac-a65f-5f6171469566", "splittingValue": "0.0", "splittingAttirbute": "origurl.zdnet.com", "children": [{"uuid": "35d2c577-9ac3-46c9-820f-2bc76498f5c1", "depth": 11, "parent_uuid": "a1cd4ca4-8aa7-4ef7-b16b-384ffff38386", "splittingValue": "0.0", "splittingAttirbute": "ancurl.plx", "children": [{"uuid": "cffac721-8e9f-4fdf-91f4-ecb83efc937d", "depth": 12, "parent_uuid": "35d2c577-9ac3-46c9-820f-2bc76498f5c1", "splittingValue": "0.0", "splittingAttirbute": "aratio", "children": [{"uuid": "d7571fe5-cfc1-402e-b5f3-72d5c9fe7041", "depth": 13, "parent_uuid": "cffac721-8e9f-4fdf-91f4-ecb83efc937d", "splittingValue": "(5.333, 60.0]", "splittingAttirbute": "url.images", "children": [{"uuid": "3b2cc9b4-8f1b-4da7-9bce-2ac65fe8b136", "depth": 14, "parent_uuid": "d7571fe5-cfc1-402e-b5f3-72d5c9fe7041", "splittingValue": "0.0", "splittingAttirbute": "url.gifs", "children": [{"uuid": "800bd017-1481-4405-acfb-83c8b3229a8a", "depth": 15, "parent_uuid": "3b2cc9b4-8f1b-4da7-9bce-2ac65fe8b136", "splittingValue": "0.0", "splittingAttirbute": "url.graphics", "children": [{"uuid": "497f5488-3e9d-4bb3-944a-c3f840855605", "depth": 16, "parent_uuid": "800bd017-1481-4405-acfb-83c8b3229a8a", "splittingValue": "0.0", "children": [], "isLeaf": true, "prediction": 0.0}, {"uuid": "933e5047-a2a1-45ff-9d87-a0adc6fd18ab", "depth": 16, "parent_uuid": "800bd017-1481-4405-acfb-83c8b3229a8a", "splittingValue": "1.0", "children": [], "isLeaf": true, "prediction": 0.0}], "isLeaf": false}, {"uuid": "9fcd162d-03d0-446c-8c93-6458fd4b1f23", "depth": 15, "parent_uuid": "3b2cc9b4-8f1b-4da7-9bce-2ac65fe8b136", "splittingValue": "1.0", "children": [], "isLeaf": true, "prediction": 0.0}], "isLeaf": false}, {"uuid": "175ff5a3-6a9e-4a9a-8d13-75cb8cbda671", "depth": 14, "parent_uuid": "d7571fe5-cfc1-402e-b5f3-72d5c9fe7041", "splittingValue": "1.0", "children": [], "isLeaf": true, "prediction": 0.0}], "isLeaf": false}, {"uuid": "ddf59c31-44ad-40d8-89a6-692303524b7d", "depth": 13, "parent_uuid": "cffac721-8e9f-4fdf-91f4-ecb83efc937d", "splittingValue": "(2.102, 5.333]", "children": [], "isLeaf": true, "prediction": 0.0}], "isLeaf": false}, {"uuid": "a98276f1-5e73-412e-a705-fe6a8295a84c", "depth": 12, "parent_uuid": "35d2c577-9ac3-46c9-820f-2bc76498f5c1", "splittingValue": "1.0", "children": [], "isLeaf": true, "prediction": 1.0}], "isLeaf": false}, {"uuid": "f1f59b7f-788a-4879-8e88-3dea5f6c81ec", "depth": 11, "parent_uuid": "a1cd4ca4-8aa7-4ef7-b16b-384ffff38386", "splittingValue": "1.0", "children": [], "isLeaf": true, "prediction": 1.0}], "isLeaf": false}, {"uuid": "0151c4b6-0a8b-4034-9f56-a7c2c1cdacc5", "depth": 10, "parent_uuid": "f1318502-4834-47ac-a65f-5f6171469566", "splittingValue": "1.0", "children": [], "isLeaf": true, "prediction": 1.0}], "isLeaf": false}, {"uuid": "9b9f37c5-a96d-4ce3-8d98-4d261f50b0b6", "depth": 9, "parent_uuid": "ae1ceb9c-ae73-477e-b13b-62e543387421", "splittingValue": "1.0", "splittingAttirbute": "aratio", "children": [{"uuid": "4dfa8769-e68d-43ff-a6af-409a8ff26524", "depth": 10, "parent_uuid": "9b9f37c5-a96d-4ce3-8d98-4d261f50b0b6", "splittingValue": "(2.102, 5.333]", "children": [], "isLeaf": true, "prediction": 0.0}, {"uuid": "a3a6bb62-5880-42a2-8982-6e22785c4c04", "depth": 10, "parent_uuid": "9b9f37c5-a96d-4ce3-8d98-4d261f50b0b6", "splittingValue": "(5.333, 60.0]", "splittingAttirbute": "url.larx.com", "children": [{"uuid": "dcc31f98-f3cc-424a-871e-1f1651ad1c51", "depth": 11, "parent_uuid": "a3a6bb62-5880-42a2-8982-6e22785c4c04", "splittingValue": "1.0", "children": [], "isLeaf": true, "prediction": 0.0}, {"uuid": "9e53d1d3-5da5-444b-bca2-2d2c93ef68d7", "depth": 11, "parent_uuid": "a3a6bb62-5880-42a2-8982-6e22785c4c04", "splittingValue": "0.0", "splittingAttirbute": "url.buttons", "children": [{"uuid": "e3d8b2c2-0710-4df2-92ef-dda74ea11c02", "depth": 12, "parent_uuid": "9e53d1d3-5da5-444b-bca2-2d2c93ef68d7", "splittingValue": "0.0", "children": [], "isLeaf": true, "prediction": 1.0}, {"uuid": "c2235795-6efe-4bfd-b5d2-83310d3b1035", "depth": 12, "parent_uuid": "9e53d1d3-5da5-444b-bca2-2d2c93ef68d7", "splittingValue": "1.0", "children": [], "isLeaf": true, "prediction": 0.0}], "isLeaf": false}], "isLeaf": false}], "isLeaf": false}], "isLeaf": false}, {"uuid": "ed242226-30c6-47db-92ae-78426bca0929", "depth": 8, "parent_uuid": "505ef45c-0d9a-4553-b128-f2d2db711c56", "splittingValue": "1.0", "children": [], "isLeaf": true, "prediction": 1.0}], "isLeaf": false}, {"uuid": "5d376e6d-fcaf-4914-ad89-a938fb1d7fb1", "depth": 7, "parent_uuid": "675152bd-4cd8-42e4-94ec-b9746719c4a9", "splittingValue": "1.0", "children": [], "isLeaf": true, "prediction": 1.0}], "isLeaf": false}, {"uuid": "79b0fedb-6376-48f9-82b6-133895239fbe", "depth": 6, "parent_uuid": "3ca3b926-9713-4333-83df-3efe3e456ca0", "splittingValue": "1.0", "children": [], "isLeaf": true, "prediction": 1.0}], "isLeaf": false}, {"uuid": "09e39fd4-c83f-43c8-9942-852e5b303e3c", "depth": 5, "parent_uuid": "c1c8bc9b-bfd2-408d-a72e-9c6a6f761507", "splittingValue": "(84.0, 640.0]", "splittingAttirbute": "url.bossintl.com", "children": [{"uuid": "f5668d6b-7f8e-47ca-a818-731177c971cc", "depth": 6, "parent_uuid": "09e39fd4-c83f-43c8-9942-852e5b303e3c", "splittingValue": "0.0", "splittingAttirbute": "aratio", "children": [{"uuid": "1f836b29-6182-4bdf-b33f-b0afb17aa29b", "depth": 7, "parent_uuid": "f5668d6b-7f8e-47ca-a818-731177c971cc", "splittingValue": "(1.036, 2.102]", "splittingAttirbute": "ancurl.asp", "children": [{"uuid": "99c73b5c-60af-43ca-b311-39182c2f27b6", "depth": 8, "parent_uuid": "1f836b29-6182-4bdf-b33f-b0afb17aa29b", "splittingValue": "0.0", "children": [], "isLeaf": true, "prediction": 0.0}, {"uuid": "72b240b0-1a0e-4c9a-b9c5-3c671d853e54", "depth": 8, "parent_uuid": "1f836b29-6182-4bdf-b33f-b0afb17aa29b", "splittingValue": "1.0", "children": [], "isLeaf": true, "prediction": 1.0}], "isLeaf": false}, {"uuid": "c450d429-3ed3-4255-8c6b-21d0b5e31583", "depth": 7, "parent_uuid": "f5668d6b-7f8e-47ca-a818-731177c971cc", "splittingValue": "(0.0005, 1.036]", "children": [], "isLeaf": true, "prediction": 0.0}, {"uuid": "50a31615-cf19-4168-b350-6bb69128b3df", "depth": 7, "parent_uuid": "f5668d6b-7f8e-47ca-a818-731177c971cc", "splittingValue": "(2.102, 5.333]", "children": [], "isLeaf": true, "prediction": 0.0}, {"uuid": "c42c6951-dac2-48dc-bb42-582b0017e7a7", "depth": 7, "parent_uuid": "f5668d6b-7f8e-47ca-a818-731177c971cc", "splittingValue": "(5.333, 60.0]", "children": [], "isLeaf": true, "prediction": 1.0}], "isLeaf": false}, {"uuid": "0033b348-64f8-4432-b35d-2029feba325b", "depth": 6, "parent_uuid": "09e39fd4-c83f-43c8-9942-852e5b303e3c", "splittingValue": "1.0", "children": [], "isLeaf": true, "prediction": 1.0}], "isLeaf": false}, {"uuid": "aa9d415b-09ff-4261-bcfa-28e01b3dbd48", "depth": 5, "parent_uuid": "c1c8bc9b-bfd2-408d-a72e-9c6a6f761507", "splittingValue": "(51.0, 84.0]", "splittingAttirbute": "aratio", "children": [{"uuid": "03f57a5a-786a-495e-8866-56096fa20615", "depth": 6, "parent_uuid": "aa9d415b-09ff-4261-bcfa-28e01b3dbd48", "splittingValue": "(2.102, 5.333]", "splittingAttirbute": "ancurl.redirect", "children": [{"uuid": "e0e97e4b-3529-479d-bade-0d05d2457b5c", "depth": 7, "parent_uuid": "03f57a5a-786a-495e-8866-56096fa20615", "splittingValue": "0.0", "children": [], "isLeaf": true, "prediction": 0.0}, {"uuid": "4f9f771c-11cd-4c7b-adb1-773fd8e6b7be", "depth": 7, "parent_uuid": "03f57a5a-786a-495e-8866-56096fa20615", "splittingValue": "1.0", "children": [], "isLeaf": true, "prediction": 1.0}], "isLeaf": false}, {"uuid": "8bad5416-11e4-47f0-901e-e65d7bf78cef", "depth": 6, "parent_uuid": "aa9d415b-09ff-4261-bcfa-28e01b3dbd48", "splittingValue": "(5.333, 60.0]", "splittingAttirbute": "url.zueri.ch", "children": [{"uuid": "b8800843-a2a5-42f5-8040-4e9c5c5b5348", "depth": 7, "parent_uuid": "8bad5416-11e4-47f0-901e-e65d7bf78cef", "splittingValue": "0.0", "splittingAttirbute": "origurl.www.innotts.co.uk", "children": [{"uuid": "121c115b-cd34-46d3-9992-c960de13c87c", "depth": 8, "parent_uuid": "b8800843-a2a5-42f5-8040-4e9c5c5b5348", "splittingValue": "0.0", "splittingAttirbute": "origurl.hollywood.9662", "children": [{"uuid": "b6eab8df-5ce7-4849-aa1e-40e55a7bbde7", "depth": 9, "parent_uuid": "121c115b-cd34-46d3-9992-c960de13c87c", "splittingValue": "0.0", "splittingAttirbute": "ancurl.bin", "children": [{"uuid": "212c6415-5236-4656-8e4b-23e3ea859af9", "depth": 10, "parent_uuid": "b6eab8df-5ce7-4849-aa1e-40e55a7bbde7", "splittingValue": "0.0", "splittingAttirbute": "local", "children": [{"uuid": "8ed48344-ce11-4dd3-b967-bcb7eaf3817f", "depth": 11, "parent_uuid": "212c6415-5236-4656-8e4b-23e3ea859af9", "splittingValue": "1.0", "splittingAttirbute": "url.images", "children": [{"uuid": "34604693-3d9a-45fd-9ce9-2324811346c0", "depth": 12, "parent_uuid": "8ed48344-ce11-4dd3-b967-bcb7eaf3817f", "splittingValue": "1.0", "children": [], "isLeaf": true, "prediction": 1.0}, {"uuid": "6a02d76a-d731-47e8-931d-796e8e4b7b3d", "depth": 12, "parent_uuid": "8ed48344-ce11-4dd3-b967-bcb7eaf3817f", "splittingValue": "0.0", "splittingAttirbute": "ancurl.click", "children": [{"uuid": "001bea83-8b8d-492e-b0f6-0094413fe83c", "depth": 13, "parent_uuid": "6a02d76a-d731-47e8-931d-796e8e4b7b3d", "splittingValue": "0.0", "splittingAttirbute": "url.memberbanners", "children": [{"uuid": "2d026f4b-8c60-4415-904b-377392d01f2e", "depth": 14, "parent_uuid": "001bea83-8b8d-492e-b0f6-0094413fe83c", "splittingValue": "0.0", "splittingAttirbute": "ancurl.page", "children": [{"uuid": "f1fb3209-6608-4e54-9686-9fb969006d3e", "depth": 15, "parent_uuid": "2d026f4b-8c60-4415-904b-377392d01f2e", "splittingValue": "0.0", "splittingAttirbute": "url.doubleclick.net", "children": [{"uuid": "f826568c-18d5-48f6-a7e9-78f9079aaf2c", "depth": 16, "parent_uuid": "f1fb3209-6608-4e54-9686-9fb969006d3e", "splittingValue": "0.0", "children": [], "isLeaf": true, "prediction": 1.0}, {"uuid": "03486013-bd08-459b-b436-a8e38cd483a6", "depth": 16, "parent_uuid": "f1fb3209-6608-4e54-9686-9fb969006d3e", "splittingValue": "1.0", "children": [], "isLeaf": true, "prediction": 1.0}], "isLeaf": false}, {"uuid": "5ce394d0-cbd0-4e06-b4a9-db10b39567f3", "depth": 15, "parent_uuid": "2d026f4b-8c60-4415-904b-377392d01f2e", "splittingValue": "1.0", "children": [], "isLeaf": true, "prediction": 1.0}], "isLeaf": false}, {"uuid": "7c747499-d9fe-4380-bd0b-2e690d6ea79b", "depth": 14, "parent_uuid": "001bea83-8b8d-492e-b0f6-0094413fe83c", "splittingValue": "1.0", "children": [], "isLeaf": true, "prediction": 1.0}], "isLeaf": false}, {"uuid": "1a15796e-e569-4702-a539-e2406bf046e2", "depth": 13, "parent_uuid": "6a02d76a-d731-47e8-931d-796e8e4b7b3d", "splittingValue": "1.0", "children": [], "isLeaf": true, "prediction": 1.0}], "isLeaf": false}], "isLeaf": false}, {"uuid": "79255103-6541-4aaa-b0f8-b5017b1fb056", "depth": 11, "parent_uuid": "212c6415-5236-4656-8e4b-23e3ea859af9", "splittingValue": "0.0", "splittingAttirbute": "ancurl.redirect", "children": [{"uuid": "7e6d1d3f-4da0-47ea-b127-0a0d806597f1", "depth": 12, "parent_uuid": "79255103-6541-4aaa-b0f8-b5017b1fb056", "splittingValue": "0.0", "splittingAttirbute": "url.images", "children": [{"uuid": "d2d5a7d0-b83f-4891-a298-4f598fc6054e", "depth": 13, "parent_uuid": "7e6d1d3f-4da0-47ea-b127-0a0d806597f1", "splittingValue": "0.0", "children": [], "isLeaf": true, "prediction": 0.0}, {"uuid": "8ab22a43-c1d1-4473-af03-edd971f04362", "depth": 13, "parent_uuid": "7e6d1d3f-4da0-47ea-b127-0a0d806597f1", "splittingValue": "1.0", "children": [], "isLeaf": true, "prediction": 1.0}], "isLeaf": false}, {"uuid": "80521145-7f0c-41b0-99c6-138e42f9a6bc", "depth": 12, "parent_uuid": "79255103-6541-4aaa-b0f8-b5017b1fb056", "splittingValue": "1.0", "children": [], "isLeaf": true, "prediction": 1.0}], "isLeaf": false}], "isLeaf": false}, {"uuid": "7b157e2b-6df3-4f3a-8eff-6c2c575b440e", "depth": 10, "parent_uuid": "b6eab8df-5ce7-4849-aa1e-40e55a7bbde7", "splittingValue": "1.0", "children": [], "isLeaf": true, "prediction": 1.0}], "isLeaf": false}, {"uuid": "98aca3f0-35e9-4488-be09-30f02b8c1203", "depth": 9, "parent_uuid": "121c115b-cd34-46d3-9992-c960de13c87c", "splittingValue": "1.0", "children": [], "isLeaf": true, "prediction": 0.0}], "isLeaf": false}, {"uuid": "237007f5-eda4-4311-bc9c-7a7f2c5495ed", "depth": 8, "parent_uuid": "b8800843-a2a5-42f5-8040-4e9c5c5b5348", "splittingValue": "1.0", "children": [], "isLeaf": true, "prediction": 0.0}], "isLeaf": false}, {"uuid": "b98d9a86-9897-4f71-b43d-5bf7e987db63", "depth": 7, "parent_uuid": "8bad5416-11e4-47f0-901e-e65d7bf78cef", "splittingValue": "1.0", "children": [], "isLeaf": true, "prediction": 0.0}], "isLeaf": false}], "isLeaf": false}, {"uuid": "4cbce742-a55d-4c96-be6e-877fb5660c43", "depth": 5, "parent_uuid": "c1c8bc9b-bfd2-408d-a72e-9c6a6f761507", "splittingValue": "(0.999, 25.0]", "splittingAttirbute": "ancurl.download", "children": [{"uuid": "29a709b0-6a8d-4409-a9a2-63a537c8521e", "depth": 6, "parent_uuid": "4cbce742-a55d-4c96-be6e-877fb5660c43", "splittingValue": "0.0", "children": [], "isLeaf": true, "prediction": 0.0}, {"uuid": "fb99f30f-bae5-46b2-8731-89da17643ebe", "depth": 6, "parent_uuid": "4cbce742-a55d-4c96-be6e-877fb5660c43", "splittingValue": "1.0", "children": [], "isLeaf": true, "prediction": 1.0}], "isLeaf": false}], "isLeaf": false}, {"uuid": "e283823f-7c17-41bb-9843-96873a337795", "depth": 4, "parent_uuid": "70bf3158-c8ad-404b-9141-94812ff42e94", "splittingValue": "(0.999, 81.0]", "splittingAttirbute": "url.times", "children": [{"uuid": "a4d7f5db-fcbb-4563-a661-ece7067e47ce", "depth": 5, "parent_uuid": "e283823f-7c17-41bb-9843-96873a337795", "splittingValue": "0.0", "splittingAttirbute": "url.www.ireland.today.ie", "children": [{"uuid": "f82ac2f9-a0c5-4835-94ed-4f8857e2122c", "depth": 6, "parent_uuid": "a4d7f5db-fcbb-4563-a661-ece7067e47ce", "splittingValue": "0.0", "splittingAttirbute": "ancurl.redirect", "children": [{"uuid": "4fa814ea-6daa-44f1-8953-a102ab5c7ecf", "depth": 7, "parent_uuid": "f82ac2f9-a0c5-4835-94ed-4f8857e2122c", "splittingValue": "0.0", "splittingAttirbute": "ancurl.download", "children": [{"uuid": "49b278c3-f6e2-458b-b9f9-eb609e3679c2", "depth": 8, "parent_uuid": "4fa814ea-6daa-44f1-8953-a102ab5c7ecf", "splittingValue": "0.0", "splittingAttirbute": "height", "children": [{"uuid": "a94c81f0-31ef-46fb-b952-95de236bc6a6", "depth": 9, "parent_uuid": "49b278c3-f6e2-458b-b9f9-eb609e3679c2", "splittingValue": "(0.999, 25.0]", "children": [], "isLeaf": true, "prediction": 0.0}, {"uuid": "e9f8d02f-736f-4b97-a58f-2b290c11f93e", "depth": 9, "parent_uuid": "49b278c3-f6e2-458b-b9f9-eb609e3679c2", "splittingValue": "(25.0, 51.0]", "children": [], "isLeaf": true, "prediction": 0.0}, {"uuid": "688c2ec1-1d69-4e17-ab37-ced6871382ae", "depth": 9, "parent_uuid": "49b278c3-f6e2-458b-b9f9-eb609e3679c2", "splittingValue": "(51.0, 84.0]", "splittingAttirbute": "alt.of", "children": [{"uuid": "adbf723b-d53c-4e2a-baa8-1b996bf6b2ff", "depth": 10, "parent_uuid": "688c2ec1-1d69-4e17-ab37-ced6871382ae", "splittingValue": "0.0", "splittingAttirbute": "alt.here", "children": [{"uuid": "9780a3ef-a3db-40a8-8cc5-3daef4f2ab58", "depth": 11, "parent_uuid": "adbf723b-d53c-4e2a-baa8-1b996bf6b2ff", "splittingValue": "0.0", "children": [], "isLeaf": true, "prediction": 0.0}, {"uuid": "af61b309-160f-438b-9b6c-058e75d7b90c", "depth": 11, "parent_uuid": "adbf723b-d53c-4e2a-baa8-1b996bf6b2ff", "splittingValue": "1.0", "splittingAttirbute": "url.josefina3", "children": [{"uuid": "818252c1-82ab-46e4-9fe4-888311cdcff4", "depth": 12, "parent_uuid": "af61b309-160f-438b-9b6c-058e75d7b90c", "splittingValue": "0.0", "children": [], "isLeaf": true, "prediction": 1.0}, {"uuid": "160f84d3-ed1c-40b3-9cc2-ef7e6d71f95d", "depth": 12, "parent_uuid": "af61b309-160f-438b-9b6c-058e75d7b90c", "splittingValue": "1.0", "children": [], "isLeaf": true, "prediction": 0.0}], "isLeaf": false}], "isLeaf": false}, {"uuid": "66930698-b5a2-4567-b4a4-07fb0403c1ce", "depth": 10, "parent_uuid": "688c2ec1-1d69-4e17-ab37-ced6871382ae", "splittingValue": "1.0", "splittingAttirbute": "aratio", "children": [{"uuid": "09f7512b-4482-4787-a94b-bd5f85aa54a6", "depth": 11, "parent_uuid": "66930698-b5a2-4567-b4a4-07fb0403c1ce", "splittingValue": "(0.0005, 1.036]", "children": [], "isLeaf": true, "prediction": 1.0}, {"uuid": "9233897e-ce75-457e-a904-3632726e5fdc", "depth": 11, "parent_uuid": "66930698-b5a2-4567-b4a4-07fb0403c1ce", "splittingValue": "(1.036, 2.102]", "children": [], "isLeaf": true, "prediction": 0.0}], "isLeaf": false}], "isLeaf": false}, {"uuid": "462e4dc3-c7ba-4fb4-b435-17f8c60e5aec", "depth": 9, "parent_uuid": "49b278c3-f6e2-458b-b9f9-eb609e3679c2", "splittingValue": "(84.0, 640.0]", "children": [], "isLeaf": true, "prediction": 0.0}], "isLeaf": false}, {"uuid": "5ab2ee97-1c4d-4e1b-9ea3-86d466261842", "depth": 8, "parent_uuid": "4fa814ea-6daa-44f1-8953-a102ab5c7ecf", "splittingValue": "1.0", "splittingAttirbute": "aratio", "children": [{"uuid": "9e4f85dc-9df1-45d1-b0f0-bbb16d21c9dd", "depth": 9, "parent_uuid": "5ab2ee97-1c4d-4e1b-9ea3-86d466261842", "splittingValue": "(2.102, 5.333]", "children": [], "isLeaf": true, "prediction": 1.0}, {"uuid": "119ccd5f-89d1-4383-ac0c-d5a3581aa04e", "depth": 9, "parent_uuid": "5ab2ee97-1c4d-4e1b-9ea3-86d466261842", "splittingValue": "(0.0005, 1.036]", "children": [], "isLeaf": true, "prediction": 0.0}, {"uuid": "71507229-02a9-4494-bb35-260f5de87cac", "depth": 9, "parent_uuid": "5ab2ee97-1c4d-4e1b-9ea3-86d466261842", "splittingValue": "(1.036, 2.102]", "children": [], "isLeaf": true, "prediction": 0.0}], "isLeaf": false}], "isLeaf": false}, {"uuid": "e28dc7b5-0b69-4b77-8c55-6ce9e14dd81a", "depth": 7, "parent_uuid": "f82ac2f9-a0c5-4835-94ed-4f8857e2122c", "splittingValue": "1.0", "children": [], "isLeaf": true, "prediction": 1.0}], "isLeaf": false}, {"uuid": "9322ff7f-0273-4b0c-ad0a-d440c0c0acdf", "depth": 6, "parent_uuid": "a4d7f5db-fcbb-4563-a661-ece7067e47ce", "splittingValue": "1.0", "children": [], "isLeaf": true, "prediction": 1.0}], "isLeaf": false}, {"uuid": "04cb9d68-1fbf-4703-a0dd-dde67ba1cda8", "depth": 5, "parent_uuid": "e283823f-7c17-41bb-9843-96873a337795", "splittingValue": "1.0", "children": [], "isLeaf": true, "prediction": 1.0}], "isLeaf": false}, {"uuid": "776ea706-5f09-4813-9749-3928c592f63d", "depth": 4, "parent_uuid": "70bf3158-c8ad-404b-9141-94812ff42e94", "splittingValue": "(110.0, 184.0]", "splittingAttirbute": "url.doubleclick.net", "children": [{"uuid": "a192bb0d-3342-453e-bfd9-820fef3ecf7a", "depth": 5, "parent_uuid": "776ea706-5f09-4813-9749-3928c592f63d", "splittingValue": "0.0", "splittingAttirbute": "url.thejeep.com", "children": [{"uuid": "b78752d9-3281-42a5-9f62-fc20f170dbad", "depth": 6, "parent_uuid": "a192bb0d-3342-453e-bfd9-820fef3ecf7a", "splittingValue": "0.0", "splittingAttirbute": "alt.free", "children": [{"uuid": "6ebd3970-55ab-44eb-b7a7-c8912855b6c6", "depth": 7, "parent_uuid": "b78752d9-3281-42a5-9f62-fc20f170dbad", "splittingValue": "0.0", "splittingAttirbute": "url.marketing", "children": [{"uuid": "ab807ae5-a89f-4b45-9aa2-85dbefae7f9a", "depth": 8, "parent_uuid": "6ebd3970-55ab-44eb-b7a7-c8912855b6c6", "splittingValue": "0.0", "splittingAttirbute": "url.home.netscape.com", "children": [{"uuid": "6aae90d7-3137-48a5-89bb-d3f0be44cbbb", "depth": 9, "parent_uuid": "ab807ae5-a89f-4b45-9aa2-85dbefae7f9a", "splittingValue": "0.0", "splittingAttirbute": "url.graphics", "children": [{"uuid": "882bab92-2621-4786-a220-0b58055933a2", "depth": 10, "parent_uuid": "6aae90d7-3137-48a5-89bb-d3f0be44cbbb", "splittingValue": "0.0", "splittingAttirbute": "alt.site", "children": [{"uuid": "df744277-10f4-46c9-a4b8-f983c406541c", "depth": 11, "parent_uuid": "882bab92-2621-4786-a220-0b58055933a2", "splittingValue": "0.0", "children": [], "isLeaf": true, "prediction": 0.0}, {"uuid": "9523aa19-6480-4a1d-b24a-ff4f48bd1154", "depth": 11, "parent_uuid": "882bab92-2621-4786-a220-0b58055933a2", "splittingValue": "1.0", "splittingAttirbute": "url.images", "children": [{"uuid": "2fb025f6-9f88-4635-8f3f-2138e45d7a8c", "depth": 12, "parent_uuid": "9523aa19-6480-4a1d-b24a-ff4f48bd1154", "splittingValue": "0.0", "children": [], "isLeaf": true, "prediction": 0.0}, {"uuid": "21529f64-e81d-4541-b6b3-3cfd3a109011", "depth": 12, "parent_uuid": "9523aa19-6480-4a1d-b24a-ff4f48bd1154", "splittingValue": "1.0", "children": [], "isLeaf": true, "prediction": 1.0}], "isLeaf": false}], "isLeaf": false}, {"uuid": "5f521806-fbb4-4f39-acd9-3fcd19621a8f", "depth": 10, "parent_uuid": "6aae90d7-3137-48a5-89bb-d3f0be44cbbb", "splittingValue": "1.0", "splittingAttirbute": "height", "children": [{"uuid": "a45c6e7f-d061-4a6f-85e4-845b7e76c898", "depth": 11, "parent_uuid": "5f521806-fbb4-4f39-acd9-3fcd19621a8f", "splittingValue": "(25.0, 51.0]", "children": [], "isLeaf": true, "prediction": 0.0}, {"uuid": "ceeb9b3b-9b8d-41cb-b7cb-e0e5b8e7c580", "depth": 11, "parent_uuid": "5f521806-fbb4-4f39-acd9-3fcd19621a8f", "splittingValue": "(84.0, 640.0]", "children": [], "isLeaf": true, "prediction": 0.0}, {"uuid": "f23b8a52-61cb-4590-b182-26585d9874b1", "depth": 11, "parent_uuid": "5f521806-fbb4-4f39-acd9-3fcd19621a8f", "splittingValue": "(0.999, 25.0]", "children": [], "isLeaf": true, "prediction": 0.0}, {"uuid": "c354710d-3945-4faa-98bb-1a14b727696b", "depth": 11, "parent_uuid": "5f521806-fbb4-4f39-acd9-3fcd19621a8f", "splittingValue": "(51.0, 84.0]", "splittingAttirbute": "url.marketplace", "children": [{"uuid": "0cf2b95b-e2e3-42b6-bfde-788500449e2d", "depth": 12, "parent_uuid": "c354710d-3945-4faa-98bb-1a14b727696b", "splittingValue": "0.0", "children": [], "isLeaf": true, "prediction": 1.0}, {"uuid": "49dcbd87-c54f-4001-b9f8-72af0b8a4b6c", "depth": 12, "parent_uuid": "c354710d-3945-4faa-98bb-1a14b727696b", "splittingValue": "1.0", "children": [], "isLeaf": true, "prediction": 0.0}], "isLeaf": false}], "isLeaf": false}], "isLeaf": false}, {"uuid": "57ddd627-7f88-4c52-833a-bd388bdc2105", "depth": 9, "parent_uuid": "ab807ae5-a89f-4b45-9aa2-85dbefae7f9a", "splittingValue": "1.0", "children": [], "isLeaf": true, "prediction": 1.0}], "isLeaf": false}, {"uuid": "edd7efb1-2133-4773-9fac-7ababa645246", "depth": 8, "parent_uuid": "6ebd3970-55ab-44eb-b7a7-c8912855b6c6", "splittingValue": "1.0", "splittingAttirbute": "height", "children": [{"uuid": "5db67bab-738a-4e0d-82e0-510573c9abcb", "depth": 9, "parent_uuid": "edd7efb1-2133-4773-9fac-7ababa645246", "splittingValue": "(25.0, 51.0]", "splittingAttirbute": "aratio", "children": [{"uuid": "e06961df-d563-42f0-8809-9b85540c6cca", "depth": 10, "parent_uuid": "5db67bab-738a-4e0d-82e0-510573c9abcb", "splittingValue": "(2.102, 5.333]", "splittingAttirbute": "local", "children": [{"uuid": "f8a9f3c1-e3d2-49de-87db-66108b849696", "depth": 11, "parent_uuid": "e06961df-d563-42f0-8809-9b85540c6cca", "splittingValue": "1.0", "splittingAttirbute": "url.images.buttons", "children": [{"uuid": "27ae2527-c1fa-41d3-b288-4e878d3a47e6", "depth": 12, "parent_uuid": "f8a9f3c1-e3d2-49de-87db-66108b849696", "splittingValue": "0.0", "splittingAttirbute": "url.likesbooks.com", "children": [{"uuid": "6ce0252a-93de-419b-b84d-c81dc4f2042a", "depth": 13, "parent_uuid": "27ae2527-c1fa-41d3-b288-4e878d3a47e6", "splittingValue": "0.0", "splittingAttirbute": "url.www.slake.com", "children": [{"uuid": "c177436e-7e77-43d8-9096-e1672f15b9ad", "depth": 14, "parent_uuid": "6ce0252a-93de-419b-b84d-c81dc4f2042a", "splittingValue": "0.0", "splittingAttirbute": "url.hydrogeologist", "children": [{"uuid": "d62dd2fc-abaf-4aae-a52c-9e12e990e163", "depth": 15, "parent_uuid": "c177436e-7e77-43d8-9096-e1672f15b9ad", "splittingValue": "0.0", "splittingAttirbute": "url.oso", "children": [{"uuid": "9625c3ad-ff85-4fef-aeae-25b04c1e789a", "depth": 16, "parent_uuid": "d62dd2fc-abaf-4aae-a52c-9e12e990e163", "splittingValue": "0.0", "children": [], "isLeaf": true, "prediction": 1.0}], "isLeaf": false}], "isLeaf": false}], "isLeaf": false}], "isLeaf": false}], "isLeaf": false}], "isLeaf": false}], "isLeaf": false}, {"uuid": "670fd13d-2ca0-49e7-b572-6c0d880411a7", "depth": 9, "parent_uuid": "edd7efb1-2133-4773-9fac-7ababa645246", "splittingValue": "(0.999, 25.0]", "children": [], "isLeaf": true, "prediction": 0.0}], "isLeaf": false}], "isLeaf": false}, {"uuid": "6437e156-105b-43d7-ae6e-1faf03d436cf", "depth": 7, "parent_uuid": "b78752d9-3281-42a5-9f62-fc20f170dbad", "splittingValue": "1.0", "splittingAttirbute": "height", "children": [{"uuid": "1ae5f09f-370c-4a3c-96ba-b65e72f9df91", "depth": 8, "parent_uuid": "6437e156-105b-43d7-ae6e-1faf03d436cf", "splittingValue": "(84.0, 640.0]", "children": [], "isLeaf": true, "prediction": 1.0}, {"uuid": "15b7a684-6d69-42ef-9682-cddcae9788f3", "depth": 8, "parent_uuid": "6437e156-105b-43d7-ae6e-1faf03d436cf", "splittingValue": "(0.999, 25.0]", "children": [], "isLeaf": true, "prediction": 1.0}, {"uuid": "3ec51f82-82d7-4331-9cab-724d2b7c0456", "depth": 8, "parent_uuid": "6437e156-105b-43d7-ae6e-1faf03d436cf", "splittingValue": "(51.0, 84.0]", "children": [], "isLeaf": true, "prediction": 1.0}, {"uuid": "8d31a0b4-05f2-422a-9331-fedde6619153", "depth": 8, "parent_uuid": "6437e156-105b-43d7-ae6e-1faf03d436cf", "splittingValue": "(25.0, 51.0]", "children": [], "isLeaf": true, "prediction": 0.0}], "isLeaf": false}], "isLeaf": false}, {"uuid": "e4678eb1-2a0d-40b3-884e-3525509fe41d", "depth": 6, "parent_uuid": "a192bb0d-3342-453e-bfd9-820fef3ecf7a", "splittingValue": "1.0", "children": [], "isLeaf": true, "prediction": 1.0}], "isLeaf": false}, {"uuid": "1275a7ae-5832-4423-8753-7feea5edd59f", "depth": 5, "parent_uuid": "776ea706-5f09-4813-9749-3928c592f63d", "splittingValue": "1.0", "children": [], "isLeaf": true, "prediction": 1.0}], "isLeaf": false}], "isLeaf": false}, {"uuid": "b7b8b6ad-481f-4243-8f27-df8edb77a431", "depth": 3, "parent_uuid": "9f6fc3aa-baaa-4983-a13d-29f4a9fd963b", "splittingValue": "1.0", "splittingAttirbute": "width", "children": [{"uuid": "2b911904-3880-40cb-94e6-3aa2df6b9b49", "depth": 4, "parent_uuid": "b7b8b6ad-481f-4243-8f27-df8edb77a431", "splittingValue": "(184.0, 640.0]", "splittingAttirbute": "height", "children": [{"uuid": "771e3d5b-5378-4e37-95a2-8aa0be234544", "depth": 5, "parent_uuid": "2b911904-3880-40cb-94e6-3aa2df6b9b49", "splittingValue": "(51.0, 84.0]", "children": [], "isLeaf": true, "prediction": 1.0}, {"uuid": "6b76f759-80db-4feb-99cc-18fd41102af8", "depth": 5, "parent_uuid": "2b911904-3880-40cb-94e6-3aa2df6b9b49", "splittingValue": "(25.0, 51.0]", "children": [], "isLeaf": true, "prediction": 1.0}, {"uuid": "e16b35fa-93ae-4cc5-af18-ffa711cb887c", "depth": 5, "parent_uuid": "2b911904-3880-40cb-94e6-3aa2df6b9b49", "splittingValue": "(84.0, 640.0]", "children": [], "isLeaf": true, "prediction": 0.0}], "isLeaf": false}, {"uuid": "b3198a4e-8fc7-4e6a-a39f-708920d70fd7", "depth": 4, "parent_uuid": "b7b8b6ad-481f-4243-8f27-df8edb77a431", "splittingValue": "(110.0, 184.0]", "children": [], "isLeaf": true, "prediction": 1.0}, {"uuid": "e3c8e0fe-08df-45d4-b76a-a1ee01eacf71", "depth": 4, "parent_uuid": "b7b8b6ad-481f-4243-8f27-df8edb77a431", "splittingValue": "(81.0, 110.0]", "splittingAttirbute": "local", "children": [{"uuid": "708bdadb-b92a-44af-841b-7a1ba596438d", "depth": 5, "parent_uuid": "e3c8e0fe-08df-45d4-b76a-a1ee01eacf71", "splittingValue": "1.0", "children": [], "isLeaf": true, "prediction": 1.0}, {"uuid": "acd03553-9dda-4ee1-9f36-c42bc1521968", "depth": 5, "parent_uuid": "e3c8e0fe-08df-45d4-b76a-a1ee01eacf71", "splittingValue": "0.0", "children": [], "isLeaf": true, "prediction": 0.0}], "isLeaf": false}, {"uuid": "72969bb7-006e-4d1f-a9bd-1dcbde2a20a1", "depth": 4, "parent_uuid": "b7b8b6ad-481f-4243-8f27-df8edb77a431", "splittingValue": "(0.999, 81.0]", "children": [], "isLeaf": true, "prediction": 0.0}], "isLeaf": false}], "isLeaf": false}, {"uuid": "6d7b42fb-ed43-47f4-9b82-cdee8331a986", "depth": 2, "parent_uuid": "1f840958-52e2-4f95-92cf-53178a7b1e84", "splittingValue": "1.0", "splittingAttirbute": "url.members.tripod.com", "children": [{"uuid": "da6b7174-0710-4625-a69d-c48b15b38681", "depth": 3, "parent_uuid": "6d7b42fb-ed43-47f4-9b82-cdee8331a986", "splittingValue": "0.0", "splittingAttirbute": "origurl.www.news.observer.com", "children": [{"uuid": "2061989f-01e8-428d-ad1c-403900203379", "depth": 4, "parent_uuid": "da6b7174-0710-4625-a69d-c48b15b38681", "splittingValue": "0.0", "splittingAttirbute": "origurl.4301.misfits2", "children": [{"uuid": "18c9d392-0550-4fd6-9b0c-7634c95aa30a", "depth": 5, "parent_uuid": "2061989f-01e8-428d-ad1c-403900203379", "splittingValue": "0.0", "splittingAttirbute": "url.pacific.net.sg", "children": [{"uuid": "c23c72d6-0be8-41da-94be-75f2b38423e8", "depth": 6, "parent_uuid": "18c9d392-0550-4fd6-9b0c-7634c95aa30a", "splittingValue": "0.0", "children": [], "isLeaf": true, "prediction": 1.0}, {"uuid": "d68aa48e-b75c-4f0a-adac-43cacf5d2e88", "depth": 6, "parent_uuid": "18c9d392-0550-4fd6-9b0c-7634c95aa30a", "splittingValue": "1.0", "splittingAttirbute": "width", "children": [{"uuid": "030f6ec0-100b-4be2-890d-027ea173f34a", "depth": 7, "parent_uuid": "d68aa48e-b75c-4f0a-adac-43cacf5d2e88", "splittingValue": "(110.0, 184.0]", "splittingAttirbute": "height", "children": [{"uuid": "fcec7630-dfd5-4f72-bbb1-59e854eb4164", "depth": 8, "parent_uuid": "030f6ec0-100b-4be2-890d-027ea173f34a", "splittingValue": "(51.0, 84.0]", "splittingAttirbute": "aratio", "children": [{"uuid": "548c53ba-6437-4a7a-832f-fede400b15cc", "depth": 9, "parent_uuid": "fcec7630-dfd5-4f72-bbb1-59e854eb4164", "splittingValue": "(2.102, 5.333]", "splittingAttirbute": "local", "children": [{"uuid": "1cca5fe4-7520-49bc-86f9-5da7e54354ab", "depth": 10, "parent_uuid": "548c53ba-6437-4a7a-832f-fede400b15cc", "splittingValue": "1.0", "splittingAttirbute": "url.images.buttons", "children": [{"uuid": "8491ba51-adbe-4641-992a-f9a057597ceb", "depth": 11, "parent_uuid": "1cca5fe4-7520-49bc-86f9-5da7e54354ab", "splittingValue": "0.0", "splittingAttirbute": "url.likesbooks.com", "children": [{"uuid": "fcb065d4-a8df-46e5-9d66-777d6cd46b31", "depth": 12, "parent_uuid": "8491ba51-adbe-4641-992a-f9a057597ceb", "splittingValue": "0.0", "splittingAttirbute": "url.www.slake.com", "children": [{"uuid": "5c9491ba-4146-415e-ac73-375a5405bbb6", "depth": 13, "parent_uuid": "fcb065d4-a8df-46e5-9d66-777d6cd46b31", "splittingValue": "0.0", "splittingAttirbute": "url.hydrogeologist", "children": [{"uuid": "b1f4e9f5-8010-4efe-a5ba-0fe9dad8bada", "depth": 14, "parent_uuid": "5c9491ba-4146-415e-ac73-375a5405bbb6", "splittingValue": "0.0", "splittingAttirbute": "url.oso", "children": [{"uuid": "43846c31-ebce-434b-94f2-1588dd85eb72", "depth": 15, "parent_uuid": "b1f4e9f5-8010-4efe-a5ba-0fe9dad8bada", "splittingValue": "0.0", "splittingAttirbute": "url.media", "children": [{"uuid": "7110c6ce-863f-48a1-9a51-2c586e082968", "depth": 16, "parent_uuid": "43846c31-ebce-434b-94f2-1588dd85eb72", "splittingValue": "0.0", "children": [], "isLeaf": true, "prediction": 1.0}], "isLeaf": false}], "isLeaf": false}], "isLeaf": false}], "isLeaf": false}], "isLeaf": false}], "isLeaf": false}], "isLeaf": false}], "isLeaf": false}], "isLeaf": false}, {"uuid": "9ff37c32-396b-4ae8-835d-f48eedbb84d3", "depth": 7, "parent_uuid": "d68aa48e-b75c-4f0a-adac-43cacf5d2e88", "splittingValue": "(184.0, 640.0]", "children": [], "isLeaf": true, "prediction": 1.0}], "isLeaf": false}], "isLeaf": false}, {"uuid": "0f3888a3-4510-4f05-afaf-efa23b86b6a2", "depth": 5, "parent_uuid": "2061989f-01e8-428d-ad1c-403900203379", "splittingValue": "1.0", "children": [], "isLeaf": true, "prediction": 0.0}], "isLeaf": false}, {"uuid": "60bf60dc-b425-4aaf-baa7-af09e1bb786c", "depth": 4, "parent_uuid": "da6b7174-0710-4625-a69d-c48b15b38681", "splittingValue": "1.0", "splittingAttirbute": "height", "children": [{"uuid": "ba88f75a-39c1-4f1e-8a47-bd35d749b6b8", "depth": 5, "parent_uuid": "60bf60dc-b425-4aaf-baa7-af09e1bb786c", "splittingValue": "(51.0, 84.0]", "children": [], "isLeaf": true, "prediction": 0.0}, {"uuid": "e1fef299-8f32-47d6-a3a7-9d37588f4537", "depth": 5, "parent_uuid": "60bf60dc-b425-4aaf-baa7-af09e1bb786c", "splittingValue": "(84.0, 640.0]", "children": [], "isLeaf": true, "prediction": 1.0}], "isLeaf": false}], "isLeaf": false}, {"uuid": "5dbd7751-5562-4137-bd28-d58a15f5e286", "depth": 3, "parent_uuid": "6d7b42fb-ed43-47f4-9b82-cdee8331a986", "splittingValue": "1.0", "children": [], "isLeaf": true, "prediction": 0.0}], "isLeaf": false}], "isLeaf": false}