{"uuid": "2cfae8f9-3544-495d-8d8f-5421a5ba1f9a", "depth": 1, "splittingAttirbute": "ancurl.com", "children": [{"uuid": "f62c10cb-f238-4df5-9637-d563fa817e31", "depth": 2, "parent_uuid": "2cfae8f9-3544-495d-8d8f-5421a5ba1f9a", "splittingValue": "0.0", "splittingAttirbute": "url.ads", "children": [{"uuid": "81f46748-6ccc-4ab0-9cb4-c7c8d3e5384c", "depth": 3, "parent_uuid": "f62c10cb-f238-4df5-9637-d563fa817e31", "splittingValue": "0.0", "splittingAttirbute": "width", "children": [{"uuid": "925abc45-fd78-40d4-8012-13a3af1d8f26", "depth": 4, "parent_uuid": "81f46748-6ccc-4ab0-9cb4-c7c8d3e5384c", "splittingValue": "(81.0, 110.0]", "splittingAttirbute": "ancurl.click", "children": [{"uuid": "5b2af75e-4ce1-4db0-8f10-c0c1709ecd4e", "depth": 5, "parent_uuid": "925abc45-fd78-40d4-8012-13a3af1d8f26", "splittingValue": "0.0", "splittingAttirbute": "ancurl.exe", "children": [{"uuid": "de8f2a38-673b-4cae-8edc-408aa06384db", "depth": 6, "parent_uuid": "5b2af75e-4ce1-4db0-8f10-c0c1709ecd4e", "splittingValue": "0.0", "splittingAttirbute": "origurl.www.thriveonline.com", "children": [{"uuid": "817a2c1f-535b-4a80-b217-f2d478a9382c", "depth": 7, "parent_uuid": "de8f2a38-673b-4cae-8edc-408aa06384db", "splittingValue": "0.0", "splittingAttirbute": "alt.all", "children": [{"uuid": "d284e006-5a19-455f-9974-ef9c29c6fad2", "depth": 8, "parent_uuid": "817a2c1f-535b-4a80-b217-f2d478a9382c", "splittingValue": "0.0", "splittingAttirbute": "url.logo.gif", "children": [{"uuid": "566c7fff-98ae-44d9-a123-d5573750e294", "depth": 9, "parent_uuid": "d284e006-5a19-455f-9974-ef9c29c6fad2", "splittingValue": "0.0", "children": [], "isLeaf": true, "prediction": 0.0}, {"uuid": "32238a40-3146-4f56-b8b8-bb41bc47633a", "depth": 9, "parent_uuid": "d284e006-5a19-455f-9974-ef9c29c6fad2", "splittingValue": "1.0", "splittingAttirbute": "height", "children": [{"uuid": "d603b5b6-091c-47d4-b42b-8dfc28ff2824", "depth": 10, "parent_uuid": "32238a40-3146-4f56-b8b8-bb41bc47633a", "splittingValue": "(51.0, 84.0]", "splittingAttirbute": "url.www.autotown.com", "children": [{"uuid": "cf1d351d-35ff-48d9-b61b-8e5ba605879e", "depth": 11, "parent_uuid": "d603b5b6-091c-47d4-b42b-8dfc28ff2824", "splittingValue": "1.0", "children": [], "isLeaf": true, "prediction": 0.0}, {"uuid": "2dbb5517-19eb-42ff-8ff9-81609ab7c0a7", "depth": 11, "parent_uuid": "d603b5b6-091c-47d4-b42b-8dfc28ff2824", "splittingValue": "0.0", "children": [], "isLeaf": true, "prediction": 1.0}], "isLeaf": false}, {"uuid": "c3ce4f6e-b808-4405-89ec-2029e5d074c0", "depth": 10, "parent_uuid": "32238a40-3146-4f56-b8b8-bb41bc47633a", "splittingValue": "(25.0, 51.0]", "children": [], "isLeaf": true, "prediction": 0.0}], "isLeaf": false}], "isLeaf": false}, {"uuid": "39a45ecf-972f-4d95-9ceb-ec958f41aae7", "depth": 8, "parent_uuid": "817a2c1f-535b-4a80-b217-f2d478a9382c", "splittingValue": "1.0", "splittingAttirbute": "height", "children": [{"uuid": "ea01ecb7-d838-470f-a651-d1db8fea28d6", "depth": 9, "parent_uuid": "39a45ecf-972f-4d95-9ceb-ec958f41aae7", "splittingValue": "(51.0, 84.0]", "children": [], "isLeaf": true, "prediction": 0.0}, {"uuid": "e8fead9b-78f4-4a2c-8f41-aa637363e8d4", "depth": 9, "parent_uuid": "39a45ecf-972f-4d95-9ceb-ec958f41aae7", "splittingValue": "(84.0, 640.0]", "children": [], "isLeaf": true, "prediction": 1.0}], "isLeaf": false}], "isLeaf": false}, {"uuid": "30b1ee71-19fd-4ea9-a6dd-792caca32f30", "depth": 7, "parent_uuid": "de8f2a38-673b-4cae-8edc-408aa06384db", "splittingValue": "1.0", "children": [], "isLeaf": true, "prediction": 1.0}], "isLeaf": false}, {"uuid": "8e1cd9e4-4ace-436b-9475-51ce7409e74a", "depth": 6, "parent_uuid": "5b2af75e-4ce1-4db0-8f10-c0c1709ecd4e", "splittingValue": "1.0", "splittingAttirbute": "ancurl.bin", "children": [{"uuid": "38581ced-a0da-4d35-9852-9deec04d7f20", "depth": 7, "parent_uuid": "8e1cd9e4-4ace-436b-9475-51ce7409e74a", "splittingValue": "1.0", "children": [], "isLeaf": true, "prediction": 1.0}, {"uuid": "6781da23-89bc-4b7b-8d76-cc2d8b08e0e2", "depth": 7, "parent_uuid": "8e1cd9e4-4ace-436b-9475-51ce7409e74a", "splittingValue": "0.0", "children": [], "isLeaf": true, "prediction": 0.0}], "isLeaf": false}], "isLeaf": false}, {"uuid": "70bcb69c-7ac9-4e3b-849f-a0d24ebd9008", "depth": 5, "parent_uuid": "925abc45-fd78-40d4-8012-13a3af1d8f26", "splittingValue": "1.0", "children": [], "isLeaf": true, "prediction": 1.0}], "isLeaf": false}, {"uuid": "a9cf32a0-1f43-4ab2-bdf5-42d90327ea13", "depth": 4, "parent_uuid": "81f46748-6ccc-4ab0-9cb4-c7c8d3e5384c", "splittingValue": "(184.0, 640.0]", "splittingAttirbute": "aratio", "children": [{"uuid": "5956fe96-3928-40ad-9e2c-1a9ba7c51302", "depth": 5, "parent_uuid": "a9cf32a0-1f43-4ab2-bdf5-42d90327ea13", "splittingValue": "(5.333, 60.0]", "splittingAttirbute": "height", "children": [{"uuid": "49821d32-17c7-4978-ba99-3e64efd26080", "depth": 6, "parent_uuid": "5956fe96-3928-40ad-9e2c-1a9ba7c51302", "splittingValue": "(25.0, 51.0]", "splittingAttirbute": "ancurl.index.html", "children": [{"uuid": "43af47c3-5d65-4b36-b84a-2803409c2b8a", "depth": 7, "parent_uuid": "49821d32-17c7-4978-ba99-3e64efd26080", "splittingValue": "0.0", "splittingAttirbute": "alt.here", "children": [{"uuid": "22df142a-8bca-4ef8-8d2e-0bfe93522fb3", "depth": 8, "parent_uuid": "43af47c3-5d65-4b36-b84a-2803409c2b8a", "splittingValue": "0.0", "splittingAttirbute": "url.images.home", "children": [{"uuid": "adb6cb45-0222-4fdc-8c22-c702b47d5e61", "depth": 9, "parent_uuid": "22df142a-8bca-4ef8-8d2e-0bfe93522fb3", "splittingValue": "0.0", "splittingAttirbute": "url.gifs", "children": [{"uuid": "a33b6ccc-3aa6-4e75-9710-225a0abc2fa7", "depth": 10, "parent_uuid": "adb6cb45-0222-4fdc-8c22-c702b47d5e61", "splittingValue": "0.0", "splittingAttirbute": "url.ng.spacedesc", "children": [{"uuid": "4eec8f13-8ee9-4181-96e2-b3c8a214c471", "depth": 11, "parent_uuid": "a33b6ccc-3aa6-4e75-9710-225a0abc2fa7", "splittingValue": "0.0", "splittingAttirbute": "url.banners", "children": [{"uuid": "7e374dc9-bb83-40fd-987c-f772f4e930d6", "depth": 12, "parent_uuid": "4eec8f13-8ee9-4181-96e2-b3c8a214c471", "splittingValue": "0.0", "splittingAttirbute": "url.images", "children": [{"uuid": "1c969ca6-2ce3-4469-8de2-0bdcaabda54c", "depth": 13, "parent_uuid": "7e374dc9-bb83-40fd-987c-f772f4e930d6", "splittingValue": "0.0", "splittingAttirbute": "origurl.index", "children": [{"uuid": "f0fb5e3a-b63f-4601-a848-90be71936ee7", "depth": 14, "parent_uuid": "1c969ca6-2ce3-4469-8de2-0bdcaabda54c", "splittingValue": "0.0", "splittingAttirbute": "url.thejeep.com", "children": [{"uuid": "89a6171d-d15e-4215-8587-865730a18673", "depth": 15, "parent_uuid": "f0fb5e3a-b63f-4601-a848-90be71936ee7", "splittingValue": "0.0", "splittingAttirbute": "url.ad", "children": [{"uuid": "7bf44f9b-c03a-44eb-a74e-1125f61e61d7", "depth": 16, "parent_uuid": "89a6171d-d15e-4215-8587-865730a18673", "splittingValue": "0.0", "children": [], "isLeaf": true, "prediction": 0.0}, {"uuid": "35c5de30-8b91-4f65-a88e-e0a0eb989207", "depth": 16, "parent_uuid": "89a6171d-d15e-4215-8587-865730a18673", "splittingValue": "1.0", "children": [], "isLeaf": true, "prediction": 1.0}], "isLeaf": false}, {"uuid": "9cf2987e-14fb-47f4-9e5b-a5c26b8f79b0", "depth": 15, "parent_uuid": "f0fb5e3a-b63f-4601-a848-90be71936ee7", "splittingValue": "1.0", "children": [], "isLeaf": true, "prediction": 1.0}], "isLeaf": false}, {"uuid": "de083e1b-f4be-4e33-8047-be4970a2d32e", "depth": 14, "parent_uuid": "1c969ca6-2ce3-4469-8de2-0bdcaabda54c", "splittingValue": "1.0", "children": [], "isLeaf": true, "prediction": 1.0}], "isLeaf": false}, {"uuid": "0363bc67-fcac-4896-a401-2ff0f0d27ebb", "depth": 13, "parent_uuid": "7e374dc9-bb83-40fd-987c-f772f4e930d6", "splittingValue": "1.0", "children": [], "isLeaf": true, "prediction": 0.0}], "isLeaf": false}, {"uuid": "75b45c88-7978-4d9b-b4b1-f9b977d8bebe", "depth": 12, "parent_uuid": "4eec8f13-8ee9-4181-96e2-b3c8a214c471", "splittingValue": "1.0", "children": [], "isLeaf": true, "prediction": 1.0}], "isLeaf": false}, {"uuid": "a1afd8c9-ad22-4998-8071-f6d492467c76", "depth": 11, "parent_uuid": "a33b6ccc-3aa6-4e75-9710-225a0abc2fa7", "splittingValue": "1.0", "children": [], "isLeaf": true, "prediction": 1.0}], "isLeaf": false}, {"uuid": "d2debf55-e80f-4103-a3cf-a1c08d0f31bf", "depth": 10, "parent_uuid": "adb6cb45-0222-4fdc-8c22-c702b47d5e61", "splittingValue": "1.0", "children": [], "isLeaf": true, "prediction": 0.0}], "isLeaf": false}, {"uuid": "00802294-fb00-477a-b0e9-5a4a513a2d27", "depth": 9, "parent_uuid": "22df142a-8bca-4ef8-8d2e-0bfe93522fb3", "splittingValue": "1.0", "children": [], "isLeaf": true, "prediction": 1.0}], "isLeaf": false}, {"uuid": "13e80ce4-96c6-40bf-bd76-451b563e4071", "depth": 8, "parent_uuid": "43af47c3-5d65-4b36-b84a-2803409c2b8a", "splittingValue": "1.0", "children": [], "isLeaf": true, "prediction": 1.0}], "isLeaf": false}, {"uuid": "b38402d7-9093-40f6-8470-dff02754e775", "depth": 7, "parent_uuid": "49821d32-17c7-4978-ba99-3e64efd26080", "splittingValue": "1.0", "children": [], "isLeaf": true, "prediction": 1.0}], "isLeaf": false}, {"uuid": "d81a5aeb-a293-4556-92b1-4bfbdcade7a6", "depth": 6, "parent_uuid": "5956fe96-3928-40ad-9e2c-1a9ba7c51302", "splittingValue": "(0.999, 25.0]", "splittingAttirbute": "ancurl.download", "children": [{"uuid": "8bde22e7-0cb0-4322-a843-9857e27a459a", "depth": 7, "parent_uuid": "d81a5aeb-a293-4556-92b1-4bfbdcade7a6", "splittingValue": "0.0", "children": [], "isLeaf": true, "prediction": 0.0}, {"uuid": "1c7905e4-975e-48c9-baef-9018090fe87b", "depth": 7, "parent_uuid": "d81a5aeb-a293-4556-92b1-4bfbdcade7a6", "splittingValue": "1.0", "children": [], "isLeaf": true, "prediction": 1.0}], "isLeaf": false}, {"uuid": "a35f6b26-b492-452d-9b0b-4fd5c9f2eb13", "depth": 6, "parent_uuid": "5956fe96-3928-40ad-9e2c-1a9ba7c51302", "splittingValue": "(51.0, 84.0]", "splittingAttirbute": "url.gifs", "children": [{"uuid": "d6aa3066-ff4d-4609-8a37-0f1103e96e94", "depth": 7, "parent_uuid": "a35f6b26-b492-452d-9b0b-4fd5c9f2eb13", "splittingValue": "0.0", "splittingAttirbute": "url.zueri.ch", "children": [{"uuid": "3ef4d9bd-3663-46e6-b577-3502bad933a8", "depth": 8, "parent_uuid": "d6aa3066-ff4d-4609-8a37-0f1103e96e94", "splittingValue": "0.0", "splittingAttirbute": "origurl.www.innotts.co.uk", "children": [{"uuid": "564ca9d3-8ba7-4790-bafb-ec9583da42c4", "depth": 9, "parent_uuid": "3ef4d9bd-3663-46e6-b577-3502bad933a8", "splittingValue": "0.0", "splittingAttirbute": "ancurl.bin", "children": [{"uuid": "6742aca3-8102-49ad-a064-0a4d0e33808b", "depth": 10, "parent_uuid": "564ca9d3-8ba7-4790-bafb-ec9583da42c4", "splittingValue": "0.0", "splittingAttirbute": "local", "children": [{"uuid": "0c087875-f391-43d8-b179-fc56f7c21abe", "depth": 11, "parent_uuid": "6742aca3-8102-49ad-a064-0a4d0e33808b", "splittingValue": "1.0", "splittingAttirbute": "ancurl.click", "children": [{"uuid": "23f586e8-461c-45c7-a93e-15e38fa2503f", "depth": 12, "parent_uuid": "0c087875-f391-43d8-b179-fc56f7c21abe", "splittingValue": "0.0", "splittingAttirbute": "url.geocities.com", "children": [{"uuid": "8a258e41-047f-4259-b049-c84de4a1a9e7", "depth": 13, "parent_uuid": "23f586e8-461c-45c7-a93e-15e38fa2503f", "splittingValue": "0.0", "splittingAttirbute": "url.uk", "children": [{"uuid": "5dba8f9f-c400-41c3-908e-9ec42c089b45", "depth": 14, "parent_uuid": "8a258e41-047f-4259-b049-c84de4a1a9e7", "splittingValue": "0.0", "splittingAttirbute": "url.site", "children": [{"uuid": "77b9e1ba-478b-429a-bdb8-005de4f92ad1", "depth": 15, "parent_uuid": "5dba8f9f-c400-41c3-908e-9ec42c089b45", "splittingValue": "0.0", "splittingAttirbute": "url.images", "children": [{"uuid": "22dca730-a4a9-4d66-9a31-31e8a74c5a70", "depth": 16, "parent_uuid": "77b9e1ba-478b-429a-bdb8-005de4f92ad1", "splittingValue": "1.0", "children": [], "isLeaf": true, "prediction": 1.0}, {"uuid": "da520421-24a3-41de-b3a9-a905a19179b9", "depth": 16, "parent_uuid": "77b9e1ba-478b-429a-bdb8-005de4f92ad1", "splittingValue": "0.0", "children": [], "isLeaf": true, "prediction": 1.0}], "isLeaf": false}, {"uuid": "82364f93-3310-4729-97b5-e7c8a06b7af0", "depth": 15, "parent_uuid": "5dba8f9f-c400-41c3-908e-9ec42c089b45", "splittingValue": "1.0", "children": [], "isLeaf": true, "prediction": 1.0}], "isLeaf": false}, {"uuid": "14ea5126-5351-421f-864c-9da8c4314b53", "depth": 14, "parent_uuid": "8a258e41-047f-4259-b049-c84de4a1a9e7", "splittingValue": "1.0", "children": [], "isLeaf": true, "prediction": 1.0}], "isLeaf": false}, {"uuid": "95f59803-1874-473f-b2bb-5d37e29a0310", "depth": 13, "parent_uuid": "23f586e8-461c-45c7-a93e-15e38fa2503f", "splittingValue": "1.0", "children": [], "isLeaf": true, "prediction": 1.0}], "isLeaf": false}, {"uuid": "637cbb12-231e-418c-aaf4-ab25c9cf124a", "depth": 12, "parent_uuid": "0c087875-f391-43d8-b179-fc56f7c21abe", "splittingValue": "1.0", "children": [], "isLeaf": true, "prediction": 1.0}], "isLeaf": false}, {"uuid": "890f8971-a874-4593-9d3f-c62635be8919", "depth": 11, "parent_uuid": "6742aca3-8102-49ad-a064-0a4d0e33808b", "splittingValue": "0.0", "splittingAttirbute": "ancurl.redirect", "children": [{"uuid": "37ff6504-141e-4133-bd4e-c9b69b2270f7", "depth": 12, "parent_uuid": "890f8971-a874-4593-9d3f-c62635be8919", "splittingValue": "0.0", "splittingAttirbute": "url.images", "children": [{"uuid": "519f72db-dbb0-4c33-933f-6d5947cb6277", "depth": 13, "parent_uuid": "37ff6504-141e-4133-bd4e-c9b69b2270f7", "splittingValue": "0.0", "children": [], "isLeaf": true, "prediction": 0.0}, {"uuid": "9b3026b6-c539-4033-b15c-a6d55ac4fd46", "depth": 13, "parent_uuid": "37ff6504-141e-4133-bd4e-c9b69b2270f7", "splittingValue": "1.0", "children": [], "isLeaf": true, "prediction": 1.0}], "isLeaf": false}, {"uuid": "f02a2863-72ee-43e6-85d6-9733829cf441", "depth": 12, "parent_uuid": "890f8971-a874-4593-9d3f-c62635be8919", "splittingValue": "1.0", "children": [], "isLeaf": true, "prediction": 1.0}], "isLeaf": false}], "isLeaf": false}, {"uuid": "b49bd7ac-b5be-475c-88cb-d444ada0ea86", "depth": 10, "parent_uuid": "564ca9d3-8ba7-4790-bafb-ec9583da42c4", "splittingValue": "1.0", "children": [], "isLeaf": true, "prediction": 1.0}], "isLeaf": false}, {"uuid": "391725c1-78e3-4e9d-adb4-4a00b50564fd", "depth": 9, "parent_uuid": "3ef4d9bd-3663-46e6-b577-3502bad933a8", "splittingValue": "1.0", "children": [], "isLeaf": true, "prediction": 0.0}], "isLeaf": false}, {"uuid": "ad24580a-8f3f-41f1-82fd-e00ccded430f", "depth": 8, "parent_uuid": "d6aa3066-ff4d-4609-8a37-0f1103e96e94", "splittingValue": "1.0", "children": [], "isLeaf": true, "prediction": 0.0}], "isLeaf": false}, {"uuid": "0b00b329-cd35-4538-b9cf-3e9f7c760b35", "depth": 7, "parent_uuid": "a35f6b26-b492-452d-9b0b-4fd5c9f2eb13", "splittingValue": "1.0", "children": [], "isLeaf": true, "prediction": 0.0}], "isLeaf": false}, {"uuid": "5d0eb396-2802-4f29-b6c9-7daff292ba58", "depth": 6, "parent_uuid": "5956fe96-3928-40ad-9e2c-1a9ba7c51302", "splittingValue": "(84.0, 640.0]", "children": [], "isLeaf": true, "prediction": 1.0}], "isLeaf": false}, {"uuid": "074fb5f2-c192-4f2c-a15d-8390f0e0f8f9", "depth": 5, "parent_uuid": "a9cf32a0-1f43-4ab2-bdf5-42d90327ea13", "splittingValue": "(1.036, 2.102]", "children": [], "isLeaf": true, "prediction": 0.0}, {"uuid": "36e33cec-2f5e-4985-8fe6-c31cef34fe0e", "depth": 5, "parent_uuid": "a9cf32a0-1f43-4ab2-bdf5-42d90327ea13", "splittingValue": "(2.102, 5.333]", "splittingAttirbute": "alt.here", "children": [{"uuid": "000fed92-e718-4fb2-a719-930ef9e9f6a8", "depth": 6, "parent_uuid": "36e33cec-2f5e-4985-8fe6-c31cef34fe0e", "splittingValue": "0.0", "splittingAttirbute": "url.home", "children": [{"uuid": "adc6d122-5bb3-43bb-906e-5cdcb514cba7", "depth": 7, "parent_uuid": "000fed92-e718-4fb2-a719-930ef9e9f6a8", "splittingValue": "0.0", "splittingAttirbute": "url.banner", "children": [{"uuid": "7998048f-5bb9-42a3-94a4-3485395a93cf", "depth": 8, "parent_uuid": "adc6d122-5bb3-43bb-906e-5cdcb514cba7", "splittingValue": "0.0", "splittingAttirbute": "origurl.index.html", "children": [{"uuid": "9f864569-cdab-44ad-88b1-4b5e7d670abf", "depth": 9, "parent_uuid": "7998048f-5bb9-42a3-94a4-3485395a93cf", "splittingValue": "0.0", "children": [], "isLeaf": true, "prediction": 0.0}, {"uuid": "9e84adce-702c-4e85-be41-7b90ec543564", "depth": 9, "parent_uuid": "7998048f-5bb9-42a3-94a4-3485395a93cf", "splittingValue": "1.0", "splittingAttirbute": "height", "children": [{"uuid": "c75de609-eca6-4f9a-8448-a69a0f6f022a", "depth": 10, "parent_uuid": "9e84adce-702c-4e85-be41-7b90ec543564", "splittingValue": "(25.0, 51.0]", "children": [], "isLeaf": true, "prediction": 0.0}, {"uuid": "e1532241-bd87-4d74-8548-dde22702a07e", "depth": 10, "parent_uuid": "9e84adce-702c-4e85-be41-7b90ec543564", "splittingValue": "(84.0, 640.0]", "children": [], "isLeaf": true, "prediction": 1.0}], "isLeaf": false}], "isLeaf": false}, {"uuid": "cc782c1b-5c4e-495a-b067-0a9c9c4ef0af", "depth": 8, "parent_uuid": "adc6d122-5bb3-43bb-906e-5cdcb514cba7", "splittingValue": "1.0", "children": [], "isLeaf": true, "prediction": 1.0}], "isLeaf": false}, {"uuid": "4f6027c8-74d0-416a-8209-d17d6a322fb5", "depth": 7, "parent_uuid": "000fed92-e718-4fb2-a719-930ef9e9f6a8", "splittingValue": "1.0", "children": [], "isLeaf": true, "prediction": 1.0}], "isLeaf": false}, {"uuid": "7a444839-328e-4e8a-be80-918535a79202", "depth": 6, "parent_uuid": "36e33cec-2f5e-4985-8fe6-c31cef34fe0e", "splittingValue": "1.0", "children": [], "isLeaf": true, "prediction": 1.0}], "isLeaf": false}, {"uuid": "cf5772c9-8286-4dea-9a4d-96bcaaf7cbb3", "depth": 5, "parent_uuid": "a9cf32a0-1f43-4ab2-bdf5-42d90327ea13", "splittingValue": "(0.0005, 1.036]", "children": [], "isLeaf": true, "prediction": 0.0}], "isLeaf": false}, {"uuid": "54d42729-0f83-4634-b013-d5d1910e0a78", "depth": 4, "parent_uuid": "81f46748-6ccc-4ab0-9cb4-c7c8d3e5384c", "splittingValue": "(0.999, 81.0]", "splittingAttirbute": "url.times", "children": [{"uuid": "c698ca83-d964-4107-9123-c5e9ba38b5d3", "depth": 5, "parent_uuid": "54d42729-0f83-4634-b013-d5d1910e0a78", "splittingValue": "0.0", "splittingAttirbute": "url.it", "children": [{"uuid": "0ab29576-b820-4056-83a5-6fd6e5bc1eb5", "depth": 6, "parent_uuid": "c698ca83-d964-4107-9123-c5e9ba38b5d3", "splittingValue": "0.0", "splittingAttirbute": "ancurl.redirect", "children": [{"uuid": "21ac383d-e725-44af-ba7d-379e3fa004e4", "depth": 7, "parent_uuid": "0ab29576-b820-4056-83a5-6fd6e5bc1eb5", "splittingValue": "0.0", "splittingAttirbute": "ancurl.download", "children": [{"uuid": "7204a499-c8a0-4a78-849e-8a0bdf6de76d", "depth": 8, "parent_uuid": "21ac383d-e725-44af-ba7d-379e3fa004e4", "splittingValue": "0.0", "splittingAttirbute": "alt.here", "children": [{"uuid": "db755841-2a2d-4f70-bed5-6f93ac0dce2a", "depth": 9, "parent_uuid": "7204a499-c8a0-4a78-849e-8a0bdf6de76d", "splittingValue": "0.0", "splittingAttirbute": "alt.of", "children": [{"uuid": "b6be2655-c506-4ae5-8d22-ab642334bbcc", "depth": 10, "parent_uuid": "db755841-2a2d-4f70-bed5-6f93ac0dce2a", "splittingValue": "0.0", "children": [], "isLeaf": true, "prediction": 0.0}, {"uuid": "442c1fa4-0710-48df-8593-20696c69a034", "depth": 10, "parent_uuid": "db755841-2a2d-4f70-bed5-6f93ac0dce2a", "splittingValue": "1.0", "splittingAttirbute": "height", "children": [{"uuid": "e8f54d3c-a060-409e-a13a-45f8f787e695", "depth": 11, "parent_uuid": "442c1fa4-0710-48df-8593-20696c69a034", "splittingValue": "(0.999, 25.0]", "children": [], "isLeaf": true, "prediction": 0.0}, {"uuid": "1b3193d6-77f4-48a2-99c8-973f73e536d7", "depth": 11, "parent_uuid": "442c1fa4-0710-48df-8593-20696c69a034", "splittingValue": "(51.0, 84.0]", "splittingAttirbute": "aratio", "children": [{"uuid": "d125d5a5-4ca9-4f71-99e7-6af398e397d6", "depth": 12, "parent_uuid": "1b3193d6-77f4-48a2-99c8-973f73e536d7", "splittingValue": "(0.0005, 1.036]", "children": [], "isLeaf": true, "prediction": 1.0}, {"uuid": "cffedc59-f58c-4539-81ae-70aec619051b", "depth": 12, "parent_uuid": "1b3193d6-77f4-48a2-99c8-973f73e536d7", "splittingValue": "(1.036, 2.102]", "children": [], "isLeaf": true, "prediction": 0.0}], "isLeaf": false}, {"uuid": "71c9c410-1b76-49d2-825a-b40c10443f7c", "depth": 11, "parent_uuid": "442c1fa4-0710-48df-8593-20696c69a034", "splittingValue": "(25.0, 51.0]", "children": [], "isLeaf": true, "prediction": 0.0}], "isLeaf": false}], "isLeaf": false}, {"uuid": "85756176-47f0-48b5-affb-acf0281a8b88", "depth": 9, "parent_uuid": "7204a499-c8a0-4a78-849e-8a0bdf6de76d", "splittingValue": "1.0", "splittingAttirbute": "url.images", "children": [{"uuid": "49f024ee-9e7c-43ce-bead-952308233738", "depth": 10, "parent_uuid": "85756176-47f0-48b5-affb-acf0281a8b88", "splittingValue": "0.0", "children": [], "isLeaf": true, "prediction": 0.0}, {"uuid": "8ea29241-45e6-4f8a-bf21-6a3b0b8d2842", "depth": 10, "parent_uuid": "85756176-47f0-48b5-affb-acf0281a8b88", "splittingValue": "1.0", "children": [], "isLeaf": true, "prediction": 1.0}], "isLeaf": false}], "isLeaf": false}, {"uuid": "7ec7cd70-7c26-4268-85fb-7b41cb7a1b96", "depth": 8, "parent_uuid": "21ac383d-e725-44af-ba7d-379e3fa004e4", "splittingValue": "1.0", "splittingAttirbute": "aratio", "children": [{"uuid": "f4965075-4be8-4ef3-9658-f0a1edbbcad8", "depth": 9, "parent_uuid": "7ec7cd70-7c26-4268-85fb-7b41cb7a1b96", "splittingValue": "(2.102, 5.333]", "children": [], "isLeaf": true, "prediction": 1.0}, {"uuid": "2b7bf7d4-dfcc-4e26-b92d-619856278e99", "depth": 9, "parent_uuid": "7ec7cd70-7c26-4268-85fb-7b41cb7a1b96", "splittingValue": "(0.0005, 1.036]", "children": [], "isLeaf": true, "prediction": 0.0}, {"uuid": "66e51fef-da24-44b8-91c6-b0808a6d798c", "depth": 9, "parent_uuid": "7ec7cd70-7c26-4268-85fb-7b41cb7a1b96", "splittingValue": "(1.036, 2.102]", "children": [], "isLeaf": true, "prediction": 0.0}], "isLeaf": false}], "isLeaf": false}, {"uuid": "a008bb85-cafa-4ecf-821a-be11bae44ee9", "depth": 7, "parent_uuid": "0ab29576-b820-4056-83a5-6fd6e5bc1eb5", "splittingValue": "1.0", "children": [], "isLeaf": true, "prediction": 1.0}], "isLeaf": false}, {"uuid": "355d44b0-9a63-4262-b939-1fc36a48de74", "depth": 6, "parent_uuid": "c698ca83-d964-4107-9123-c5e9ba38b5d3", "splittingValue": "1.0", "children": [], "isLeaf": true, "prediction": 1.0}], "isLeaf": false}, {"uuid": "111f7d9f-4afb-47d8-89c5-133fc78a418d", "depth": 5, "parent_uuid": "54d42729-0f83-4634-b013-d5d1910e0a78", "splittingValue": "1.0", "children": [], "isLeaf": true, "prediction": 1.0}], "isLeaf": false}, {"uuid": "dd9ac3de-83ac-482c-862d-1dd8f4490e91", "depth": 4, "parent_uuid": "81f46748-6ccc-4ab0-9cb4-c7c8d3e5384c", "splittingValue": "(110.0, 184.0]", "splittingAttirbute": "url.marketing", "children": [{"uuid": "7e7c3197-be9a-42f4-b821-0abfdf86c052", "depth": 5, "parent_uuid": "dd9ac3de-83ac-482c-862d-1dd8f4490e91", "splittingValue": "0.0", "splittingAttirbute": "alt.free", "children": [{"uuid": "a7f62499-3d78-40f1-8af5-874cf317fadc", "depth": 6, "parent_uuid": "7e7c3197-be9a-42f4-b821-0abfdf86c052", "splittingValue": "0.0", "splittingAttirbute": "url.doubleclick.net", "children": [{"uuid": "29575100-263a-4b36-b1a1-059bc1bce332", "depth": 7, "parent_uuid": "a7f62499-3d78-40f1-8af5-874cf317fadc", "splittingValue": "0.0", "splittingAttirbute": "url.time.1998", "children": [{"uuid": "fd3aea89-0023-46f4-acd0-2d2d5ec20f9d", "depth": 8, "parent_uuid": "29575100-263a-4b36-b1a1-059bc1bce332", "splittingValue": "0.0", "splittingAttirbute": "url.home.netscape.com", "children": [{"uuid": "e3f41521-6d99-4e9f-84f7-791be36da3da", "depth": 9, "parent_uuid": "fd3aea89-0023-46f4-acd0-2d2d5ec20f9d", "splittingValue": "0.0", "splittingAttirbute": "url.thejeep.com", "children": [{"uuid": "a2b42c1f-7582-4b04-8eab-fb9f834fd226", "depth": 10, "parent_uuid": "e3f41521-6d99-4e9f-84f7-791be36da3da", "splittingValue": "0.0", "splittingAttirbute": "url.bin", "children": [{"uuid": "04d42453-ea47-4e59-91e7-ee885da36f5c", "depth": 11, "parent_uuid": "a2b42c1f-7582-4b04-8eab-fb9f834fd226", "splittingValue": "0.0", "splittingAttirbute": "url.graphics", "children": [{"uuid": "db90f5f9-ee03-4d60-b690-08771f5e3e90", "depth": 12, "parent_uuid": "04d42453-ea47-4e59-91e7-ee885da36f5c", "splittingValue": "0.0", "splittingAttirbute": "alt.site", "children": [{"uuid": "6598bbb4-08e6-46aa-bb74-7eceee56d9db", "depth": 13, "parent_uuid": "db90f5f9-ee03-4d60-b690-08771f5e3e90", "splittingValue": "0.0", "children": [], "isLeaf": true, "prediction": 0.0}, {"uuid": "aeef551f-829e-4d45-9e00-a0b00185dd0c", "depth": 13, "parent_uuid": "db90f5f9-ee03-4d60-b690-08771f5e3e90", "splittingValue": "1.0", "splittingAttirbute": "url.images", "children": [{"uuid": "af5dddb4-b4e0-4ac7-b515-59dde9540600", "depth": 14, "parent_uuid": "aeef551f-829e-4d45-9e00-a0b00185dd0c", "splittingValue": "0.0", "children": [], "isLeaf": true, "prediction": 0.0}, {"uuid": "49745a9d-6071-49f0-8b08-4ee5fd92f2c1", "depth": 14, "parent_uuid": "aeef551f-829e-4d45-9e00-a0b00185dd0c", "splittingValue": "1.0", "splittingAttirbute": "height", "children": [{"uuid": "25e1e017-3195-4862-b962-43b55740190b", "depth": 15, "parent_uuid": "49745a9d-6071-49f0-8b08-4ee5fd92f2c1", "splittingValue": "(25.0, 51.0]", "children": [], "isLeaf": true, "prediction": 0.0}, {"uuid": "514afeef-c5b5-4b41-ba3f-6a3f4a0b29fc", "depth": 15, "parent_uuid": "49745a9d-6071-49f0-8b08-4ee5fd92f2c1", "splittingValue": "(84.0, 640.0]", "children": [], "isLeaf": true, "prediction": 1.0}], "isLeaf": false}], "isLeaf": false}], "isLeaf": false}, {"uuid": "ad3e0833-baec-4e7a-8156-31f1d0227061", "depth": 12, "parent_uuid": "04d42453-ea47-4e59-91e7-ee885da36f5c", "splittingValue": "1.0", "splittingAttirbute": "height", "children": [{"uuid": "c48b9785-b91a-42ea-85a6-8748b5230d32", "depth": 13, "parent_uuid": "ad3e0833-baec-4e7a-8156-31f1d0227061", "splittingValue": "(25.0, 51.0]", "children": [], "isLeaf": true, "prediction": 0.0}, {"uuid": "ab90573c-da89-44a5-89f6-68ad45b36b0b", "depth": 13, "parent_uuid": "ad3e0833-baec-4e7a-8156-31f1d0227061", "splittingValue": "(84.0, 640.0]", "children": [], "isLeaf": true, "prediction": 0.0}, {"uuid": "afa1000e-883b-42e8-b1ca-339ffe4893f2", "depth": 13, "parent_uuid": "ad3e0833-baec-4e7a-8156-31f1d0227061", "splittingValue": "(0.999, 25.0]", "children": [], "isLeaf": true, "prediction": 0.0}, {"uuid": "e82bf38e-93a3-41cb-87a2-7f6bc734cf09", "depth": 13, "parent_uuid": "ad3e0833-baec-4e7a-8156-31f1d0227061", "splittingValue": "(51.0, 84.0]", "children": [], "isLeaf": true, "prediction": 1.0}], "isLeaf": false}], "isLeaf": false}, {"uuid": "0653d5f7-8d0b-45e3-901a-4a10e5e8ce06", "depth": 11, "parent_uuid": "a2b42c1f-7582-4b04-8eab-fb9f834fd226", "splittingValue": "1.0", "children": [], "isLeaf": true, "prediction": 1.0}], "isLeaf": false}, {"uuid": "0c09f6ed-29ed-46fb-a39a-75db20664a46", "depth": 10, "parent_uuid": "e3f41521-6d99-4e9f-84f7-791be36da3da", "splittingValue": "1.0", "children": [], "isLeaf": true, "prediction": 1.0}], "isLeaf": false}, {"uuid": "083b0d2a-3306-4bf6-9f73-6cb5c52e3282", "depth": 9, "parent_uuid": "fd3aea89-0023-46f4-acd0-2d2d5ec20f9d", "splittingValue": "1.0", "children": [], "isLeaf": true, "prediction": 1.0}], "isLeaf": false}, {"uuid": "92e4ef16-9066-475e-a890-7ddb55f53883", "depth": 8, "parent_uuid": "29575100-263a-4b36-b1a1-059bc1bce332", "splittingValue": "1.0", "children": [], "isLeaf": true, "prediction": 1.0}], "isLeaf": false}, {"uuid": "f754a31b-519f-478b-bcb8-5d71efe62fa9", "depth": 7, "parent_uuid": "a7f62499-3d78-40f1-8af5-874cf317fadc", "splittingValue": "1.0", "children": [], "isLeaf": true, "prediction": 1.0}], "isLeaf": false}, {"uuid": "58c5957d-c47e-478e-9f03-84b66249d541", "depth": 6, "parent_uuid": "7e7c3197-be9a-42f4-b821-0abfdf86c052", "splittingValue": "1.0", "children": [], "isLeaf": true, "prediction": 1.0}], "isLeaf": false}, {"uuid": "b31ab48e-b982-45e2-8a19-e211fb9bdb91", "depth": 5, "parent_uuid": "dd9ac3de-83ac-482c-862d-1dd8f4490e91", "splittingValue": "1.0", "splittingAttirbute": "height", "children": [{"uuid": "c69f3c42-8538-4a2f-9b55-02670e30af1e", "depth": 6, "parent_uuid": "b31ab48e-b982-45e2-8a19-e211fb9bdb91", "splittingValue": "(25.0, 51.0]", "children": [], "isLeaf": true, "prediction": 1.0}, {"uuid": "e5703373-1cf6-41a7-b104-3ea276a6e97d", "depth": 6, "parent_uuid": "b31ab48e-b982-45e2-8a19-e211fb9bdb91", "splittingValue": "(0.999, 25.0]", "children": [], "isLeaf": true, "prediction": 0.0}], "isLeaf": false}], "isLeaf": false}], "isLeaf": false}, {"uuid": "4962a3fc-8f2a-4be2-ae4b-91683959cd80", "depth": 3, "parent_uuid": "f62c10cb-f238-4df5-9637-d563fa817e31", "splittingValue": "1.0", "splittingAttirbute": "width", "children": [{"uuid": "d1fae241-cc74-44d5-b888-d1df35be7243", "depth": 4, "parent_uuid": "4962a3fc-8f2a-4be2-ae4b-91683959cd80", "splittingValue": "(184.0, 640.0]", "children": [], "isLeaf": true, "prediction": 1.0}, {"uuid": "9758a682-65d7-491d-a28c-d1c68d16fbff", "depth": 4, "parent_uuid": "4962a3fc-8f2a-4be2-ae4b-91683959cd80", "splittingValue": "(110.0, 184.0]", "children": [], "isLeaf": true, "prediction": 1.0}, {"uuid": "c7ca2e23-8a98-4ec0-b92b-578aea829c44", "depth": 4, "parent_uuid": "4962a3fc-8f2a-4be2-ae4b-91683959cd80", "splittingValue": "(81.0, 110.0]", "splittingAttirbute": "local", "children": [{"uuid": "ae51624f-32aa-4542-8017-0af5447efc83", "depth": 5, "parent_uuid": "c7ca2e23-8a98-4ec0-b92b-578aea829c44", "splittingValue": "1.0", "children": [], "isLeaf": true, "prediction": 1.0}, {"uuid": "0407d68c-4ecd-47f9-9c6e-e4e68860c504", "depth": 5, "parent_uuid": "c7ca2e23-8a98-4ec0-b92b-578aea829c44", "splittingValue": "0.0", "children": [], "isLeaf": true, "prediction": 0.0}], "isLeaf": false}, {"uuid": "9dd19c68-f6c7-4ce2-9f8c-e1caa41bec0b", "depth": 4, "parent_uuid": "4962a3fc-8f2a-4be2-ae4b-91683959cd80", "splittingValue": "(0.999, 81.0]", "children": [], "isLeaf": true, "prediction": 0.0}], "isLeaf": false}], "isLeaf": false}, {"uuid": "abc8d3a8-1a50-4cfb-8024-7a972ba1ff7c", "depth": 2, "parent_uuid": "2cfae8f9-3544-495d-8d8f-5421a5ba1f9a", "splittingValue": "1.0", "splittingAttirbute": "url.members.tripod.com", "children": [{"uuid": "27930a30-756b-4455-8e75-3b33ad12ea41", "depth": 3, "parent_uuid": "abc8d3a8-1a50-4cfb-8024-7a972ba1ff7c", "splittingValue": "0.0", "splittingAttirbute": "ancurl.news", "children": [{"uuid": "59a213e1-1aea-4068-a668-f2139b0909ea", "depth": 4, "parent_uuid": "27930a30-756b-4455-8e75-3b33ad12ea41", "splittingValue": "0.0", "splittingAttirbute": "origurl.4301.misfits2", "children": [{"uuid": "90e29f91-4fd6-46a0-8b32-60bff80591f1", "depth": 5, "parent_uuid": "59a213e1-1aea-4068-a668-f2139b0909ea", "splittingValue": "0.0", "children": [], "isLeaf": true, "prediction": 1.0}, {"uuid": "7b0f80b4-ae9b-4f48-a69d-d70bad41c266", "depth": 5, "parent_uuid": "59a213e1-1aea-4068-a668-f2139b0909ea", "splittingValue": "1.0", "children": [], "isLeaf": true, "prediction": 0.0}], "isLeaf": false}, {"uuid": "56348505-768e-4dd5-9a24-144dc9b20f5c", "depth": 4, "parent_uuid": "27930a30-756b-4455-8e75-3b33ad12ea41", "splittingValue": "1.0", "children": [], "isLeaf": true, "prediction": 0.0}], "isLeaf": false}, {"uuid": "a114ba2b-9272-4bd3-8075-6ec504cef01d", "depth": 3, "parent_uuid": "abc8d3a8-1a50-4cfb-8024-7a972ba1ff7c", "splittingValue": "1.0", "children": [], "isLeaf": true, "prediction": 0.0}], "isLeaf": false}], "isLeaf": false}