{"uuid": "24fb5c8e-26af-4f86-b582-770a9468deee", "depth": 1, "splittingAttirbute": "ancurl.com", "children": [{"uuid": "c76acf1e-ccaf-48c5-a110-0c2aff629553", "depth": 2, "parent_uuid": "24fb5c8e-26af-4f86-b582-770a9468deee", "splittingValue": "0.0", "splittingAttirbute": "width", "children": [{"uuid": "9a12a268-ef92-417d-aca9-b1ad0ab1b907", "depth": 3, "parent_uuid": "c76acf1e-ccaf-48c5-a110-0c2aff629553", "splittingValue": "(81.0, 110.0]", "splittingAttirbute": "url.ads.media", "children": [{"uuid": "b801521a-9363-4b4c-a6b7-5f101c1f16f3", "depth": 4, "parent_uuid": "9a12a268-ef92-417d-aca9-b1ad0ab1b907", "splittingValue": "0.0", "splittingAttirbute": "ancurl.exe", "children": [{"uuid": "3d930db7-80cf-4eb0-b0e1-5345edaa9760", "depth": 5, "parent_uuid": "b801521a-9363-4b4c-a6b7-5f101c1f16f3", "splittingValue": "0.0", "splittingAttirbute": "ancurl.click", "children": [{"uuid": "bf060eed-dd7d-4141-bf86-adc7fa36f39c", "depth": 6, "parent_uuid": "3d930db7-80cf-4eb0-b0e1-5345edaa9760", "splittingValue": "0.0", "splittingAttirbute": "ancurl.main", "children": [{"uuid": "d243d59a-bab5-4322-9e9d-80b78cca75ae", "depth": 7, "parent_uuid": "bf060eed-dd7d-4141-bf86-adc7fa36f39c", "splittingValue": "0.0", "splittingAttirbute": "url.doubleclick.net", "children": [{"uuid": "2ce4f291-3787-466a-a329-a84bdf70ffd0", "depth": 8, "parent_uuid": "d243d59a-bab5-4322-9e9d-80b78cca75ae", "splittingValue": "0.0", "splittingAttirbute": "origurl.www.thriveonline.com", "children": [{"uuid": "9f445288-d1d8-47e1-9691-9eda55a7472e", "depth": 9, "parent_uuid": "2ce4f291-3787-466a-a329-a84bdf70ffd0", "splittingValue": "0.0", "splittingAttirbute": "alt.out", "children": [{"uuid": "4b115633-7f61-4be9-9d25-161808f8d3cd", "depth": 10, "parent_uuid": "9f445288-d1d8-47e1-9691-9eda55a7472e", "splittingValue": "0.0", "splittingAttirbute": "url.logo.gif", "children": [{"uuid": "664d5e52-a0ba-4eaf-84f3-b5f33cc942df", "depth": 11, "parent_uuid": "4b115633-7f61-4be9-9d25-161808f8d3cd", "splittingValue": "0.0", "splittingAttirbute": "local", "children": [{"uuid": "6077f207-647a-4b37-9929-8503aaa8d14b", "depth": 12, "parent_uuid": "664d5e52-a0ba-4eaf-84f3-b5f33cc942df", "splittingValue": "0.0", "splittingAttirbute": "url.images", "children": [{"uuid": "837902db-bb41-4434-854d-facd26690e27", "depth": 13, "parent_uuid": "6077f207-647a-4b37-9929-8503aaa8d14b", "splittingValue": "0.0", "children": [], "isLeaf": true, "prediction": 0.0}, {"uuid": "df447811-665d-4e2e-b144-1913922854a5", "depth": 13, "parent_uuid": "6077f207-647a-4b37-9929-8503aaa8d14b", "splittingValue": "1.0", "splittingAttirbute": "height", "children": [{"uuid": "9f2d337a-fd74-4743-b4a1-c78b7a0282d4", "depth": 14, "parent_uuid": "df447811-665d-4e2e-b144-1913922854a5", "splittingValue": "(0.999, 25.0]", "children": [], "isLeaf": true, "prediction": 0.0}, {"uuid": "0f63d8c8-a19b-4947-9fd2-18a4723cd262", "depth": 14, "parent_uuid": "df447811-665d-4e2e-b144-1913922854a5", "splittingValue": "(25.0, 51.0]", "splittingAttirbute": "ancurl.www.microsoft.com", "children": [{"uuid": "da4e6a00-cc97-45a6-81ce-ac21eefe70c2", "depth": 15, "parent_uuid": "0f63d8c8-a19b-4947-9fd2-18a4723cd262", "splittingValue": "0.0", "splittingAttirbute": "ancurl.mirror", "children": [{"uuid": "6f058373-7f5d-4c29-a815-7f7a6aac82c2", "depth": 16, "parent_uuid": "da4e6a00-cc97-45a6-81ce-ac21eefe70c2", "splittingValue": "1.0", "children": [], "isLeaf": true, "prediction": 0.0}, {"uuid": "8b3404b9-b3c7-4983-aacc-ddbb8b12ad84", "depth": 16, "parent_uuid": "da4e6a00-cc97-45a6-81ce-ac21eefe70c2", "splittingValue": "0.0", "children": [], "isLeaf": true, "prediction": 0.0}], "isLeaf": false}, {"uuid": "e06ff220-b56f-418b-86f3-e560a7d3e14a", "depth": 15, "parent_uuid": "0f63d8c8-a19b-4947-9fd2-18a4723cd262", "splittingValue": "1.0", "children": [], "isLeaf": true, "prediction": 0.0}], "isLeaf": false}, {"uuid": "6373f715-1936-414d-9278-f059a88f34fb", "depth": 14, "parent_uuid": "df447811-665d-4e2e-b144-1913922854a5", "splittingValue": "(51.0, 84.0]", "children": [], "isLeaf": true, "prediction": 0.0}], "isLeaf": false}], "isLeaf": false}, {"uuid": "52d45bbf-2fd3-4150-979c-ef5fbd94290f", "depth": 12, "parent_uuid": "664d5e52-a0ba-4eaf-84f3-b5f33cc942df", "splittingValue": "1.0", "children": [], "isLeaf": true, "prediction": 0.0}], "isLeaf": false}, {"uuid": "e1e2e624-5435-456f-99d9-2ae01b92bb2a", "depth": 11, "parent_uuid": "4b115633-7f61-4be9-9d25-161808f8d3cd", "splittingValue": "1.0", "splittingAttirbute": "height", "children": [{"uuid": "d6bdc9f0-261f-412c-84bb-27f7d1b55465", "depth": 12, "parent_uuid": "e1e2e624-5435-456f-99d9-2ae01b92bb2a", "splittingValue": "(51.0, 84.0]", "splittingAttirbute": "url.www.autotown.com", "children": [{"uuid": "b1feef31-1af3-41fd-ac24-9ce9f6952d19", "depth": 13, "parent_uuid": "d6bdc9f0-261f-412c-84bb-27f7d1b55465", "splittingValue": "1.0", "children": [], "isLeaf": true, "prediction": 0.0}, {"uuid": "c98cf0ce-bd3b-43a5-901c-9ff2fb6f6f59", "depth": 13, "parent_uuid": "d6bdc9f0-261f-412c-84bb-27f7d1b55465", "splittingValue": "0.0", "children": [], "isLeaf": true, "prediction": 1.0}], "isLeaf": false}, {"uuid": "a5e78c49-9ba4-47a7-a99a-54e766200224", "depth": 12, "parent_uuid": "e1e2e624-5435-456f-99d9-2ae01b92bb2a", "splittingValue": "(25.0, 51.0]", "children": [], "isLeaf": true, "prediction": 0.0}], "isLeaf": false}], "isLeaf": false}, {"uuid": "e17f8665-f15c-445c-a400-ce13a9980ea3", "depth": 10, "parent_uuid": "9f445288-d1d8-47e1-9691-9eda55a7472e", "splittingValue": "1.0", "children": [], "isLeaf": true, "prediction": 1.0}], "isLeaf": false}, {"uuid": "159e5ed8-c905-495d-b72d-948b04dfa1c7", "depth": 9, "parent_uuid": "2ce4f291-3787-466a-a329-a84bdf70ffd0", "splittingValue": "1.0", "children": [], "isLeaf": true, "prediction": 1.0}], "isLeaf": false}, {"uuid": "e950ffa9-038f-40b1-980c-c3bdeb36a037", "depth": 8, "parent_uuid": "d243d59a-bab5-4322-9e9d-80b78cca75ae", "splittingValue": "1.0", "children": [], "isLeaf": true, "prediction": 1.0}], "isLeaf": false}, {"uuid": "6535a1db-2b13-4e00-ab36-ef9bf99cf46d", "depth": 7, "parent_uuid": "bf060eed-dd7d-4141-bf86-adc7fa36f39c", "splittingValue": "1.0", "splittingAttirbute": "local", "children": [{"uuid": "fa20f811-c1bd-4847-8e1c-3c53ba53c4d9", "depth": 8, "parent_uuid": "6535a1db-2b13-4e00-ab36-ef9bf99cf46d", "splittingValue": "0.0", "children": [], "isLeaf": true, "prediction": 0.0}, {"uuid": "586d66cf-7061-42b1-9f4b-c339163b8950", "depth": 8, "parent_uuid": "6535a1db-2b13-4e00-ab36-ef9bf99cf46d", "splittingValue": "1.0", "children": [], "isLeaf": true, "prediction": 1.0}], "isLeaf": false}], "isLeaf": false}, {"uuid": "5940635f-d8ca-4b5a-b4ae-d3fb5fedd499", "depth": 6, "parent_uuid": "3d930db7-80cf-4eb0-b0e1-5345edaa9760", "splittingValue": "1.0", "children": [], "isLeaf": true, "prediction": 1.0}], "isLeaf": false}, {"uuid": "ae811a2d-e80b-4d12-9b1c-f3cc0c739f57", "depth": 5, "parent_uuid": "b801521a-9363-4b4c-a6b7-5f101c1f16f3", "splittingValue": "1.0", "splittingAttirbute": "ancurl.bin", "children": [{"uuid": "6e376ed3-5492-43df-b69d-31fd835dcb33", "depth": 6, "parent_uuid": "ae811a2d-e80b-4d12-9b1c-f3cc0c739f57", "splittingValue": "1.0", "children": [], "isLeaf": true, "prediction": 1.0}, {"uuid": "3b587264-66ea-4002-8d01-f80aa3b54ca2", "depth": 6, "parent_uuid": "ae811a2d-e80b-4d12-9b1c-f3cc0c739f57", "splittingValue": "0.0", "children": [], "isLeaf": true, "prediction": 0.0}], "isLeaf": false}], "isLeaf": false}, {"uuid": "d0ebd1b7-6e88-4cc8-b00f-3a145727b852", "depth": 4, "parent_uuid": "9a12a268-ef92-417d-aca9-b1ad0ab1b907", "splittingValue": "1.0", "children": [], "isLeaf": true, "prediction": 1.0}], "isLeaf": false}, {"uuid": "cc296030-d9e1-4169-a638-dc89a4a9dbde", "depth": 3, "parent_uuid": "c76acf1e-ccaf-48c5-a110-0c2aff629553", "splittingValue": "(184.0, 640.0]", "splittingAttirbute": "height", "children": [{"uuid": "178c3a29-4238-48cc-b47b-35a853d566a5", "depth": 4, "parent_uuid": "cc296030-d9e1-4169-a638-dc89a4a9dbde", "splittingValue": "(25.0, 51.0]", "splittingAttirbute": "ancurl.index.html", "children": [{"uuid": "7bae360a-32e1-4fef-95f2-a876f7b7fa9b", "depth": 5, "parent_uuid": "178c3a29-4238-48cc-b47b-35a853d566a5", "splittingValue": "0.0", "splittingAttirbute": "ancurl.bin", "children": [{"uuid": "a891c4cb-a5b9-4757-b4ca-4cc7e5c72fe8", "depth": 6, "parent_uuid": "7bae360a-32e1-4fef-95f2-a876f7b7fa9b", "splittingValue": "0.0", "splittingAttirbute": "url.thejeep.com", "children": [{"uuid": "ff00183c-bf2c-4ea7-a487-47847e5fc286", "depth": 7, "parent_uuid": "a891c4cb-a5b9-4757-b4ca-4cc7e5c72fe8", "splittingValue": "0.0", "splittingAttirbute": "url.ad", "children": [{"uuid": "9bc3696e-b9b9-4e77-b0f1-553573e9a153", "depth": 8, "parent_uuid": "ff00183c-bf2c-4ea7-a487-47847e5fc286", "splittingValue": "0.0", "splittingAttirbute": "ancurl.plx", "children": [{"uuid": "2817c272-5240-4632-b1f2-fdfd151ab709", "depth": 9, "parent_uuid": "9bc3696e-b9b9-4e77-b0f1-553573e9a153", "splittingValue": "0.0", "splittingAttirbute": "url.ng.spacedesc", "children": [{"uuid": "846415af-24c3-49be-b15f-f31a1a6b5fc0", "depth": 10, "parent_uuid": "2817c272-5240-4632-b1f2-fdfd151ab709", "splittingValue": "0.0", "splittingAttirbute": "url.valley", "children": [{"uuid": "0db0fde1-0e23-4174-a190-415c7d1ce85d", "depth": 11, "parent_uuid": "846415af-24c3-49be-b15f-f31a1a6b5fc0", "splittingValue": "0.0", "splittingAttirbute": "url.images.home", "children": [{"uuid": "36d67f77-535d-4bc7-b2b7-c0d80a331f67", "depth": 12, "parent_uuid": "0db0fde1-0e23-4174-a190-415c7d1ce85d", "splittingValue": "0.0", "splittingAttirbute": "origurl.members.tripod.com", "children": [{"uuid": "652017aa-311e-4c65-a078-e570e058b1ce", "depth": 13, "parent_uuid": "36d67f77-535d-4bc7-b2b7-c0d80a331f67", "splittingValue": "0.0", "splittingAttirbute": "ancurl.page", "children": [{"uuid": "1c8862e6-a70f-463b-aaf2-d08a220c7fa0", "depth": 14, "parent_uuid": "652017aa-311e-4c65-a078-e570e058b1ce", "splittingValue": "0.0", "splittingAttirbute": "aratio", "children": [{"uuid": "99d5fe3f-33a2-4a36-bde8-87195dfc7017", "depth": 15, "parent_uuid": "1c8862e6-a70f-463b-aaf2-d08a220c7fa0", "splittingValue": "(5.333, 60.0]", "splittingAttirbute": "url.images", "children": [{"uuid": "fac68e7a-eed6-4f92-840e-d42952bf03a5", "depth": 16, "parent_uuid": "99d5fe3f-33a2-4a36-bde8-87195dfc7017", "splittingValue": "0.0", "children": [], "isLeaf": true, "prediction": 0.0}, {"uuid": "ea572a9e-92e5-4c35-bcb4-2fcaf7f6ed45", "depth": 16, "parent_uuid": "99d5fe3f-33a2-4a36-bde8-87195dfc7017", "splittingValue": "1.0", "children": [], "isLeaf": true, "prediction": 0.0}], "isLeaf": false}, {"uuid": "9bbdc67e-5089-4185-89fe-7439000ca2d1", "depth": 15, "parent_uuid": "1c8862e6-a70f-463b-aaf2-d08a220c7fa0", "splittingValue": "(2.102, 5.333]", "children": [], "isLeaf": true, "prediction": 0.0}], "isLeaf": false}, {"uuid": "02626490-367b-4d22-b29c-e42e491c345d", "depth": 14, "parent_uuid": "652017aa-311e-4c65-a078-e570e058b1ce", "splittingValue": "1.0", "children": [], "isLeaf": true, "prediction": 1.0}], "isLeaf": false}, {"uuid": "c7e46965-b1c3-4ab0-bdaa-dd9994b6fe8b", "depth": 13, "parent_uuid": "36d67f77-535d-4bc7-b2b7-c0d80a331f67", "splittingValue": "1.0", "children": [], "isLeaf": true, "prediction": 1.0}], "isLeaf": false}, {"uuid": "931795fb-9a6c-4259-8c0e-1b7cc1959e67", "depth": 12, "parent_uuid": "0db0fde1-0e23-4174-a190-415c7d1ce85d", "splittingValue": "1.0", "children": [], "isLeaf": true, "prediction": 1.0}], "isLeaf": false}, {"uuid": "90d15726-92ac-4d62-a3b1-89f20ab1eee1", "depth": 11, "parent_uuid": "846415af-24c3-49be-b15f-f31a1a6b5fc0", "splittingValue": "1.0", "children": [], "isLeaf": true, "prediction": 1.0}], "isLeaf": false}, {"uuid": "e81223f8-a5a1-4909-8eb2-37cfcd568759", "depth": 10, "parent_uuid": "2817c272-5240-4632-b1f2-fdfd151ab709", "splittingValue": "1.0", "children": [], "isLeaf": true, "prediction": 1.0}], "isLeaf": false}, {"uuid": "5cfcfd6e-dd57-4cd2-b58f-6d6a278e3bcd", "depth": 9, "parent_uuid": "9bc3696e-b9b9-4e77-b0f1-553573e9a153", "splittingValue": "1.0", "children": [], "isLeaf": true, "prediction": 1.0}], "isLeaf": false}, {"uuid": "b3e19009-bd02-4120-9f8a-47e916c7e19f", "depth": 8, "parent_uuid": "ff00183c-bf2c-4ea7-a487-47847e5fc286", "splittingValue": "1.0", "children": [], "isLeaf": true, "prediction": 1.0}], "isLeaf": false}, {"uuid": "d9cf0611-45dd-4055-b27e-02219c15399e", "depth": 7, "parent_uuid": "a891c4cb-a5b9-4757-b4ca-4cc7e5c72fe8", "splittingValue": "1.0", "children": [], "isLeaf": true, "prediction": 1.0}], "isLeaf": false}, {"uuid": "232e4152-4385-4ce6-8d0b-b2af92b3a101", "depth": 6, "parent_uuid": "7bae360a-32e1-4fef-95f2-a876f7b7fa9b", "splittingValue": "1.0", "children": [], "isLeaf": true, "prediction": 1.0}], "isLeaf": false}, {"uuid": "2f771361-3958-484f-be2c-e55410c91a1d", "depth": 5, "parent_uuid": "178c3a29-4238-48cc-b47b-35a853d566a5", "splittingValue": "1.0", "children": [], "isLeaf": true, "prediction": 1.0}], "isLeaf": false}, {"uuid": "ba46015c-133c-498b-a36d-2ccf6dce18ab", "depth": 4, "parent_uuid": "cc296030-d9e1-4169-a638-dc89a4a9dbde", "splittingValue": "(84.0, 640.0]", "splittingAttirbute": "aratio", "children": [{"uuid": "4ea35aca-a83f-414e-a4ca-2c6788ea09d5", "depth": 5, "parent_uuid": "ba46015c-133c-498b-a36d-2ccf6dce18ab", "splittingValue": "(1.036, 2.102]", "splittingAttirbute": "ancurl.asp", "children": [{"uuid": "fcb3fb96-9413-4afb-9b8e-9982341ea534", "depth": 6, "parent_uuid": "4ea35aca-a83f-414e-a4ca-2c6788ea09d5", "splittingValue": "0.0", "children": [], "isLeaf": true, "prediction": 0.0}, {"uuid": "21ace67f-04d5-4e86-a6d4-721e64cfc409", "depth": 6, "parent_uuid": "4ea35aca-a83f-414e-a4ca-2c6788ea09d5", "splittingValue": "1.0", "children": [], "isLeaf": true, "prediction": 1.0}], "isLeaf": false}, {"uuid": "fe221a9f-f530-4ec8-87fc-488865b0f98d", "depth": 5, "parent_uuid": "ba46015c-133c-498b-a36d-2ccf6dce18ab", "splittingValue": "(0.0005, 1.036]", "children": [], "isLeaf": true, "prediction": 0.0}, {"uuid": "e8b4dc1e-e2dc-44c0-9086-af05e2f772af", "depth": 5, "parent_uuid": "ba46015c-133c-498b-a36d-2ccf6dce18ab", "splittingValue": "(2.102, 5.333]", "splittingAttirbute": "url.bossintl.com", "children": [{"uuid": "93eb7884-7e21-446b-a4b9-57a9577a96b0", "depth": 6, "parent_uuid": "e8b4dc1e-e2dc-44c0-9086-af05e2f772af", "splittingValue": "0.0", "splittingAttirbute": "origurl.index.html", "children": [{"uuid": "98bfdc4c-b704-4c65-9f78-290fe0021a05", "depth": 7, "parent_uuid": "93eb7884-7e21-446b-a4b9-57a9577a96b0", "splittingValue": "0.0", "children": [], "isLeaf": true, "prediction": 0.0}, {"uuid": "364ccf9c-a682-4f9f-b463-2020cfbe0450", "depth": 7, "parent_uuid": "93eb7884-7e21-446b-a4b9-57a9577a96b0", "splittingValue": "1.0", "children": [], "isLeaf": true, "prediction": 1.0}], "isLeaf": false}, {"uuid": "1c6dbda5-05c0-43b9-9336-785ccb99d41d", "depth": 6, "parent_uuid": "e8b4dc1e-e2dc-44c0-9086-af05e2f772af", "splittingValue": "1.0", "children": [], "isLeaf": true, "prediction": 1.0}], "isLeaf": false}, {"uuid": "0380f742-62d8-4c2c-8c29-1b1b61e06bb2", "depth": 5, "parent_uuid": "ba46015c-133c-498b-a36d-2ccf6dce18ab", "splittingValue": "(5.333, 60.0]", "children": [], "isLeaf": true, "prediction": 1.0}], "isLeaf": false}, {"uuid": "c7038978-64c8-481f-b66f-4d3d822e01ca", "depth": 4, "parent_uuid": "cc296030-d9e1-4169-a638-dc89a4a9dbde", "splittingValue": "(51.0, 84.0]", "splittingAttirbute": "aratio", "children": [{"uuid": "a9d1c4bb-80da-494e-8b01-99b7e43d582d", "depth": 5, "parent_uuid": "c7038978-64c8-481f-b66f-4d3d822e01ca", "splittingValue": "(5.333, 60.0]", "splittingAttirbute": "url.gifs", "children": [{"uuid": "8286abee-50cd-417c-ba1c-95011ffac81b", "depth": 6, "parent_uuid": "a9d1c4bb-80da-494e-8b01-99b7e43d582d", "splittingValue": "0.0", "splittingAttirbute": "url.zueri.ch", "children": [{"uuid": "3fcb11ea-416d-4156-821e-bd83cde8666a", "depth": 7, "parent_uuid": "8286abee-50cd-417c-ba1c-95011ffac81b", "splittingValue": "0.0", "splittingAttirbute": "origurl.hollywood.9662", "children": [{"uuid": "746aa79a-34ec-43e4-9d4d-542c058c65a9", "depth": 8, "parent_uuid": "3fcb11ea-416d-4156-821e-bd83cde8666a", "splittingValue": "0.0", "splittingAttirbute": "ancurl.bin", "children": [{"uuid": "0e57f14b-afc2-4719-ae34-b26afbd66e72", "depth": 9, "parent_uuid": "746aa79a-34ec-43e4-9d4d-542c058c65a9", "splittingValue": "1.0", "children": [], "isLeaf": true, "prediction": 1.0}, {"uuid": "48ecdb83-ffac-4948-86f9-48baf1b16bea", "depth": 9, "parent_uuid": "746aa79a-34ec-43e4-9d4d-542c058c65a9", "splittingValue": "0.0", "splittingAttirbute": "local", "children": [{"uuid": "c249e319-f1bc-4ff4-af9d-96f6d30ae24f", "depth": 10, "parent_uuid": "48ecdb83-ffac-4948-86f9-48baf1b16bea", "splittingValue": "1.0", "splittingAttirbute": "url.ads", "children": [{"uuid": "91d0848d-1877-4576-9a1e-6bccd8676db4", "depth": 11, "parent_uuid": "c249e319-f1bc-4ff4-af9d-96f6d30ae24f", "splittingValue": "0.0", "splittingAttirbute": "ancurl.click", "children": [{"uuid": "403faf68-cc48-4404-862c-e0cb13e80bf0", "depth": 12, "parent_uuid": "91d0848d-1877-4576-9a1e-6bccd8676db4", "splittingValue": "0.0", "splittingAttirbute": "url.geocities.com", "children": [{"uuid": "b10d91b7-fc0a-46b1-9d36-0bcb7c7d9a7a", "depth": 13, "parent_uuid": "403faf68-cc48-4404-862c-e0cb13e80bf0", "splittingValue": "0.0", "splittingAttirbute": "url.uk", "children": [{"uuid": "ace8e313-2390-449e-9c3b-d88e8e22048b", "depth": 14, "parent_uuid": "b10d91b7-fc0a-46b1-9d36-0bcb7c7d9a7a", "splittingValue": "0.0", "splittingAttirbute": "ancurl.page", "children": [{"uuid": "11887b08-5f26-402d-9f1b-0b06f97cacd7", "depth": 15, "parent_uuid": "ace8e313-2390-449e-9c3b-d88e8e22048b", "splittingValue": "0.0", "splittingAttirbute": "alt.here", "children": [{"uuid": "7a13a992-9bf1-4fe4-8109-e8ed2dafd070", "depth": 16, "parent_uuid": "11887b08-5f26-402d-9f1b-0b06f97cacd7", "splittingValue": "0.0", "children": [], "isLeaf": true, "prediction": 1.0}, {"uuid": "e1e7bdb6-92dd-4724-a160-91e999c2baa1", "depth": 16, "parent_uuid": "11887b08-5f26-402d-9f1b-0b06f97cacd7", "splittingValue": "1.0", "children": [], "isLeaf": true, "prediction": 1.0}], "isLeaf": false}, {"uuid": "13fa1de1-d9c7-444b-8a49-4046326222d7", "depth": 15, "parent_uuid": "ace8e313-2390-449e-9c3b-d88e8e22048b", "splittingValue": "1.0", "children": [], "isLeaf": true, "prediction": 1.0}], "isLeaf": false}, {"uuid": "0487c417-fd50-4899-b91a-28b9c044abe6", "depth": 14, "parent_uuid": "b10d91b7-fc0a-46b1-9d36-0bcb7c7d9a7a", "splittingValue": "1.0", "children": [], "isLeaf": true, "prediction": 1.0}], "isLeaf": false}, {"uuid": "9c797243-0a9d-4e8b-bc06-02d259be7389", "depth": 13, "parent_uuid": "403faf68-cc48-4404-862c-e0cb13e80bf0", "splittingValue": "1.0", "children": [], "isLeaf": true, "prediction": 1.0}], "isLeaf": false}, {"uuid": "ac846b5c-f021-497d-9e31-d8aaf875f07d", "depth": 12, "parent_uuid": "91d0848d-1877-4576-9a1e-6bccd8676db4", "splittingValue": "1.0", "children": [], "isLeaf": true, "prediction": 1.0}], "isLeaf": false}, {"uuid": "3ed2b5d4-94b3-4978-aea3-f7db1c88782e", "depth": 11, "parent_uuid": "c249e319-f1bc-4ff4-af9d-96f6d30ae24f", "splittingValue": "1.0", "children": [], "isLeaf": true, "prediction": 1.0}], "isLeaf": false}, {"uuid": "1d096cf6-3a71-49ee-82f7-e02bc5ecf1de", "depth": 10, "parent_uuid": "48ecdb83-ffac-4948-86f9-48baf1b16bea", "splittingValue": "0.0", "splittingAttirbute": "url.images", "children": [{"uuid": "110348d4-2910-4da1-8451-b8c02a7c45a0", "depth": 11, "parent_uuid": "1d096cf6-3a71-49ee-82f7-e02bc5ecf1de", "splittingValue": "0.0", "splittingAttirbute": "origurl.st", "children": [{"uuid": "aae13242-ae14-449a-a2ad-3086f770c7ae", "depth": 12, "parent_uuid": "110348d4-2910-4da1-8451-b8c02a7c45a0", "splittingValue": "0.0", "children": [], "isLeaf": true, "prediction": 0.0}, {"uuid": "23270b52-91e3-4e65-be3f-82ea9337bb83", "depth": 12, "parent_uuid": "110348d4-2910-4da1-8451-b8c02a7c45a0", "splittingValue": "1.0", "children": [], "isLeaf": true, "prediction": 1.0}], "isLeaf": false}, {"uuid": "82a68463-7a36-4665-8976-b6894e43a1cf", "depth": 11, "parent_uuid": "1d096cf6-3a71-49ee-82f7-e02bc5ecf1de", "splittingValue": "1.0", "children": [], "isLeaf": true, "prediction": 1.0}], "isLeaf": false}], "isLeaf": false}], "isLeaf": false}, {"uuid": "e722debe-ae3b-4ce6-8177-b0f91ca4c901", "depth": 8, "parent_uuid": "3fcb11ea-416d-4156-821e-bd83cde8666a", "splittingValue": "1.0", "children": [], "isLeaf": true, "prediction": 0.0}], "isLeaf": false}, {"uuid": "742e4398-7409-47c5-8da9-5ad68d3f9314", "depth": 7, "parent_uuid": "8286abee-50cd-417c-ba1c-95011ffac81b", "splittingValue": "1.0", "children": [], "isLeaf": true, "prediction": 0.0}], "isLeaf": false}, {"uuid": "b5f1a3bd-aefe-4991-914e-8abd674cb9c3", "depth": 6, "parent_uuid": "a9d1c4bb-80da-494e-8b01-99b7e43d582d", "splittingValue": "1.0", "children": [], "isLeaf": true, "prediction": 0.0}], "isLeaf": false}, {"uuid": "9785de63-f25a-42c3-b02f-283fd8dfd808", "depth": 5, "parent_uuid": "c7038978-64c8-481f-b66f-4d3d822e01ca", "splittingValue": "(2.102, 5.333]", "splittingAttirbute": "ancurl.redirect", "children": [{"uuid": "282cd0db-01f7-4719-8d33-51dde3514413", "depth": 6, "parent_uuid": "9785de63-f25a-42c3-b02f-283fd8dfd808", "splittingValue": "0.0", "splittingAttirbute": "url.home", "children": [{"uuid": "6b672c7f-2d18-4bbd-a5fe-a0bd20d37f01", "depth": 7, "parent_uuid": "282cd0db-01f7-4719-8d33-51dde3514413", "splittingValue": "0.0", "splittingAttirbute": "ancurl.default", "children": [{"uuid": "67ea2216-59d4-4d6d-91f3-b8529fdee8b0", "depth": 8, "parent_uuid": "6b672c7f-2d18-4bbd-a5fe-a0bd20d37f01", "splittingValue": "0.0", "children": [], "isLeaf": true, "prediction": 0.0}, {"uuid": "5e566b31-158d-4516-a1aa-07d0242d1238", "depth": 8, "parent_uuid": "6b672c7f-2d18-4bbd-a5fe-a0bd20d37f01", "splittingValue": "1.0", "children": [], "isLeaf": true, "prediction": 1.0}], "isLeaf": false}, {"uuid": "56db86f6-c447-4164-a44b-d2296bbe1c2a", "depth": 7, "parent_uuid": "282cd0db-01f7-4719-8d33-51dde3514413", "splittingValue": "1.0", "children": [], "isLeaf": true, "prediction": 1.0}], "isLeaf": false}, {"uuid": "6651d3ea-f9be-4ae6-9c2c-db0bb161c3c0", "depth": 6, "parent_uuid": "9785de63-f25a-42c3-b02f-283fd8dfd808", "splittingValue": "1.0", "splittingAttirbute": "origurl.messier", "children": [{"uuid": "f9479e90-2e05-4eb4-a5c0-4c7b4089f941", "depth": 7, "parent_uuid": "6651d3ea-f9be-4ae6-9c2c-db0bb161c3c0", "splittingValue": "0.0", "children": [], "isLeaf": true, "prediction": 1.0}, {"uuid": "2b4b2535-bd00-49dc-aaf8-ef9597b1f528", "depth": 7, "parent_uuid": "6651d3ea-f9be-4ae6-9c2c-db0bb161c3c0", "splittingValue": "1.0", "children": [], "isLeaf": true, "prediction": 0.0}], "isLeaf": false}], "isLeaf": false}], "isLeaf": false}, {"uuid": "f64b73fb-f9eb-48d7-9624-b97af12394fe", "depth": 4, "parent_uuid": "cc296030-d9e1-4169-a638-dc89a4a9dbde", "splittingValue": "(0.999, 25.0]", "splittingAttirbute": "ancurl.download", "children": [{"uuid": "d5d4a7a5-3cde-43e7-bd39-e57980ace988", "depth": 5, "parent_uuid": "f64b73fb-f9eb-48d7-9624-b97af12394fe", "splittingValue": "0.0", "children": [], "isLeaf": true, "prediction": 0.0}, {"uuid": "f3d01da5-ed32-4263-b657-c6610e86f25c", "depth": 5, "parent_uuid": "f64b73fb-f9eb-48d7-9624-b97af12394fe", "splittingValue": "1.0", "children": [], "isLeaf": true, "prediction": 1.0}], "isLeaf": false}], "isLeaf": false}, {"uuid": "42e9eff3-1e74-4b8c-b57a-ab64d781ce5c", "depth": 3, "parent_uuid": "c76acf1e-ccaf-48c5-a110-0c2aff629553", "splittingValue": "(0.999, 81.0]", "splittingAttirbute": "url.times", "children": [{"uuid": "71910962-a1d2-4976-afc5-c785d4286957", "depth": 4, "parent_uuid": "42e9eff3-1e74-4b8c-b57a-ab64d781ce5c", "splittingValue": "0.0", "splittingAttirbute": "url.it", "children": [{"uuid": "09ee21b6-e4d3-4d85-9050-d2a46bf2e0a9", "depth": 5, "parent_uuid": "71910962-a1d2-4976-afc5-c785d4286957", "splittingValue": "0.0", "splittingAttirbute": "ancurl.download", "children": [{"uuid": "32c1f304-df29-48af-9b0d-608249561a35", "depth": 6, "parent_uuid": "09ee21b6-e4d3-4d85-9050-d2a46bf2e0a9", "splittingValue": "0.0", "splittingAttirbute": "alt.here", "children": [{"uuid": "b3e8e970-f04a-4f44-940f-2cee184cd04e", "depth": 7, "parent_uuid": "32c1f304-df29-48af-9b0d-608249561a35", "splittingValue": "0.0", "children": [], "isLeaf": true, "prediction": 0.0}, {"uuid": "1f428bb8-dba3-4f30-b687-225264f92e5a", "depth": 7, "parent_uuid": "32c1f304-df29-48af-9b0d-608249561a35", "splittingValue": "1.0", "splittingAttirbute": "url.images", "children": [{"uuid": "6e591599-a317-48c5-b525-10000440417f", "depth": 8, "parent_uuid": "1f428bb8-dba3-4f30-b687-225264f92e5a", "splittingValue": "0.0", "children": [], "isLeaf": true, "prediction": 0.0}, {"uuid": "b6935a5e-b530-4199-80ea-b0b335a7aab9", "depth": 8, "parent_uuid": "1f428bb8-dba3-4f30-b687-225264f92e5a", "splittingValue": "1.0", "children": [], "isLeaf": true, "prediction": 1.0}], "isLeaf": false}], "isLeaf": false}, {"uuid": "01de4560-c6d7-49f6-a29c-82fa44d9fdf8", "depth": 6, "parent_uuid": "09ee21b6-e4d3-4d85-9050-d2a46bf2e0a9", "splittingValue": "1.0", "splittingAttirbute": "aratio", "children": [{"uuid": "f628ce10-2415-4335-9270-7061f8176d6a", "depth": 7, "parent_uuid": "01de4560-c6d7-49f6-a29c-82fa44d9fdf8", "splittingValue": "(2.102, 5.333]", "children": [], "isLeaf": true, "prediction": 1.0}, {"uuid": "614a9364-fe7e-4312-9568-340aa55a2c4a", "depth": 7, "parent_uuid": "01de4560-c6d7-49f6-a29c-82fa44d9fdf8", "splittingValue": "(0.0005, 1.036]", "children": [], "isLeaf": true, "prediction": 0.0}, {"uuid": "f26bb526-af5c-43b5-bc29-d6092c1d8789", "depth": 7, "parent_uuid": "01de4560-c6d7-49f6-a29c-82fa44d9fdf8", "splittingValue": "(1.036, 2.102]", "children": [], "isLeaf": true, "prediction": 0.0}], "isLeaf": false}], "isLeaf": false}, {"uuid": "dbb499e6-8813-47ba-b3e6-7a4f84771353", "depth": 5, "parent_uuid": "71910962-a1d2-4976-afc5-c785d4286957", "splittingValue": "1.0", "children": [], "isLeaf": true, "prediction": 1.0}], "isLeaf": false}, {"uuid": "2a5abf16-24bd-468f-b9be-896b1ec5a96e", "depth": 4, "parent_uuid": "42e9eff3-1e74-4b8c-b57a-ab64d781ce5c", "splittingValue": "1.0", "children": [], "isLeaf": true, "prediction": 1.0}], "isLeaf": false}, {"uuid": "dfd4abd1-b77d-4099-a911-cc90ce056ec4", "depth": 3, "parent_uuid": "c76acf1e-ccaf-48c5-a110-0c2aff629553", "splittingValue": "(110.0, 184.0]", "splittingAttirbute": "url.ads", "children": [{"uuid": "e7f61fe0-85cd-48cd-b206-1f2476c91e48", "depth": 4, "parent_uuid": "dfd4abd1-b77d-4099-a911-cc90ce056ec4", "splittingValue": "0.0", "splittingAttirbute": "url.doubleclick.net", "children": [{"uuid": "f4342d05-47f8-448e-b38d-49c9e6154733", "depth": 5, "parent_uuid": "e7f61fe0-85cd-48cd-b206-1f2476c91e48", "splittingValue": "0.0", "splittingAttirbute": "url.marketing", "children": [{"uuid": "fa048ff8-d27a-4528-8fb7-3dd6b1e91f90", "depth": 6, "parent_uuid": "f4342d05-47f8-448e-b38d-49c9e6154733", "splittingValue": "0.0", "splittingAttirbute": "alt.free", "children": [{"uuid": "8b4e3e63-afe4-45a3-afd7-9180d3ca95ad", "depth": 7, "parent_uuid": "fa048ff8-d27a-4528-8fb7-3dd6b1e91f90", "splittingValue": "0.0", "splittingAttirbute": "url.thejeep.com", "children": [{"uuid": "0f042614-d6a0-4ed4-982c-6408979395ca", "depth": 8, "parent_uuid": "8b4e3e63-afe4-45a3-afd7-9180d3ca95ad", "splittingValue": "0.0", "splittingAttirbute": "url.time.1998", "children": [{"uuid": "5476abc6-59c6-4ecc-88d0-09031017ab5a", "depth": 9, "parent_uuid": "0f042614-d6a0-4ed4-982c-6408979395ca", "splittingValue": "0.0", "splittingAttirbute": "url.home.netscape.com", "children": [{"uuid": "5a1ed8c5-0b42-4e4b-a111-51acb01c736b", "depth": 10, "parent_uuid": "5476abc6-59c6-4ecc-88d0-09031017ab5a", "splittingValue": "0.0", "splittingAttirbute": "url.bin", "children": [{"uuid": "ee3a8c2f-01f9-427d-8534-76dcf2cdcdfb", "depth": 11, "parent_uuid": "5a1ed8c5-0b42-4e4b-a111-51acb01c736b", "splittingValue": "0.0", "splittingAttirbute": "url.graphics", "children": [{"uuid": "7cb82709-fc91-4f76-8ab9-16208f72f857", "depth": 12, "parent_uuid": "ee3a8c2f-01f9-427d-8534-76dcf2cdcdfb", "splittingValue": "0.0", "splittingAttirbute": "alt.site", "children": [{"uuid": "ea2feb03-0330-43ca-b819-648296d09efa", "depth": 13, "parent_uuid": "7cb82709-fc91-4f76-8ab9-16208f72f857", "splittingValue": "0.0", "children": [], "isLeaf": true, "prediction": 0.0}, {"uuid": "27ad474c-ca93-41e6-b820-e58ddab6eecb", "depth": 13, "parent_uuid": "7cb82709-fc91-4f76-8ab9-16208f72f857", "splittingValue": "1.0", "splittingAttirbute": "url.images", "children": [{"uuid": "9089cb7a-35f2-4e51-b2a8-e1e96059569f", "depth": 14, "parent_uuid": "27ad474c-ca93-41e6-b820-e58ddab6eecb", "splittingValue": "0.0", "children": [], "isLeaf": true, "prediction": 0.0}, {"uuid": "f3b6ae38-8d3f-47bb-9b58-320b14833c5f", "depth": 14, "parent_uuid": "27ad474c-ca93-41e6-b820-e58ddab6eecb", "splittingValue": "1.0", "splittingAttirbute": "height", "children": [{"uuid": "e2fb1a9c-371e-4fa3-9d2e-1242246a0e98", "depth": 15, "parent_uuid": "f3b6ae38-8d3f-47bb-9b58-320b14833c5f", "splittingValue": "(25.0, 51.0]", "children": [], "isLeaf": true, "prediction": 0.0}, {"uuid": "8e930de0-b3ba-4932-9e80-28b11c7d4abc", "depth": 15, "parent_uuid": "f3b6ae38-8d3f-47bb-9b58-320b14833c5f", "splittingValue": "(84.0, 640.0]", "children": [], "isLeaf": true, "prediction": 1.0}], "isLeaf": false}], "isLeaf": false}], "isLeaf": false}, {"uuid": "b71c49cd-3513-4ac0-ae93-c58d6f6f4725", "depth": 12, "parent_uuid": "ee3a8c2f-01f9-427d-8534-76dcf2cdcdfb", "splittingValue": "1.0", "splittingAttirbute": "height", "children": [{"uuid": "a575fcbe-31d2-47db-91c2-e8e5e417a819", "depth": 13, "parent_uuid": "b71c49cd-3513-4ac0-ae93-c58d6f6f4725", "splittingValue": "(25.0, 51.0]", "children": [], "isLeaf": true, "prediction": 0.0}, {"uuid": "3bc07b61-1e21-4f8c-ae4f-0e0a5ded039f", "depth": 13, "parent_uuid": "b71c49cd-3513-4ac0-ae93-c58d6f6f4725", "splittingValue": "(84.0, 640.0]", "children": [], "isLeaf": true, "prediction": 0.0}, {"uuid": "a0a1d826-6d2d-40f4-86ae-aaea0afbebe3", "depth": 13, "parent_uuid": "b71c49cd-3513-4ac0-ae93-c58d6f6f4725", "splittingValue": "(0.999, 25.0]", "children": [], "isLeaf": true, "prediction": 0.0}, {"uuid": "4ed2a5df-1d69-42b1-b3a6-fa0fb5c6dcba", "depth": 13, "parent_uuid": "b71c49cd-3513-4ac0-ae93-c58d6f6f4725", "splittingValue": "(51.0, 84.0]", "splittingAttirbute": "url.marketplace", "children": [{"uuid": "19391326-c153-49ee-a050-ce93f341ada7", "depth": 14, "parent_uuid": "4ed2a5df-1d69-42b1-b3a6-fa0fb5c6dcba", "splittingValue": "0.0", "children": [], "isLeaf": true, "prediction": 1.0}, {"uuid": "7a2b424a-f71b-4743-a985-976a11eee935", "depth": 14, "parent_uuid": "4ed2a5df-1d69-42b1-b3a6-fa0fb5c6dcba", "splittingValue": "1.0", "children": [], "isLeaf": true, "prediction": 0.0}], "isLeaf": false}], "isLeaf": false}], "isLeaf": false}, {"uuid": "6ada19e7-210c-4736-bf53-34cea03fc415", "depth": 11, "parent_uuid": "5a1ed8c5-0b42-4e4b-a111-51acb01c736b", "splittingValue": "1.0", "children": [], "isLeaf": true, "prediction": 1.0}], "isLeaf": false}, {"uuid": "e94aac87-4298-49df-8794-4c3f7d21f911", "depth": 10, "parent_uuid": "5476abc6-59c6-4ecc-88d0-09031017ab5a", "splittingValue": "1.0", "children": [], "isLeaf": true, "prediction": 1.0}], "isLeaf": false}, {"uuid": "20051cb4-732f-461a-8908-cdc540e9462b", "depth": 9, "parent_uuid": "0f042614-d6a0-4ed4-982c-6408979395ca", "splittingValue": "1.0", "children": [], "isLeaf": true, "prediction": 1.0}], "isLeaf": false}, {"uuid": "a9526d98-b674-4a74-9b3e-30260312aa92", "depth": 8, "parent_uuid": "8b4e3e63-afe4-45a3-afd7-9180d3ca95ad", "splittingValue": "1.0", "children": [], "isLeaf": true, "prediction": 1.0}], "isLeaf": false}, {"uuid": "ebf3ee8b-e938-4d96-98f8-bb01167c9f0d", "depth": 7, "parent_uuid": "fa048ff8-d27a-4528-8fb7-3dd6b1e91f90", "splittingValue": "1.0", "splittingAttirbute": "height", "children": [{"uuid": "4834303f-e76e-4ae1-b4ac-8dee1ce0e747", "depth": 8, "parent_uuid": "ebf3ee8b-e938-4d96-98f8-bb01167c9f0d", "splittingValue": "(84.0, 640.0]", "children": [], "isLeaf": true, "prediction": 1.0}, {"uuid": "b32d2335-ff40-46ed-8d56-6d39e0524c45", "depth": 8, "parent_uuid": "ebf3ee8b-e938-4d96-98f8-bb01167c9f0d", "splittingValue": "(0.999, 25.0]", "children": [], "isLeaf": true, "prediction": 1.0}, {"uuid": "8fcb9e0d-e377-44c7-9bcf-162d4d193118", "depth": 8, "parent_uuid": "ebf3ee8b-e938-4d96-98f8-bb01167c9f0d", "splittingValue": "(51.0, 84.0]", "children": [], "isLeaf": true, "prediction": 1.0}, {"uuid": "9dfc42f1-5496-44dc-9eff-49f302abb0fe", "depth": 8, "parent_uuid": "ebf3ee8b-e938-4d96-98f8-bb01167c9f0d", "splittingValue": "(25.0, 51.0]", "children": [], "isLeaf": true, "prediction": 0.0}], "isLeaf": false}], "isLeaf": false}, {"uuid": "b0b12871-146b-4b3f-9273-a5035309d069", "depth": 6, "parent_uuid": "f4342d05-47f8-448e-b38d-49c9e6154733", "splittingValue": "1.0", "splittingAttirbute": "height", "children": [{"uuid": "c3f04347-97bf-477c-b31b-bb5e2c8018b7", "depth": 7, "parent_uuid": "b0b12871-146b-4b3f-9273-a5035309d069", "splittingValue": "(25.0, 51.0]", "splittingAttirbute": "aratio", "children": [{"uuid": "7400b590-63d0-432d-846c-96d285574cc0", "depth": 8, "parent_uuid": "c3f04347-97bf-477c-b31b-bb5e2c8018b7", "splittingValue": "(2.102, 5.333]", "splittingAttirbute": "local", "children": [{"uuid": "3e9b7643-5c66-4eb3-987b-021fc439c25d", "depth": 9, "parent_uuid": "7400b590-63d0-432d-846c-96d285574cc0", "splittingValue": "1.0", "splittingAttirbute": "url.images.buttons", "children": [{"uuid": "8321ea1f-9888-4916-8806-5e1d3e496266", "depth": 10, "parent_uuid": "3e9b7643-5c66-4eb3-987b-021fc439c25d", "splittingValue": "0.0", "splittingAttirbute": "url.likesbooks.com", "children": [{"uuid": "662c278e-5679-4a92-b533-71a127ec8261", "depth": 11, "parent_uuid": "8321ea1f-9888-4916-8806-5e1d3e496266", "splittingValue": "0.0", "splittingAttirbute": "url.www.slake.com", "children": [{"uuid": "5afe04fc-4f87-4219-90b4-9691b24b1bb6", "depth": 12, "parent_uuid": "662c278e-5679-4a92-b533-71a127ec8261", "splittingValue": "0.0", "splittingAttirbute": "url.hydrogeologist", "children": [{"uuid": "03c99f34-d6ec-4700-b6e2-4e024581a7f3", "depth": 13, "parent_uuid": "5afe04fc-4f87-4219-90b4-9691b24b1bb6", "splittingValue": "0.0", "splittingAttirbute": "url.oso", "children": [{"uuid": "acfb9a97-aea4-4375-b447-2be23e9e4af9", "depth": 14, "parent_uuid": "03c99f34-d6ec-4700-b6e2-4e024581a7f3", "splittingValue": "0.0", "splittingAttirbute": "url.media", "children": [{"uuid": "f29e71f5-6785-40c1-930f-5718584c34ba", "depth": 15, "parent_uuid": "acfb9a97-aea4-4375-b447-2be23e9e4af9", "splittingValue": "0.0", "splittingAttirbute": "url.peace.images", "children": [{"uuid": "b4b61898-4831-4dc3-be39-5ee50d955def", "depth": 16, "parent_uuid": "f29e71f5-6785-40c1-930f-5718584c34ba", "splittingValue": "0.0", "children": [], "isLeaf": true, "prediction": 1.0}], "isLeaf": false}], "isLeaf": false}], "isLeaf": false}], "isLeaf": false}], "isLeaf": false}], "isLeaf": false}], "isLeaf": false}], "isLeaf": false}], "isLeaf": false}, {"uuid": "566ede3c-b60a-4c07-ae66-b1aec716b9e3", "depth": 7, "parent_uuid": "b0b12871-146b-4b3f-9273-a5035309d069", "splittingValue": "(0.999, 25.0]", "children": [], "isLeaf": true, "prediction": 0.0}], "isLeaf": false}], "isLeaf": false}, {"uuid": "c6d0b855-1ccd-4ec0-9ec2-9888de924941", "depth": 5, "parent_uuid": "e7f61fe0-85cd-48cd-b206-1f2476c91e48", "splittingValue": "1.0", "children": [], "isLeaf": true, "prediction": 1.0}], "isLeaf": false}, {"uuid": "a0279fc2-2f6e-405e-9934-ad5026831b3f", "depth": 4, "parent_uuid": "dfd4abd1-b77d-4099-a911-cc90ce056ec4", "splittingValue": "1.0", "children": [], "isLeaf": true, "prediction": 1.0}], "isLeaf": false}], "isLeaf": false}, {"uuid": "b4e430c1-55be-42c9-bdfe-e39d43d32957", "depth": 2, "parent_uuid": "24fb5c8e-26af-4f86-b582-770a9468deee", "splittingValue": "1.0", "splittingAttirbute": "url.members.tripod.com", "children": [{"uuid": "95e916f9-cad1-4102-bc41-77244d79cba9", "depth": 3, "parent_uuid": "b4e430c1-55be-42c9-bdfe-e39d43d32957", "splittingValue": "0.0", "splittingAttirbute": "ancurl.bin.click", "children": [{"uuid": "c9fd623b-9abe-4896-81a6-94b8c44677a1", "depth": 4, "parent_uuid": "95e916f9-cad1-4102-bc41-77244d79cba9", "splittingValue": "0.0", "children": [], "isLeaf": true, "prediction": 1.0}, {"uuid": "2983395b-2d93-4d18-a1dc-841a7a2f87f7", "depth": 4, "parent_uuid": "95e916f9-cad1-4102-bc41-77244d79cba9", "splittingValue": "1.0", "splittingAttirbute": "origurl.4301.misfits2", "children": [{"uuid": "40b8b5a6-ddbc-44e2-9e17-48427399e508", "depth": 5, "parent_uuid": "2983395b-2d93-4d18-a1dc-841a7a2f87f7", "splittingValue": "0.0", "splittingAttirbute": "width", "children": [{"uuid": "58762436-5a3e-4634-95d9-cb6991bdaf46", "depth": 6, "parent_uuid": "40b8b5a6-ddbc-44e2-9e17-48427399e508", "splittingValue": "(184.0, 640.0]", "children": [], "isLeaf": true, "prediction": 1.0}, {"uuid": "9b922b11-61c2-459a-a8bb-cfdf0fa0bb62", "depth": 6, "parent_uuid": "40b8b5a6-ddbc-44e2-9e17-48427399e508", "splittingValue": "(110.0, 184.0]", "splittingAttirbute": "height", "children": [{"uuid": "0a1da47d-f36d-4122-9435-220115466953", "depth": 7, "parent_uuid": "9b922b11-61c2-459a-a8bb-cfdf0fa0bb62", "splittingValue": "(51.0, 84.0]", "splittingAttirbute": "aratio", "children": [{"uuid": "2674eceb-5e04-48c1-a08b-8e1ceca35701", "depth": 8, "parent_uuid": "0a1da47d-f36d-4122-9435-220115466953", "splittingValue": "(2.102, 5.333]", "splittingAttirbute": "local", "children": [{"uuid": "25daf255-ed2c-44f5-8d8c-08d53a77f38a", "depth": 9, "parent_uuid": "2674eceb-5e04-48c1-a08b-8e1ceca35701", "splittingValue": "1.0", "splittingAttirbute": "url.images.buttons", "children": [{"uuid": "30002dd7-1e88-45d0-9b8d-58c8879762d0", "depth": 10, "parent_uuid": "25daf255-ed2c-44f5-8d8c-08d53a77f38a", "splittingValue": "0.0", "splittingAttirbute": "url.likesbooks.com", "children": [{"uuid": "2c3acd9b-b45f-4b74-8b0c-19c1f7706b64", "depth": 11, "parent_uuid": "30002dd7-1e88-45d0-9b8d-58c8879762d0", "splittingValue": "0.0", "splittingAttirbute": "url.www.slake.com", "children": [{"uuid": "91bd9c38-e6c3-42ff-90b5-86557f974101", "depth": 12, "parent_uuid": "2c3acd9b-b45f-4b74-8b0c-19c1f7706b64", "splittingValue": "0.0", "splittingAttirbute": "url.hydrogeologist", "children": [{"uuid": "ef607471-3f10-4a8d-93ab-d4cf90817ad6", "depth": 13, "parent_uuid": "91bd9c38-e6c3-42ff-90b5-86557f974101", "splittingValue": "0.0", "splittingAttirbute": "url.oso", "children": [{"uuid": "651e1e8a-d19d-4bb1-84ec-8a1ee1f0d7c3", "depth": 14, "parent_uuid": "ef607471-3f10-4a8d-93ab-d4cf90817ad6", "splittingValue": "0.0", "splittingAttirbute": "url.media", "children": [{"uuid": "e64413c5-d2ae-4772-98ef-01f361d94550", "depth": 15, "parent_uuid": "651e1e8a-d19d-4bb1-84ec-8a1ee1f0d7c3", "splittingValue": "0.0", "splittingAttirbute": "url.peace.images", "children": [{"uuid": "8f27ac71-fad7-46ca-8842-48182dab13f5", "depth": 16, "parent_uuid": "e64413c5-d2ae-4772-98ef-01f361d94550", "splittingValue": "0.0", "children": [], "isLeaf": true, "prediction": 1.0}], "isLeaf": false}], "isLeaf": false}], "isLeaf": false}], "isLeaf": false}], "isLeaf": false}], "isLeaf": false}], "isLeaf": false}], "isLeaf": false}], "isLeaf": false}], "isLeaf": false}], "isLeaf": false}, {"uuid": "b202332d-7c4c-4432-8a29-86f8edc53a79", "depth": 5, "parent_uuid": "2983395b-2d93-4d18-a1dc-841a7a2f87f7", "splittingValue": "1.0", "children": [], "isLeaf": true, "prediction": 0.0}], "isLeaf": false}], "isLeaf": false}, {"uuid": "0de3cd2a-99d8-4752-ac54-6a7e3e8d3f18", "depth": 3, "parent_uuid": "b4e430c1-55be-42c9-bdfe-e39d43d32957", "splittingValue": "1.0", "children": [], "isLeaf": true, "prediction": 0.0}], "isLeaf": false}], "isLeaf": false}