{"uuid": "6bf27568-cd52-456c-83e8-9ed1dbd8642b", "depth": 1, "splittingAttirbute": "ancurl.com", "children": [{"uuid": "910be960-34d7-42ae-bfb2-e7c243df62c1", "depth": 2, "parent_uuid": "6bf27568-cd52-456c-83e8-9ed1dbd8642b", "splittingValue": "0.0", "splittingAttirbute": "width", "children": [{"uuid": "278250ba-43a7-40d8-a0c9-05a5be00c6e5", "depth": 3, "parent_uuid": "910be960-34d7-42ae-bfb2-e7c243df62c1", "splittingValue": "(81.0, 110.0]", "splittingAttirbute": "url.ads", "children": [{"uuid": "3c1d89fa-ec0a-47a8-a710-2dad70e8fadb", "depth": 4, "parent_uuid": "278250ba-43a7-40d8-a0c9-05a5be00c6e5", "splittingValue": "0.0", "splittingAttirbute": "ancurl.click", "children": [{"uuid": "0d42b262-6392-4097-9696-5cbbc8371760", "depth": 5, "parent_uuid": "3c1d89fa-ec0a-47a8-a710-2dad70e8fadb", "splittingValue": "0.0", "splittingAttirbute": "ancurl.main", "children": [{"uuid": "c406114c-72de-4ca5-8b02-5da0d0802c7a", "depth": 6, "parent_uuid": "0d42b262-6392-4097-9696-5cbbc8371760", "splittingValue": "0.0", "splittingAttirbute": "ancurl.exe", "children": [{"uuid": "58c5fb9e-3431-4e97-a0c8-13b30d0005cc", "depth": 7, "parent_uuid": "c406114c-72de-4ca5-8b02-5da0d0802c7a", "splittingValue": "0.0", "splittingAttirbute": "url.doubleclick.net", "children": [{"uuid": "f2d940d7-dd48-47d4-a37c-20c87d7ff9b4", "depth": 8, "parent_uuid": "58c5fb9e-3431-4e97-a0c8-13b30d0005cc", "splittingValue": "0.0", "splittingAttirbute": "origurl.www.thriveonline.com", "children": [{"uuid": "abc5038a-94e1-46d5-844a-94e41cea8a8e", "depth": 9, "parent_uuid": "f2d940d7-dd48-47d4-a37c-20c87d7ff9b4", "splittingValue": "0.0", "splittingAttirbute": "url.logo.gif", "children": [{"uuid": "98563055-5a8c-47d2-98d0-6588ca9f570d", "depth": 10, "parent_uuid": "abc5038a-94e1-46d5-844a-94e41cea8a8e", "splittingValue": "0.0", "splittingAttirbute": "alt.all", "children": [{"uuid": "e819eb72-3068-4b9a-81da-4660709349f2", "depth": 11, "parent_uuid": "98563055-5a8c-47d2-98d0-6588ca9f570d", "splittingValue": "0.0", "splittingAttirbute": "local", "children": [{"uuid": "ec4620a9-66ba-47fb-a1f3-62fa3eb0e403", "depth": 12, "parent_uuid": "e819eb72-3068-4b9a-81da-4660709349f2", "splittingValue": "1.0", "children": [], "isLeaf": true, "prediction": 0.0}, {"uuid": "8135304c-1329-4acd-b780-13e135000ff1", "depth": 12, "parent_uuid": "e819eb72-3068-4b9a-81da-4660709349f2", "splittingValue": "0.0", "splittingAttirbute": "url.images", "children": [{"uuid": "d37391ed-a999-4d12-afe4-8c122cb5dea9", "depth": 13, "parent_uuid": "8135304c-1329-4acd-b780-13e135000ff1", "splittingValue": "1.0", "splittingAttirbute": "height", "children": [{"uuid": "60c6c6b9-4b9f-493e-9b5a-bcb406c3f77f", "depth": 14, "parent_uuid": "d37391ed-a999-4d12-afe4-8c122cb5dea9", "splittingValue": "(84.0, 640.0]", "children": [], "isLeaf": true, "prediction": 0.0}, {"uuid": "0184dbbe-01cb-49c9-b819-7d8a5e5e0a81", "depth": 14, "parent_uuid": "d37391ed-a999-4d12-afe4-8c122cb5dea9", "splittingValue": "(0.999, 25.0]", "children": [], "isLeaf": true, "prediction": 0.0}, {"uuid": "40f4b6d9-0016-4e33-8b85-6bb42e5042c4", "depth": 14, "parent_uuid": "d37391ed-a999-4d12-afe4-8c122cb5dea9", "splittingValue": "(25.0, 51.0]", "splittingAttirbute": "ancurl.www.microsoft.com", "children": [{"uuid": "f7a2d34e-2558-47ae-8d47-84e1ede2a694", "depth": 15, "parent_uuid": "40f4b6d9-0016-4e33-8b85-6bb42e5042c4", "splittingValue": "0.0", "splittingAttirbute": "ancurl.mirror", "children": [{"uuid": "cb3eb03b-1a31-4916-bcaa-9a47b9474745", "depth": 16, "parent_uuid": "f7a2d34e-2558-47ae-8d47-84e1ede2a694", "splittingValue": "1.0", "children": [], "isLeaf": true, "prediction": 0.0}, {"uuid": "cccbf607-ee84-4dca-9aed-f9abf1b7ff26", "depth": 16, "parent_uuid": "f7a2d34e-2558-47ae-8d47-84e1ede2a694", "splittingValue": "0.0", "children": [], "isLeaf": true, "prediction": 0.0}], "isLeaf": false}, {"uuid": "f8db4ada-5f09-4497-a7e4-76a6ec8db817", "depth": 15, "parent_uuid": "40f4b6d9-0016-4e33-8b85-6bb42e5042c4", "splittingValue": "1.0", "children": [], "isLeaf": true, "prediction": 0.0}], "isLeaf": false}, {"uuid": "335e96ef-58e3-4f55-915b-cfeed1c95ab4", "depth": 14, "parent_uuid": "d37391ed-a999-4d12-afe4-8c122cb5dea9", "splittingValue": "(51.0, 84.0]", "children": [], "isLeaf": true, "prediction": 0.0}], "isLeaf": false}, {"uuid": "9dc22b16-9dfc-42b5-b17f-606537fcf754", "depth": 13, "parent_uuid": "8135304c-1329-4acd-b780-13e135000ff1", "splittingValue": "0.0", "children": [], "isLeaf": true, "prediction": 0.0}], "isLeaf": false}], "isLeaf": false}, {"uuid": "5242a925-9386-4d0f-a431-296ddfeff701", "depth": 11, "parent_uuid": "98563055-5a8c-47d2-98d0-6588ca9f570d", "splittingValue": "1.0", "splittingAttirbute": "height", "children": [{"uuid": "1cdf1a07-1378-4de7-b1f9-04cf1dd8052d", "depth": 12, "parent_uuid": "5242a925-9386-4d0f-a431-296ddfeff701", "splittingValue": "(51.0, 84.0]", "children": [], "isLeaf": true, "prediction": 0.0}, {"uuid": "fda026bc-9ecd-48bd-8b26-9f9954e42d65", "depth": 12, "parent_uuid": "5242a925-9386-4d0f-a431-296ddfeff701", "splittingValue": "(84.0, 640.0]", "children": [], "isLeaf": true, "prediction": 1.0}], "isLeaf": false}], "isLeaf": false}, {"uuid": "c96d2cf7-bd69-4528-ba3e-3965d289e247", "depth": 10, "parent_uuid": "abc5038a-94e1-46d5-844a-94e41cea8a8e", "splittingValue": "1.0", "splittingAttirbute": "height", "children": [{"uuid": "7dedcded-d2fb-4a38-b665-f4de9377c506", "depth": 11, "parent_uuid": "c96d2cf7-bd69-4528-ba3e-3965d289e247", "splittingValue": "(51.0, 84.0]", "children": [], "isLeaf": true, "prediction": 1.0}, {"uuid": "8856568c-e560-4583-863c-8000a159de84", "depth": 11, "parent_uuid": "c96d2cf7-bd69-4528-ba3e-3965d289e247", "splittingValue": "(25.0, 51.0]", "children": [], "isLeaf": true, "prediction": 0.0}], "isLeaf": false}], "isLeaf": false}, {"uuid": "a0aa4fa7-a4c9-45a1-bf48-37a2f024610e", "depth": 9, "parent_uuid": "f2d940d7-dd48-47d4-a37c-20c87d7ff9b4", "splittingValue": "1.0", "children": [], "isLeaf": true, "prediction": 1.0}], "isLeaf": false}, {"uuid": "63e5efc7-f10e-49aa-867b-631a7a9738c4", "depth": 8, "parent_uuid": "58c5fb9e-3431-4e97-a0c8-13b30d0005cc", "splittingValue": "1.0", "children": [], "isLeaf": true, "prediction": 1.0}], "isLeaf": false}, {"uuid": "d7018956-285f-45f8-ace3-382de984c5e6", "depth": 7, "parent_uuid": "c406114c-72de-4ca5-8b02-5da0d0802c7a", "splittingValue": "1.0", "splittingAttirbute": "url.www.adamspharmacy.com", "children": [{"uuid": "49bc0a4e-0695-487f-af2d-96ec9f83cc39", "depth": 8, "parent_uuid": "d7018956-285f-45f8-ace3-382de984c5e6", "splittingValue": "1.0", "children": [], "isLeaf": true, "prediction": 0.0}, {"uuid": "1fd11e1e-4b25-429a-a2c5-d17cf99ce0f4", "depth": 8, "parent_uuid": "d7018956-285f-45f8-ace3-382de984c5e6", "splittingValue": "0.0", "children": [], "isLeaf": true, "prediction": 1.0}], "isLeaf": false}], "isLeaf": false}, {"uuid": "b93f978d-a90a-4204-b577-d565292c9301", "depth": 6, "parent_uuid": "0d42b262-6392-4097-9696-5cbbc8371760", "splittingValue": "1.0", "splittingAttirbute": "local", "children": [{"uuid": "0f213a07-87c7-4e61-ac48-61c9b9f8df6f", "depth": 7, "parent_uuid": "b93f978d-a90a-4204-b577-d565292c9301", "splittingValue": "0.0", "children": [], "isLeaf": true, "prediction": 0.0}, {"uuid": "455d8c42-13d0-444f-a7f8-7daf81d38e8f", "depth": 7, "parent_uuid": "b93f978d-a90a-4204-b577-d565292c9301", "splittingValue": "1.0", "children": [], "isLeaf": true, "prediction": 1.0}], "isLeaf": false}], "isLeaf": false}, {"uuid": "138bcf30-8367-4712-bd45-6057fa6504b9", "depth": 5, "parent_uuid": "3c1d89fa-ec0a-47a8-a710-2dad70e8fadb", "splittingValue": "1.0", "children": [], "isLeaf": true, "prediction": 1.0}], "isLeaf": false}, {"uuid": "5d409e1a-47f2-4b0a-8714-a6c9123de06c", "depth": 4, "parent_uuid": "278250ba-43a7-40d8-a0c9-05a5be00c6e5", "splittingValue": "1.0", "splittingAttirbute": "local", "children": [{"uuid": "4fe97304-a792-4f98-af43-828fc7bc4b15", "depth": 5, "parent_uuid": "5d409e1a-47f2-4b0a-8714-a6c9123de06c", "splittingValue": "1.0", "children": [], "isLeaf": true, "prediction": 1.0}, {"uuid": "e79d4a70-8fbc-4794-bbce-f0ffcc260b54", "depth": 5, "parent_uuid": "5d409e1a-47f2-4b0a-8714-a6c9123de06c", "splittingValue": "0.0", "children": [], "isLeaf": true, "prediction": 0.0}], "isLeaf": false}], "isLeaf": false}, {"uuid": "12eb02eb-321d-4403-93c6-808a3f78c822", "depth": 3, "parent_uuid": "910be960-34d7-42ae-bfb2-e7c243df62c1", "splittingValue": "(0.999, 81.0]", "splittingAttirbute": "url.it", "children": [{"uuid": "fb7617b8-2d41-4ae8-8844-c547256e2e7e", "depth": 4, "parent_uuid": "12eb02eb-321d-4403-93c6-808a3f78c822", "splittingValue": "0.0", "splittingAttirbute": "url.ad", "children": [{"uuid": "1a901ebd-bc62-4a10-8560-57c0d1743a04", "depth": 5, "parent_uuid": "fb7617b8-2d41-4ae8-8844-c547256e2e7e", "splittingValue": "0.0", "splittingAttirbute": "height", "children": [{"uuid": "d7272de2-baa1-42ca-b403-a1e970fc9162", "depth": 6, "parent_uuid": "1a901ebd-bc62-4a10-8560-57c0d1743a04", "splittingValue": "(0.999, 25.0]", "children": [], "isLeaf": true, "prediction": 0.0}, {"uuid": "627c2727-9664-458e-bc4c-bc94cc57c60e", "depth": 6, "parent_uuid": "1a901ebd-bc62-4a10-8560-57c0d1743a04", "splittingValue": "(25.0, 51.0]", "children": [], "isLeaf": true, "prediction": 0.0}, {"uuid": "bafac6ad-179e-4325-855b-91e9dbcb881f", "depth": 6, "parent_uuid": "1a901ebd-bc62-4a10-8560-57c0d1743a04", "splittingValue": "(51.0, 84.0]", "splittingAttirbute": "alt.of", "children": [{"uuid": "e659a61a-d31e-47c3-bd76-5d2361bd713c", "depth": 7, "parent_uuid": "bafac6ad-179e-4325-855b-91e9dbcb881f", "splittingValue": "0.0", "splittingAttirbute": "alt.here", "children": [{"uuid": "3f4bf8c7-36d2-4c20-b2f3-393a3c74bc9d", "depth": 8, "parent_uuid": "e659a61a-d31e-47c3-bd76-5d2361bd713c", "splittingValue": "0.0", "children": [], "isLeaf": true, "prediction": 0.0}, {"uuid": "31b75361-9dd2-4a74-9ad1-1a077d88e23f", "depth": 8, "parent_uuid": "e659a61a-d31e-47c3-bd76-5d2361bd713c", "splittingValue": "1.0", "splittingAttirbute": "url.josefina3", "children": [{"uuid": "3ebad8a8-7515-469c-876f-a85b78fe6ffe", "depth": 9, "parent_uuid": "31b75361-9dd2-4a74-9ad1-1a077d88e23f", "splittingValue": "0.0", "children": [], "isLeaf": true, "prediction": 1.0}, {"uuid": "eafbeda2-7a4e-471e-a1bd-d0845fef5aa1", "depth": 9, "parent_uuid": "31b75361-9dd2-4a74-9ad1-1a077d88e23f", "splittingValue": "1.0", "children": [], "isLeaf": true, "prediction": 0.0}], "isLeaf": false}], "isLeaf": false}, {"uuid": "c07a1c47-a8d8-487f-bc88-af9d2fe9efff", "depth": 7, "parent_uuid": "bafac6ad-179e-4325-855b-91e9dbcb881f", "splittingValue": "1.0", "splittingAttirbute": "aratio", "children": [{"uuid": "36940d55-0ced-439c-b37c-a9e72961605a", "depth": 8, "parent_uuid": "c07a1c47-a8d8-487f-bc88-af9d2fe9efff", "splittingValue": "(0.0005, 1.036]", "children": [], "isLeaf": true, "prediction": 1.0}, {"uuid": "592f7c5e-b886-421b-a3a6-75e6ccfe3404", "depth": 8, "parent_uuid": "c07a1c47-a8d8-487f-bc88-af9d2fe9efff", "splittingValue": "(1.036, 2.102]", "children": [], "isLeaf": true, "prediction": 0.0}], "isLeaf": false}], "isLeaf": false}, {"uuid": "2496def4-bec7-4d76-9a33-450b5c3e3bc5", "depth": 6, "parent_uuid": "1a901ebd-bc62-4a10-8560-57c0d1743a04", "splittingValue": "(84.0, 640.0]", "children": [], "isLeaf": true, "prediction": 0.0}], "isLeaf": false}, {"uuid": "8374eb9b-853e-465e-9df4-b04930fea386", "depth": 5, "parent_uuid": "fb7617b8-2d41-4ae8-8844-c547256e2e7e", "splittingValue": "1.0", "splittingAttirbute": "height", "children": [{"uuid": "e3cf31cb-1f93-422d-b00b-ace8ce566dd9", "depth": 6, "parent_uuid": "8374eb9b-853e-465e-9df4-b04930fea386", "splittingValue": "(51.0, 84.0]", "children": [], "isLeaf": true, "prediction": 0.0}, {"uuid": "9ef10cc5-ce30-41ee-accd-2c33a3d897c8", "depth": 6, "parent_uuid": "8374eb9b-853e-465e-9df4-b04930fea386", "splittingValue": "(0.999, 25.0]", "children": [], "isLeaf": true, "prediction": 1.0}, {"uuid": "81be0c95-ffde-474d-a50c-410b25fd5cdf", "depth": 6, "parent_uuid": "8374eb9b-853e-465e-9df4-b04930fea386", "splittingValue": "(84.0, 640.0]", "children": [], "isLeaf": true, "prediction": 1.0}], "isLeaf": false}], "isLeaf": false}, {"uuid": "11d78a6d-b54f-4036-861d-8ca0ef57324f", "depth": 4, "parent_uuid": "12eb02eb-321d-4403-93c6-808a3f78c822", "splittingValue": "1.0", "children": [], "isLeaf": true, "prediction": 1.0}], "isLeaf": false}, {"uuid": "a7e27691-bbfa-45a6-80d4-4b0bbe68d165", "depth": 3, "parent_uuid": "910be960-34d7-42ae-bfb2-e7c243df62c1", "splittingValue": "(184.0, 640.0]", "splittingAttirbute": "height", "children": [{"uuid": "4e856976-9436-4a25-9feb-e1e4aafcb570", "depth": 4, "parent_uuid": "a7e27691-bbfa-45a6-80d4-4b0bbe68d165", "splittingValue": "(51.0, 84.0]", "splittingAttirbute": "aratio", "children": [{"uuid": "bb74e013-de14-4e91-9b91-68fabc13474c", "depth": 5, "parent_uuid": "4e856976-9436-4a25-9feb-e1e4aafcb570", "splittingValue": "(5.333, 60.0]", "splittingAttirbute": "url.gifs", "children": [{"uuid": "03f8e6d9-2b06-4349-899b-4b18775737e1", "depth": 6, "parent_uuid": "bb74e013-de14-4e91-9b91-68fabc13474c", "splittingValue": "0.0", "splittingAttirbute": "origurl.www.innotts.co.uk", "children": [{"uuid": "1e9ae52c-874d-4f00-b644-8953fd82e3e5", "depth": 7, "parent_uuid": "03f8e6d9-2b06-4349-899b-4b18775737e1", "splittingValue": "0.0", "splittingAttirbute": "origurl.hollywood.9662", "children": [{"uuid": "9f90937e-0fc9-405d-b10d-641ed63efb3b", "depth": 8, "parent_uuid": "1e9ae52c-874d-4f00-b644-8953fd82e3e5", "splittingValue": "0.0", "splittingAttirbute": "ancurl.bin", "children": [{"uuid": "ebf662a0-3a16-4a46-86bc-0b3d15add124", "depth": 9, "parent_uuid": "9f90937e-0fc9-405d-b10d-641ed63efb3b", "splittingValue": "1.0", "children": [], "isLeaf": true, "prediction": 1.0}, {"uuid": "46e3a214-2071-486d-acb9-c9595e99d645", "depth": 9, "parent_uuid": "9f90937e-0fc9-405d-b10d-641ed63efb3b", "splittingValue": "0.0", "splittingAttirbute": "alt.click", "children": [{"uuid": "30df5436-d623-4cb8-80ac-c659f1d5cff8", "depth": 10, "parent_uuid": "46e3a214-2071-486d-acb9-c9595e99d645", "splittingValue": "0.0", "splittingAttirbute": "url.images", "children": [{"uuid": "0c616af5-87ab-4efe-a4b2-69948fe93217", "depth": 11, "parent_uuid": "30df5436-d623-4cb8-80ac-c659f1d5cff8", "splittingValue": "0.0", "splittingAttirbute": "url.memberbanners", "children": [{"uuid": "bbc50c16-c28f-42b7-a2bc-40da553f4fb8", "depth": 12, "parent_uuid": "0c616af5-87ab-4efe-a4b2-69948fe93217", "splittingValue": "0.0", "splittingAttirbute": "ancurl.ng", "children": [{"uuid": "d7bf4eaa-04b6-4b2c-ad1d-216f6e63bc6c", "depth": 13, "parent_uuid": "bbc50c16-c28f-42b7-a2bc-40da553f4fb8", "splittingValue": "0.0", "splittingAttirbute": "url.doubleclick.net", "children": [{"uuid": "0ca5adfa-9bb6-48d0-b25a-3786607c8bdf", "depth": 14, "parent_uuid": "d7bf4eaa-04b6-4b2c-ad1d-216f6e63bc6c", "splittingValue": "0.0", "splittingAttirbute": "url.ads", "children": [{"uuid": "4a8c57df-21f5-4150-a630-7c9191a09804", "depth": 15, "parent_uuid": "0ca5adfa-9bb6-48d0-b25a-3786607c8bdf", "splittingValue": "0.0", "splittingAttirbute": "ancurl.page", "children": [{"uuid": "380e1790-08d8-4ccb-a743-8199d72e01c6", "depth": 16, "parent_uuid": "4a8c57df-21f5-4150-a630-7c9191a09804", "splittingValue": "0.0", "children": [], "isLeaf": true, "prediction": 1.0}, {"uuid": "50f63567-cc7c-43d4-bcd9-6a36276548c5", "depth": 16, "parent_uuid": "4a8c57df-21f5-4150-a630-7c9191a09804", "splittingValue": "1.0", "children": [], "isLeaf": true, "prediction": 1.0}], "isLeaf": false}, {"uuid": "7ec01ee3-e27f-4c2b-bd9a-c5e37d5a92f3", "depth": 15, "parent_uuid": "0ca5adfa-9bb6-48d0-b25a-3786607c8bdf", "splittingValue": "1.0", "children": [], "isLeaf": true, "prediction": 1.0}], "isLeaf": false}, {"uuid": "24879773-44f1-4334-93ed-e5850795996e", "depth": 14, "parent_uuid": "d7bf4eaa-04b6-4b2c-ad1d-216f6e63bc6c", "splittingValue": "1.0", "children": [], "isLeaf": true, "prediction": 1.0}], "isLeaf": false}, {"uuid": "27900711-b203-4540-9f19-fec4fead2960", "depth": 13, "parent_uuid": "bbc50c16-c28f-42b7-a2bc-40da553f4fb8", "splittingValue": "1.0", "children": [], "isLeaf": true, "prediction": 1.0}], "isLeaf": false}, {"uuid": "93d9e13a-eb09-4605-8e9a-b416cc455c2c", "depth": 12, "parent_uuid": "0c616af5-87ab-4efe-a4b2-69948fe93217", "splittingValue": "1.0", "children": [], "isLeaf": true, "prediction": 1.0}], "isLeaf": false}, {"uuid": "19e56293-d614-4fcc-bb32-397636b132e0", "depth": 11, "parent_uuid": "30df5436-d623-4cb8-80ac-c659f1d5cff8", "splittingValue": "1.0", "children": [], "isLeaf": true, "prediction": 1.0}], "isLeaf": false}, {"uuid": "1fe845e8-df54-493d-8831-aae6bb6813c2", "depth": 10, "parent_uuid": "46e3a214-2071-486d-acb9-c9595e99d645", "splittingValue": "1.0", "children": [], "isLeaf": true, "prediction": 1.0}], "isLeaf": false}], "isLeaf": false}, {"uuid": "be14308b-8db9-4693-ab95-f58b7d62ad1b", "depth": 8, "parent_uuid": "1e9ae52c-874d-4f00-b644-8953fd82e3e5", "splittingValue": "1.0", "children": [], "isLeaf": true, "prediction": 0.0}], "isLeaf": false}, {"uuid": "ac7e3389-3ced-4a80-8d8d-e74c3abc87bf", "depth": 7, "parent_uuid": "03f8e6d9-2b06-4349-899b-4b18775737e1", "splittingValue": "1.0", "children": [], "isLeaf": true, "prediction": 0.0}], "isLeaf": false}, {"uuid": "982ebdcf-07be-4274-845c-402694a61a0e", "depth": 6, "parent_uuid": "bb74e013-de14-4e91-9b91-68fabc13474c", "splittingValue": "1.0", "children": [], "isLeaf": true, "prediction": 0.0}], "isLeaf": false}, {"uuid": "47ef8c04-3fcd-44e2-a5a7-ff811ac525d5", "depth": 5, "parent_uuid": "4e856976-9436-4a25-9feb-e1e4aafcb570", "splittingValue": "(2.102, 5.333]", "splittingAttirbute": "ancurl.redirect", "children": [{"uuid": "a6ba248b-ccb7-4151-ab63-28486e48d948", "depth": 6, "parent_uuid": "47ef8c04-3fcd-44e2-a5a7-ff811ac525d5", "splittingValue": "0.0", "splittingAttirbute": "url.home", "children": [{"uuid": "c599b674-8226-4e2c-960f-b260cb0ea5e4", "depth": 7, "parent_uuid": "a6ba248b-ccb7-4151-ab63-28486e48d948", "splittingValue": "0.0", "splittingAttirbute": "ancurl.default", "children": [{"uuid": "87b3cff1-3ea1-451b-bd55-7c27d9f959b7", "depth": 8, "parent_uuid": "c599b674-8226-4e2c-960f-b260cb0ea5e4", "splittingValue": "0.0", "children": [], "isLeaf": true, "prediction": 0.0}, {"uuid": "bcc7579e-148d-412c-8d0a-199f2f5f14b4", "depth": 8, "parent_uuid": "c599b674-8226-4e2c-960f-b260cb0ea5e4", "splittingValue": "1.0", "children": [], "isLeaf": true, "prediction": 1.0}], "isLeaf": false}, {"uuid": "7253925e-f00c-468c-a3a8-53a8b80bea19", "depth": 7, "parent_uuid": "a6ba248b-ccb7-4151-ab63-28486e48d948", "splittingValue": "1.0", "children": [], "isLeaf": true, "prediction": 1.0}], "isLeaf": false}, {"uuid": "43bab31d-65c0-4e51-af3d-627737879bbf", "depth": 6, "parent_uuid": "47ef8c04-3fcd-44e2-a5a7-ff811ac525d5", "splittingValue": "1.0", "splittingAttirbute": "origurl.messier", "children": [{"uuid": "2f905fb0-61ea-441a-9475-c5c85a5df136", "depth": 7, "parent_uuid": "43bab31d-65c0-4e51-af3d-627737879bbf", "splittingValue": "1.0", "children": [], "isLeaf": true, "prediction": 0.0}, {"uuid": "d0495420-f249-4944-8c91-d9a1d74e6f7b", "depth": 7, "parent_uuid": "43bab31d-65c0-4e51-af3d-627737879bbf", "splittingValue": "0.0", "children": [], "isLeaf": true, "prediction": 1.0}], "isLeaf": false}], "isLeaf": false}], "isLeaf": false}, {"uuid": "5aade528-7450-4882-b755-d22fa678d7f0", "depth": 4, "parent_uuid": "a7e27691-bbfa-45a6-80d4-4b0bbe68d165", "splittingValue": "(25.0, 51.0]", "splittingAttirbute": "ancurl.bin", "children": [{"uuid": "9e7064d0-c087-4967-9591-6481c919df8b", "depth": 5, "parent_uuid": "5aade528-7450-4882-b755-d22fa678d7f0", "splittingValue": "0.0", "splittingAttirbute": "url.images.home", "children": [{"uuid": "b87245f4-1e50-4169-868f-45194c68de6d", "depth": 6, "parent_uuid": "9e7064d0-c087-4967-9591-6481c919df8b", "splittingValue": "1.0", "children": [], "isLeaf": true, "prediction": 1.0}, {"uuid": "6faa32ba-3afd-447d-b29e-12744e72d3d5", "depth": 6, "parent_uuid": "9e7064d0-c087-4967-9591-6481c919df8b", "splittingValue": "0.0", "splittingAttirbute": "alt.here", "children": [{"uuid": "ed0c2b52-c238-4e45-888e-0b7969f7735c", "depth": 7, "parent_uuid": "6faa32ba-3afd-447d-b29e-12744e72d3d5", "splittingValue": "0.0", "splittingAttirbute": "url.www.yahoo.co.uk", "children": [{"uuid": "36989b41-0a77-42b9-8162-dbf533319308", "depth": 8, "parent_uuid": "ed0c2b52-c238-4e45-888e-0b7969f7735c", "splittingValue": "0.0", "splittingAttirbute": "url.ad", "children": [{"uuid": "58c1a2a6-40e7-4995-8ee9-7fa841995558", "depth": 9, "parent_uuid": "36989b41-0a77-42b9-8162-dbf533319308", "splittingValue": "0.0", "splittingAttirbute": "ancurl.plx", "children": [{"uuid": "46f24f22-b7a7-411e-972c-9506b5a3cc01", "depth": 10, "parent_uuid": "58c1a2a6-40e7-4995-8ee9-7fa841995558", "splittingValue": "0.0", "splittingAttirbute": "url.ng.spacedesc", "children": [{"uuid": "798985d3-29b0-4de0-8c8f-56dfb74739fb", "depth": 11, "parent_uuid": "46f24f22-b7a7-411e-972c-9506b5a3cc01", "splittingValue": "0.0", "splittingAttirbute": "url.geocities.com", "children": [{"uuid": "3c8ff622-5625-4410-a412-fcbab9c5ee10", "depth": 12, "parent_uuid": "798985d3-29b0-4de0-8c8f-56dfb74739fb", "splittingValue": "0.0", "splittingAttirbute": "url.thejeep.com", "children": [{"uuid": "6d73c059-9a20-4c88-b64d-8291caf7d373", "depth": 13, "parent_uuid": "3c8ff622-5625-4410-a412-fcbab9c5ee10", "splittingValue": "0.0", "splittingAttirbute": "origurl.chapel", "children": [{"uuid": "7e6572ee-5eeb-4e32-9827-8274891f060a", "depth": 14, "parent_uuid": "6d73c059-9a20-4c88-b64d-8291caf7d373", "splittingValue": "0.0", "splittingAttirbute": "origurl.zdnet.com", "children": [{"uuid": "0dbda6ae-6fe6-44a4-8c51-ae285d5035d8", "depth": 15, "parent_uuid": "7e6572ee-5eeb-4e32-9827-8274891f060a", "splittingValue": "0.0", "splittingAttirbute": "aratio", "children": [{"uuid": "dbed03eb-a2ae-4f52-b733-f5fecbf2ef36", "depth": 16, "parent_uuid": "0dbda6ae-6fe6-44a4-8c51-ae285d5035d8", "splittingValue": "(2.102, 5.333]", "children": [], "isLeaf": true, "prediction": 0.0}, {"uuid": "1d19c206-6188-493a-80b9-71e9864df49a", "depth": 16, "parent_uuid": "0dbda6ae-6fe6-44a4-8c51-ae285d5035d8", "splittingValue": "(5.333, 60.0]", "children": [], "isLeaf": true, "prediction": 0.0}], "isLeaf": false}, {"uuid": "7dba47a2-00a1-4523-9579-8ed5f5240278", "depth": 15, "parent_uuid": "7e6572ee-5eeb-4e32-9827-8274891f060a", "splittingValue": "1.0", "children": [], "isLeaf": true, "prediction": 1.0}], "isLeaf": false}, {"uuid": "f288d3e9-a2de-4db0-8a29-437abd5920f7", "depth": 14, "parent_uuid": "6d73c059-9a20-4c88-b64d-8291caf7d373", "splittingValue": "1.0", "children": [], "isLeaf": true, "prediction": 1.0}], "isLeaf": false}, {"uuid": "f247d0fd-bb58-40bd-9533-2e0cd36d8ef7", "depth": 13, "parent_uuid": "3c8ff622-5625-4410-a412-fcbab9c5ee10", "splittingValue": "1.0", "children": [], "isLeaf": true, "prediction": 1.0}], "isLeaf": false}, {"uuid": "7aea95e6-c5a2-4049-a697-aab999dbf070", "depth": 12, "parent_uuid": "798985d3-29b0-4de0-8c8f-56dfb74739fb", "splittingValue": "1.0", "children": [], "isLeaf": true, "prediction": 1.0}], "isLeaf": false}, {"uuid": "fbf2e4df-9c76-48f1-b10c-7ac2edfac423", "depth": 11, "parent_uuid": "46f24f22-b7a7-411e-972c-9506b5a3cc01", "splittingValue": "1.0", "children": [], "isLeaf": true, "prediction": 1.0}], "isLeaf": false}, {"uuid": "1e47dbe7-dd71-4361-91f0-eaedff4dc082", "depth": 10, "parent_uuid": "58c1a2a6-40e7-4995-8ee9-7fa841995558", "splittingValue": "1.0", "children": [], "isLeaf": true, "prediction": 1.0}], "isLeaf": false}, {"uuid": "6ac7f8de-403b-46b1-9121-8657570ddb86", "depth": 9, "parent_uuid": "36989b41-0a77-42b9-8162-dbf533319308", "splittingValue": "1.0", "children": [], "isLeaf": true, "prediction": 1.0}], "isLeaf": false}, {"uuid": "d81057cd-db2f-417e-9be1-954d53e58c61", "depth": 8, "parent_uuid": "ed0c2b52-c238-4e45-888e-0b7969f7735c", "splittingValue": "1.0", "children": [], "isLeaf": true, "prediction": 1.0}], "isLeaf": false}, {"uuid": "045d7cf2-547c-4b91-970c-53d7cb483792", "depth": 7, "parent_uuid": "6faa32ba-3afd-447d-b29e-12744e72d3d5", "splittingValue": "1.0", "children": [], "isLeaf": true, "prediction": 1.0}], "isLeaf": false}], "isLeaf": false}, {"uuid": "649765f6-2bd4-4c22-9c48-5875104960e7", "depth": 5, "parent_uuid": "5aade528-7450-4882-b755-d22fa678d7f0", "splittingValue": "1.0", "children": [], "isLeaf": true, "prediction": 1.0}], "isLeaf": false}, {"uuid": "3a334434-ca84-4000-a218-a4ebdf25ba33", "depth": 4, "parent_uuid": "a7e27691-bbfa-45a6-80d4-4b0bbe68d165", "splittingValue": "(84.0, 640.0]", "splittingAttirbute": "url.bossintl.com", "children": [{"uuid": "ee5102c4-3807-4d13-a51f-e061784cef87", "depth": 5, "parent_uuid": "3a334434-ca84-4000-a218-a4ebdf25ba33", "splittingValue": "0.0", "splittingAttirbute": "ancurl.asp", "children": [{"uuid": "cff8a3c0-c7da-42aa-81b3-7740fdf5839b", "depth": 6, "parent_uuid": "ee5102c4-3807-4d13-a51f-e061784cef87", "splittingValue": "0.0", "splittingAttirbute": "origurl.index.html", "children": [{"uuid": "0b9634d1-658b-4dde-96e9-81f903c7069c", "depth": 7, "parent_uuid": "cff8a3c0-c7da-42aa-81b3-7740fdf5839b", "splittingValue": "0.0", "children": [], "isLeaf": true, "prediction": 0.0}, {"uuid": "55273010-3adf-46b0-85df-571264494095", "depth": 7, "parent_uuid": "cff8a3c0-c7da-42aa-81b3-7740fdf5839b", "splittingValue": "1.0", "splittingAttirbute": "aratio", "children": [{"uuid": "a41254ba-4760-44c0-9ef2-62a8d1a35664", "depth": 8, "parent_uuid": "55273010-3adf-46b0-85df-571264494095", "splittingValue": "(1.036, 2.102]", "children": [], "isLeaf": true, "prediction": 0.0}, {"uuid": "dd2fd580-e431-4bcb-a92c-0602f404c559", "depth": 8, "parent_uuid": "55273010-3adf-46b0-85df-571264494095", "splittingValue": "(2.102, 5.333]", "children": [], "isLeaf": true, "prediction": 1.0}], "isLeaf": false}], "isLeaf": false}, {"uuid": "179ae53f-8e0a-4ee4-b8ba-2bbee82a067e", "depth": 6, "parent_uuid": "ee5102c4-3807-4d13-a51f-e061784cef87", "splittingValue": "1.0", "children": [], "isLeaf": true, "prediction": 1.0}], "isLeaf": false}, {"uuid": "afb638d0-40de-4452-afda-79ea82a4d29e", "depth": 5, "parent_uuid": "3a334434-ca84-4000-a218-a4ebdf25ba33", "splittingValue": "1.0", "children": [], "isLeaf": true, "prediction": 1.0}], "isLeaf": false}, {"uuid": "675e6d33-5175-49c6-8f17-4b93a9b89aa5", "depth": 4, "parent_uuid": "a7e27691-bbfa-45a6-80d4-4b0bbe68d165", "splittingValue": "(0.999, 25.0]", "splittingAttirbute": "ancurl.download", "children": [{"uuid": "a3239d03-e8fd-4f83-9bdd-eb1ba6e0557f", "depth": 5, "parent_uuid": "675e6d33-5175-49c6-8f17-4b93a9b89aa5", "splittingValue": "0.0", "children": [], "isLeaf": true, "prediction": 0.0}, {"uuid": "7e5bfa8f-8823-49f7-9ddd-04e01e5e5f68", "depth": 5, "parent_uuid": "675e6d33-5175-49c6-8f17-4b93a9b89aa5", "splittingValue": "1.0", "children": [], "isLeaf": true, "prediction": 1.0}], "isLeaf": false}], "isLeaf": false}, {"uuid": "98e77e28-1cbd-4bb6-bfc6-d23a85c22ea4", "depth": 3, "parent_uuid": "910be960-34d7-42ae-bfb2-e7c243df62c1", "splittingValue": "(110.0, 184.0]", "splittingAttirbute": "url.ads", "children": [{"uuid": "f7c14442-ea71-4cca-ac04-85dac843bcb0", "depth": 4, "parent_uuid": "98e77e28-1cbd-4bb6-bfc6-d23a85c22ea4", "splittingValue": "0.0", "splittingAttirbute": "url.doubleclick.net", "children": [{"uuid": "6281686e-7b58-451d-a2a0-a2fbaf97dd55", "depth": 5, "parent_uuid": "f7c14442-ea71-4cca-ac04-85dac843bcb0", "splittingValue": "0.0", "splittingAttirbute": "url.thejeep.com", "children": [{"uuid": "a190ebf4-801c-425e-bdbb-4b878edeb418", "depth": 6, "parent_uuid": "6281686e-7b58-451d-a2a0-a2fbaf97dd55", "splittingValue": "0.0", "splittingAttirbute": "url.marketing", "children": [{"uuid": "518fbc43-9126-412c-b5ac-8d51a6b0aab6", "depth": 7, "parent_uuid": "a190ebf4-801c-425e-bdbb-4b878edeb418", "splittingValue": "0.0", "splittingAttirbute": "ancurl.redirect.cgi", "children": [{"uuid": "0e769735-bdbf-4a1c-b0eb-40afe4b55c95", "depth": 8, "parent_uuid": "518fbc43-9126-412c-b5ac-8d51a6b0aab6", "splittingValue": "0.0", "splittingAttirbute": "url.time.1998", "children": [{"uuid": "2c198ea2-d4ae-447a-bb2e-28e996a5ae4f", "depth": 9, "parent_uuid": "0e769735-bdbf-4a1c-b0eb-40afe4b55c95", "splittingValue": "0.0", "splittingAttirbute": "url.msn.com", "children": [{"uuid": "eb4e19e7-bedf-47a3-88b3-3b9b69e5ea00", "depth": 10, "parent_uuid": "2c198ea2-d4ae-447a-bb2e-28e996a5ae4f", "splittingValue": "0.0", "splittingAttirbute": "url.graphics", "children": [{"uuid": "f1ea24ea-57e3-4556-8b1d-f4d3140b654f", "depth": 11, "parent_uuid": "eb4e19e7-bedf-47a3-88b3-3b9b69e5ea00", "splittingValue": "0.0", "splittingAttirbute": "alt.site", "children": [{"uuid": "5ff88e5f-a82e-4bfb-8847-03b6a905f543", "depth": 12, "parent_uuid": "f1ea24ea-57e3-4556-8b1d-f4d3140b654f", "splittingValue": "0.0", "children": [], "isLeaf": true, "prediction": 0.0}, {"uuid": "90ffa1db-0331-46ce-a62d-7469ed36c126", "depth": 12, "parent_uuid": "f1ea24ea-57e3-4556-8b1d-f4d3140b654f", "splittingValue": "1.0", "splittingAttirbute": "url.images", "children": [{"uuid": "320a29d5-d1d8-4e10-b116-456119370633", "depth": 13, "parent_uuid": "90ffa1db-0331-46ce-a62d-7469ed36c126", "splittingValue": "0.0", "children": [], "isLeaf": true, "prediction": 0.0}, {"uuid": "9455a217-0210-4c64-b8ac-f5b9f23d5b4e", "depth": 13, "parent_uuid": "90ffa1db-0331-46ce-a62d-7469ed36c126", "splittingValue": "1.0", "splittingAttirbute": "height", "children": [{"uuid": "b3167572-ddd5-402f-ba67-857996322926", "depth": 14, "parent_uuid": "9455a217-0210-4c64-b8ac-f5b9f23d5b4e", "splittingValue": "(25.0, 51.0]", "children": [], "isLeaf": true, "prediction": 0.0}, {"uuid": "610442de-7685-4823-819b-042427da6952", "depth": 14, "parent_uuid": "9455a217-0210-4c64-b8ac-f5b9f23d5b4e", "splittingValue": "(84.0, 640.0]", "children": [], "isLeaf": true, "prediction": 1.0}], "isLeaf": false}], "isLeaf": false}], "isLeaf": false}, {"uuid": "abe118d1-4d25-4dbf-94ed-aac83a492e91", "depth": 11, "parent_uuid": "eb4e19e7-bedf-47a3-88b3-3b9b69e5ea00", "splittingValue": "1.0", "splittingAttirbute": "height", "children": [{"uuid": "9e227c72-b292-4313-9ae8-bf21a5f2cabe", "depth": 12, "parent_uuid": "abe118d1-4d25-4dbf-94ed-aac83a492e91", "splittingValue": "(0.999, 25.0]", "children": [], "isLeaf": true, "prediction": 0.0}, {"uuid": "37a54f6e-5bca-4621-8f61-ad745313c578", "depth": 12, "parent_uuid": "abe118d1-4d25-4dbf-94ed-aac83a492e91", "splittingValue": "(84.0, 640.0]", "children": [], "isLeaf": true, "prediction": 0.0}, {"uuid": "7d8326bf-ef52-4ab8-a599-0068fe1c0bea", "depth": 12, "parent_uuid": "abe118d1-4d25-4dbf-94ed-aac83a492e91", "splittingValue": "(25.0, 51.0]", "children": [], "isLeaf": true, "prediction": 0.0}, {"uuid": "794cf42a-e3b5-42ce-ae5f-dd6e9a991960", "depth": 12, "parent_uuid": "abe118d1-4d25-4dbf-94ed-aac83a492e91", "splittingValue": "(51.0, 84.0]", "splittingAttirbute": "url.marketplace", "children": [{"uuid": "5bdbbd30-c8d1-419e-8163-2e872ba6a011", "depth": 13, "parent_uuid": "794cf42a-e3b5-42ce-ae5f-dd6e9a991960", "splittingValue": "0.0", "children": [], "isLeaf": true, "prediction": 1.0}, {"uuid": "d13a7f22-1298-4a11-b421-883d9ec5894a", "depth": 13, "parent_uuid": "794cf42a-e3b5-42ce-ae5f-dd6e9a991960", "splittingValue": "1.0", "children": [], "isLeaf": true, "prediction": 0.0}], "isLeaf": false}], "isLeaf": false}], "isLeaf": false}, {"uuid": "f2a86ffd-0aa2-4213-89a9-9ce332f73931", "depth": 10, "parent_uuid": "2c198ea2-d4ae-447a-bb2e-28e996a5ae4f", "splittingValue": "1.0", "children": [], "isLeaf": true, "prediction": 1.0}], "isLeaf": false}, {"uuid": "b83f8089-2f07-4d7b-b6fe-221cc11db1de", "depth": 9, "parent_uuid": "0e769735-bdbf-4a1c-b0eb-40afe4b55c95", "splittingValue": "1.0", "children": [], "isLeaf": true, "prediction": 1.0}], "isLeaf": false}, {"uuid": "a66280b7-fec1-4e33-9b92-fa84418e3b93", "depth": 8, "parent_uuid": "518fbc43-9126-412c-b5ac-8d51a6b0aab6", "splittingValue": "1.0", "splittingAttirbute": "origurl.messier", "children": [{"uuid": "117e171b-29c4-4656-87cf-3d3d7bb28c93", "depth": 9, "parent_uuid": "a66280b7-fec1-4e33-9b92-fa84418e3b93", "splittingValue": "0.0", "children": [], "isLeaf": true, "prediction": 1.0}, {"uuid": "67ad574e-c4ff-47d8-aeea-d92c20b3c1db", "depth": 9, "parent_uuid": "a66280b7-fec1-4e33-9b92-fa84418e3b93", "splittingValue": "1.0", "children": [], "isLeaf": true, "prediction": 0.0}], "isLeaf": false}], "isLeaf": false}, {"uuid": "5e34cb5a-b247-4507-a1ea-73d2d20fadca", "depth": 7, "parent_uuid": "a190ebf4-801c-425e-bdbb-4b878edeb418", "splittingValue": "1.0", "splittingAttirbute": "height", "children": [{"uuid": "73776d6e-aec4-4958-99cb-1ca7fdcaf33c", "depth": 8, "parent_uuid": "5e34cb5a-b247-4507-a1ea-73d2d20fadca", "splittingValue": "(25.0, 51.0]", "splittingAttirbute": "aratio", "children": [{"uuid": "2db922df-1b46-428b-8cb8-93f3ab19635b", "depth": 9, "parent_uuid": "73776d6e-aec4-4958-99cb-1ca7fdcaf33c", "splittingValue": "(2.102, 5.333]", "splittingAttirbute": "local", "children": [{"uuid": "16664dd9-f80c-476e-be00-f84563fbe9d8", "depth": 10, "parent_uuid": "2db922df-1b46-428b-8cb8-93f3ab19635b", "splittingValue": "1.0", "splittingAttirbute": "url.images.buttons", "children": [{"uuid": "761fb365-a7ba-41e3-aaab-731a9bb07672", "depth": 11, "parent_uuid": "16664dd9-f80c-476e-be00-f84563fbe9d8", "splittingValue": "0.0", "splittingAttirbute": "url.likesbooks.com", "children": [{"uuid": "70d5768f-91b1-4cba-8ba7-c83dfb2448fe", "depth": 12, "parent_uuid": "761fb365-a7ba-41e3-aaab-731a9bb07672", "splittingValue": "0.0", "splittingAttirbute": "url.www.slake.com", "children": [{"uuid": "cf32ea33-1c1e-4b39-9f7d-d6bd174fa48a", "depth": 13, "parent_uuid": "70d5768f-91b1-4cba-8ba7-c83dfb2448fe", "splittingValue": "0.0", "splittingAttirbute": "url.hydrogeologist", "children": [{"uuid": "1ecad691-a596-4e08-aee2-bc44bf5c45ba", "depth": 14, "parent_uuid": "cf32ea33-1c1e-4b39-9f7d-d6bd174fa48a", "splittingValue": "0.0", "splittingAttirbute": "url.oso", "children": [{"uuid": "02141f1c-d654-48da-9f15-21ea009c0f69", "depth": 15, "parent_uuid": "1ecad691-a596-4e08-aee2-bc44bf5c45ba", "splittingValue": "0.0", "splittingAttirbute": "url.media", "children": [{"uuid": "9587228b-8356-49d6-a4e1-803125057e2b", "depth": 16, "parent_uuid": "02141f1c-d654-48da-9f15-21ea009c0f69", "splittingValue": "0.0", "children": [], "isLeaf": true, "prediction": 1.0}], "isLeaf": false}], "isLeaf": false}], "isLeaf": false}], "isLeaf": false}], "isLeaf": false}], "isLeaf": false}], "isLeaf": false}], "isLeaf": false}, {"uuid": "3c1e942f-14d1-4496-996b-c5c6ef905f7b", "depth": 8, "parent_uuid": "5e34cb5a-b247-4507-a1ea-73d2d20fadca", "splittingValue": "(0.999, 25.0]", "children": [], "isLeaf": true, "prediction": 0.0}], "isLeaf": false}], "isLeaf": false}, {"uuid": "464f5070-0542-468a-8cfa-4e75362395ae", "depth": 6, "parent_uuid": "6281686e-7b58-451d-a2a0-a2fbaf97dd55", "splittingValue": "1.0", "children": [], "isLeaf": true, "prediction": 1.0}], "isLeaf": false}, {"uuid": "93dbd851-2c7b-4142-af1d-6d9b04420667", "depth": 5, "parent_uuid": "f7c14442-ea71-4cca-ac04-85dac843bcb0", "splittingValue": "1.0", "children": [], "isLeaf": true, "prediction": 1.0}], "isLeaf": false}, {"uuid": "95ba7365-cad1-4aa5-94f3-188bef6f5cf5", "depth": 4, "parent_uuid": "98e77e28-1cbd-4bb6-bfc6-d23a85c22ea4", "splittingValue": "1.0", "children": [], "isLeaf": true, "prediction": 1.0}], "isLeaf": false}], "isLeaf": false}, {"uuid": "a04d719f-431a-4837-8ddc-d334ca2b396c", "depth": 2, "parent_uuid": "6bf27568-cd52-456c-83e8-9ed1dbd8642b", "splittingValue": "1.0", "splittingAttirbute": "url.members.tripod.com", "children": [{"uuid": "4a85dd84-4f74-4533-91c2-9734546f7528", "depth": 3, "parent_uuid": "a04d719f-431a-4837-8ddc-d334ca2b396c", "splittingValue": "0.0", "splittingAttirbute": "origurl.www.news.observer.com", "children": [{"uuid": "e1cefa43-9b0b-4b7a-bcbc-9084639c2e8d", "depth": 4, "parent_uuid": "4a85dd84-4f74-4533-91c2-9734546f7528", "splittingValue": "0.0", "splittingAttirbute": "origurl.4301.misfits2", "children": [{"uuid": "c50f1ef0-eb5c-43f4-af83-de4f0615d76d", "depth": 5, "parent_uuid": "e1cefa43-9b0b-4b7a-bcbc-9084639c2e8d", "splittingValue": "0.0", "splittingAttirbute": "url.pacific.net.sg", "children": [{"uuid": "b5cf2367-e5a8-4424-8e54-f9aa4d0a4c3d", "depth": 6, "parent_uuid": "c50f1ef0-eb5c-43f4-af83-de4f0615d76d", "splittingValue": "0.0", "children": [], "isLeaf": true, "prediction": 1.0}, {"uuid": "0aaa312d-9fbe-45c5-b2bf-dd4ff1190a6e", "depth": 6, "parent_uuid": "c50f1ef0-eb5c-43f4-af83-de4f0615d76d", "splittingValue": "1.0", "splittingAttirbute": "width", "children": [{"uuid": "1509044c-a45b-4d56-821c-90880b7eceb1", "depth": 7, "parent_uuid": "0aaa312d-9fbe-45c5-b2bf-dd4ff1190a6e", "splittingValue": "(110.0, 184.0]", "splittingAttirbute": "height", "children": [{"uuid": "8dbac4f8-7021-4ab4-a933-c2f0f0575092", "depth": 8, "parent_uuid": "1509044c-a45b-4d56-821c-90880b7eceb1", "splittingValue": "(51.0, 84.0]", "splittingAttirbute": "aratio", "children": [{"uuid": "0f1daed9-731b-438c-8b5e-25108b8d2417", "depth": 9, "parent_uuid": "8dbac4f8-7021-4ab4-a933-c2f0f0575092", "splittingValue": "(2.102, 5.333]", "splittingAttirbute": "local", "children": [{"uuid": "fcaa69d8-59be-4da6-9d54-b59cb64f52b4", "depth": 10, "parent_uuid": "0f1daed9-731b-438c-8b5e-25108b8d2417", "splittingValue": "1.0", "splittingAttirbute": "url.images.buttons", "children": [{"uuid": "b2ae5d90-ec6f-434b-9aa4-de544e7b162a", "depth": 11, "parent_uuid": "fcaa69d8-59be-4da6-9d54-b59cb64f52b4", "splittingValue": "0.0", "splittingAttirbute": "url.likesbooks.com", "children": [{"uuid": "d9cf82fc-ab23-48c5-bd7c-995c5ad7fc43", "depth": 12, "parent_uuid": "b2ae5d90-ec6f-434b-9aa4-de544e7b162a", "splittingValue": "0.0", "splittingAttirbute": "url.www.slake.com", "children": [{"uuid": "808ddd82-8328-4c55-bc45-f6b2e18a0b32", "depth": 13, "parent_uuid": "d9cf82fc-ab23-48c5-bd7c-995c5ad7fc43", "splittingValue": "0.0", "splittingAttirbute": "url.hydrogeologist", "children": [{"uuid": "6dfa69db-5095-4d2e-9b3f-c1fd69a1f719", "depth": 14, "parent_uuid": "808ddd82-8328-4c55-bc45-f6b2e18a0b32", "splittingValue": "0.0", "splittingAttirbute": "url.oso", "children": [{"uuid": "8b664bd1-9c74-4d65-8488-c4ed42530aee", "depth": 15, "parent_uuid": "6dfa69db-5095-4d2e-9b3f-c1fd69a1f719", "splittingValue": "0.0", "splittingAttirbute": "url.media", "children": [{"uuid": "b468f18b-36ce-4e07-9ee6-1384d35db30c", "depth": 16, "parent_uuid": "8b664bd1-9c74-4d65-8488-c4ed42530aee", "splittingValue": "0.0", "children": [], "isLeaf": true, "prediction": 1.0}], "isLeaf": false}], "isLeaf": false}], "isLeaf": false}], "isLeaf": false}], "isLeaf": false}], "isLeaf": false}], "isLeaf": false}], "isLeaf": false}], "isLeaf": false}, {"uuid": "9949c585-de95-49a7-8695-ef327a6410bf", "depth": 7, "parent_uuid": "0aaa312d-9fbe-45c5-b2bf-dd4ff1190a6e", "splittingValue": "(184.0, 640.0]", "children": [], "isLeaf": true, "prediction": 1.0}], "isLeaf": false}], "isLeaf": false}, {"uuid": "e9beee42-3b33-4ada-9688-99ecc62383cb", "depth": 5, "parent_uuid": "e1cefa43-9b0b-4b7a-bcbc-9084639c2e8d", "splittingValue": "1.0", "children": [], "isLeaf": true, "prediction": 0.0}], "isLeaf": false}, {"uuid": "384bcf94-ab86-4441-9904-fc734261eaa4", "depth": 4, "parent_uuid": "4a85dd84-4f74-4533-91c2-9734546f7528", "splittingValue": "1.0", "splittingAttirbute": "height", "children": [{"uuid": "2fba40aa-7900-4dd5-8499-082ec285ba37", "depth": 5, "parent_uuid": "384bcf94-ab86-4441-9904-fc734261eaa4", "splittingValue": "(51.0, 84.0]", "children": [], "isLeaf": true, "prediction": 0.0}, {"uuid": "58c53e87-698b-4dd8-8af3-b041043b2147", "depth": 5, "parent_uuid": "384bcf94-ab86-4441-9904-fc734261eaa4", "splittingValue": "(84.0, 640.0]", "children": [], "isLeaf": true, "prediction": 1.0}], "isLeaf": false}], "isLeaf": false}, {"uuid": "68501d54-9214-457d-a961-35431890660b", "depth": 3, "parent_uuid": "a04d719f-431a-4837-8ddc-d334ca2b396c", "splittingValue": "1.0", "children": [], "isLeaf": true, "prediction": 0.0}], "isLeaf": false}], "isLeaf": false}